ID tabla;Nombre de la tabla;Descripción de la tabla;ID variable;Nombre de la variable o la columna;Descripción de la variable o la columna;Tipo de llave que corresponde a la variable;Tabla a la que hace referencia la variable (si la opción de la columna anterior es igual a FK);Condición de la variable (indique si es o no campo obligatorio);Tipo de dato;Longitud de la variable;Dominios (categorías, valores permitidos);"Regla de validación
 (en lenguaje natural)";Otro tipo de chequeos;Tipo de variable;Uso de la variable;Origen de la variable
CAP_B;DBF_ENCV_590_1;A. IDENTIFICACIÓN Y B. DATOS DE LA VIVIENDA;P01_B1;DIRECTORIO;DIRECTORIO;Llave Primaria (PK);;Sí;NUMBER;22;;1. Siempre debe tener información;;Recolectada/Acopiada;Publicación no anonimizada;Encuesta Nacional de Calidad de Vida (ECV)
CAP_B;DBF_ENCV_590_1;A. IDENTIFICACIÓN Y B. DATOS DE LA VIVIENDA;P02_B1;SECUENCIA_ENCUESTA;SECUENCIA_ENCUESTA;No aplica (NA);;Sí;NUMBER;22;;1. Siempre debe tener información y debe ser 1;;Recolectada/Acopiada;Publicación no anonimizada;Encuesta Nacional de Calidad de Vida (ECV)
CAP_B;DBF_ENCV_590_1;A. IDENTIFICACIÓN Y B. DATOS DE LA VIVIENDA;P03_B1;SECUENCIA_P;SECUENCIA_P;No aplica (NA);;Sí;NUMBER;22;;1. Siempre debe tener información y debe ser 1;;Recolectada/Acopiada;Publicación no anonimizada;Encuesta Nacional de Calidad de Vida (ECV)
CAP_B;DBF_ENCV_590_1;A. IDENTIFICACIÓN Y B. DATOS DE LA VIVIENDA;P04_B1;ORDEN;ORDEN;No aplica (NA);;Sí;NUMBER;22;;1. Siempre debe tener información y debe ser 1;;Recolectada/Acopiada;Publicación no anonimizada;Encuesta Nacional de Calidad de Vida (ECV)
CAP_B;DBF_ENCV_590_1;A. IDENTIFICACIÓN Y B. DATOS DE LA VIVIENDA;P05_B1;P1_DEPARTAMENTO;Código del departamento;No aplica (NA);;Sí;VARCHAR2;2;;;;Identificación;Publicación no anonimizada;Encuesta Nacional de Calidad de Vida (ECV)
CAP_B;DBF_ENCV_590_1;A. IDENTIFICACIÓN Y B. DATOS DE LA VIVIENDA;P05_B1;P1_MUNICIPIO;Código del municipio;No aplica (NA);;Sí;VARCHAR2;3;;;;Identificación;Publicación no anonimizada;Encuesta Nacional de Calidad de Vida (ECV)
CAP_B;DBF_ENCV_590_1;A. IDENTIFICACIÓN Y B. DATOS DE LA VIVIENDA;P05_B1;REGION;Región ;No aplica (NA);;Sí;NUMBER;8;"1. Caribe
2. Oriental
3. Central
4. Pacífica
5. Bogotá
6. Antioquia
7. Valle del Cauca
8. San Andrés
9. Orinoquía - Amazonía";;;Identificación;Publicación no anonimizada;Encuesta Nacional de Calidad de Vida (ECV)
CAP_B;DBF_ENCV_590_1;A. IDENTIFICACIÓN Y B. DATOS DE LA VIVIENDA;P05_B1;FEX_C;Factor de expansión ;No aplica (NA);;Sí;NUMBER;22;;;;Nueva;Publicación no anonimizada;Encuesta Nacional de Calidad de Vida (ECV)
CAP_B;DBF_ENCV_590_1;A. IDENTIFICACIÓN Y B. DATOS DE LA VIVIENDA;P05_B1;CANT_HOG_COMPLETOS;Cantidad de hogares completos;No aplica (NA);;Sí;NUMBER;8;;;;Recolectada/Acopiada;Publicación no anonimizada;Encuesta Nacional de Calidad de Vida (ECV)
CAP_B;DBF_ENCV_590_1;A. IDENTIFICACIÓN Y B. DATOS DE LA VIVIENDA;P05_B1;CANT_HOGARES_VIVIENDA;Cantidad de viviendas en el hogar ;No aplica (NA);;Sí;NUMBER;8;;;;Recolectada/Acopiada;Publicación no anonimizada;Encuesta Nacional de Calidad de Vida (ECV)
CAP_B;DBF_ENCV_590_1;A. IDENTIFICACIÓN Y B. DATOS DE LA VIVIENDA;P07_B1;Clase;Clase;No aplica (NA);;Sí;NUMBER;22;"1 . Cabecera
2.  Centros poblados, inspección de policía o corregimientos y área rural dispera";"1. Siempre debe tener información.
2, Debe aceptar valores entre 1 y 3";;Identificación;Publicación anonimizada;Encuesta Nacional de Calidad de Vida (ECV)
CAP_B;DBF_ENCV_590_1;A. IDENTIFICACIÓN Y B. DATOS DE LA VIVIENDA;P41_B1;P2102;1. La vía de acceso a la edificación es: ;No aplica (NA);;No;NUMBER;22;"1. Sendero en camino o tierra o acceso fluvial
2. Peatonal construida
3. Vehicular destapada
4.Vehicular pavimentada";"1. Debe tener información cuando P4091=1
2. Debe aceptar valores entre 1 y 4";;Recolectada/Acopiada;Publicación no anonimizada;Encuesta Nacional de Calidad de Vida (ECV)
CAP_B;DBF_ENCV_590_1;A. IDENTIFICACIÓN Y B. DATOS DE LA VIVIENDA;P42_B1;P3155;2. ¿Cuál es el estado de la vía?;No aplica (NA);;No;NUMBER;22;"1. Bueno
2. Regular
3. Malo";"1. Debe tener información cuando P2102!= 1 
2. Debe aceptar valores entre 1 y 3";;Recolectada/Acopiada;Publicación no anonimizada;Encuesta Nacional de Calidad de Vida (ECV)
CAP_B;DBF_ENCV_590_1;A. IDENTIFICACIÓN Y B. DATOS DE LA VIVIENDA;P43_B1;P3156;3. ¿La edificación donde está ubicada la vivienda tiene andén?;No aplica (NA);;No;NUMBER;22;"1. Sí
2. No";"1. Debe tener información cuando Clase=1 y P4091=1
2. Debe aceptar valores 1 ó 2";;Recolectada/Acopiada;Publicación no anonimizada;Encuesta Nacional de Calidad de Vida (ECV)
CAP_B;DBF_ENCV_590_1;A. IDENTIFICACIÓN Y B. DATOS DE LA VIVIENDA;P44_B1;P1070;4. Tipo de vivienda;No aplica (NA);;No;NUMBER;22;"1. Casa
2. Apartamento
3. Cuarto (s)
4. Vivienda tradicional indígena
5. Otro (carpa, contenedor,  vagón, embarcación, cueva, refugio natural, etc.)";"1. Debe tener información cuando P4091=1
2. Debe aceptar valores entre 1 y 5";;Recolectada/Acopiada;Publicación no anonimizada;Encuesta Nacional de Calidad de Vida (ECV)
CAP_B;DBF_ENCV_590_1;A. IDENTIFICACIÓN Y B. DATOS DE LA VIVIENDA;P45_B2;P4005;5. Material predominante de las paredes exteriores ;No aplica (NA);;No;NUMBER;22;"1. Bloque, ladrillo, piedra, madera pulida
2. Tapia pisada, adobe
3. Bahareque revocado
4. Bahareque sin revocar
5. Madera burda, tabla, tablón
6. Material prefabricado
7. Guadua
8. Caña, esterilla, otro vegetal
9. Zinc, tela, lona, cartón, latas, desechos, plástico
10. Sin paredes";"1. Debe tener información cuando P4091=1
2. Debe aceptar valores entre 1 y 10";;Recolectada/Acopiada;Publicación no anonimizada;Encuesta Nacional de Calidad de Vida (ECV)
CAP_B;DBF_ENCV_590_1;A. IDENTIFICACIÓN Y B. DATOS DE LA VIVIENDA;P46_B2;P4015;6. Material predominante de los pisos ;No aplica (NA);;No;NUMBER;22;"1. Alfombra o tapete de pared a pared
2. Madera pulida y lacada, parqué
3. Mármol
4. Baldosa, vinilo, tableta, ladrillo, laminado
5. Madera burda, tabla o tablón, otro vegetal
6. Cemento, gravilla
7. Tierra, arena o barro";"1. Debe tener información cuando P4091=1
2. Debe aceptar valores entre 1 y 7";;Recolectada/Acopiada;Publicación no anonimizada;Encuesta Nacional de Calidad de Vida (ECV)
CAP_B;DBF_ENCV_590_1;A. IDENTIFICACIÓN Y B. DATOS DE LA VIVIENDA;P47_B2;P4567;7. ¿Cuál es el material predominante del techo o cubierta?;No aplica (NA);;No;NUMBER;22;"1. Plancha de concreto, cemento u hormigón
2. Tejas de barro
3. Teja de asbesto - cemento
4. Teja metálica o lámina de zinc
5. Teja plástica
6. Paja, palma u otros vegetales
7. Material de desecho (tela, cartón,latas, plástico, otros)";"1. Debe tener información cuando P4091=1
2. Debe aceptar valores entre 1 y 7";;Recolectada/Acopiada;Publicación no anonimizada;Encuesta Nacional de Calidad de Vida (ECV)
CAP_B;DBF_ENCV_590_1;A. IDENTIFICACIÓN Y B. DATOS DE LA VIVIENDA;P48_B2;P8520;8. ¿Con cuáles de los siguientes servicios públicos, privados o comunales cuenta la vivienda?;No aplica (NA);;No;NUMBER;22;;Pertenece al titulo de la pregunta, no guarda ningún dato;;Recolectada/Acopiada;Publicación no anonimizada;Encuesta Nacional de Calidad de Vida (ECV)
CAP_B;DBF_ENCV_590_1;A. IDENTIFICACIÓN Y B. DATOS DE LA VIVIENDA;P49_B2;P8520S1;1. Energía eléctrica;No aplica (NA);;No;NUMBER;22;"1. Sí
2. No";"1. Debe tener información cuando P4091=1
2. Debe aceptar valores 1 ó 2";;Recolectada/Acopiada;Publicación no anonimizada;Encuesta Nacional de Calidad de Vida (ECV)
CAP_B;DBF_ENCV_590_1;A. IDENTIFICACIÓN Y B. DATOS DE LA VIVIENDA;P50_B2;P8520S1A1; Estrato para tarifa;No aplica (NA);;No;NUMBER;22;"0. Sin estrato o conexión pirata
1. Estrato 1
2. Estrato 2
3. Estrato 3
4. Estrato 4
5. Estrato 5
6. Estrato 6
8. Planta eléctrica, energía eólica, panel solar
9. No cuenta con recibo";"1. Debe tener información cuando P8520S1=1
2. De aceptar valores entre 0 y 6 ó 8 ó 9";;Recolectada/Acopiada;Publicación no anonimizada;Encuesta Nacional de Calidad de Vida (ECV)
CAP_B;DBF_ENCV_590_1;A. IDENTIFICACIÓN Y B. DATOS DE LA VIVIENDA;P51_B1;P8520S5;2. Acueducto;No aplica (NA);;No;NUMBER;22;"1. Sí
2. No";"1. Debe tener información cuando P4091=1
2. Debe aceptar valores 1 ó 2";;Recolectada/Acopiada;Publicación no anonimizada;Encuesta Nacional de Calidad de Vida (ECV)
CAP_B;DBF_ENCV_590_1;A. IDENTIFICACIÓN Y B. DATOS DE LA VIVIENDA;P52_B1;P8520S3;3. Alcantarillado;No aplica (NA);;No;NUMBER;22;"1. Sí
2. No";"1. Debe tener información cuando P4091=1
2. Debe aceptar valores 1 ó 2";;Recolectada/Acopiada;Publicación no anonimizada;Encuesta Nacional de Calidad de Vida (ECV)
CAP_B;DBF_ENCV_590_1;A. IDENTIFICACIÓN Y B. DATOS DE LA VIVIENDA;P53_B1;P8520S4;4. Recolección de basuras;No aplica (NA);;No;NUMBER;22;"1. Sí
2. No";"1. Debe tener información cuando P4091=1
2. Debe aceptar valores 1 ó 2";;Recolectada/Acopiada;Publicación no anonimizada;Encuesta Nacional de Calidad de Vida (ECV)
CAP_B;DBF_ENCV_590_1;A. IDENTIFICACIÓN Y B. DATOS DE LA VIVIENDA;P54_B1;P8520S4A1;Veces por semana:;No aplica (NA);;No;NUMBER;22;;"1. Debe tener informción cuando P8520S4=1
2. De aceptar valores entre 1 y 9";;Recolectada/Acopiada;Publicación no anonimizada;Encuesta Nacional de Calidad de Vida (ECV)
CAP_B;DBF_ENCV_590_1;A. IDENTIFICACIÓN Y B. DATOS DE LA VIVIENDA;P55_B1;P4065;9. ¿En los últimos 12 MESES, la vivienda ha sido afectada por:;No aplica (NA);;No;NUMBER;22;;Pertenece al titulo de la pregunta, no guarda ningún dato;;Recolectada/Acopiada;Publicación no anonimizada;Encuesta Nacional de Calidad de Vida (ECV)
CAP_B;DBF_ENCV_590_1;A. IDENTIFICACIÓN Y B. DATOS DE LA VIVIENDA;P56_B1;P4065S1;1. Inundaciones, desbordamiento, crecientes, arroyos;No aplica (NA);;No;NUMBER;22;"1. Sí
2. No";"1. Debe tener información cuando P4091=1
2. Debe aceptar valores 1 ó 2";;Recolectada/Acopiada;Publicación no anonimizada;Encuesta Nacional de Calidad de Vida (ECV)
CAP_B;DBF_ENCV_590_1;A. IDENTIFICACIÓN Y B. DATOS DE LA VIVIENDA;P57_B1;P4065S2;2. Avalanchas, derrumbes o deslizamientos;No aplica (NA);;No;NUMBER;22;"1. Sí
2. No";"1. Debe tener información cuando P4091=1
2. Debe aceptar valores 1 ó 2";;Recolectada/Acopiada;Publicación no anonimizada;Encuesta Nacional de Calidad de Vida (ECV)
CAP_B;DBF_ENCV_590_1;A. IDENTIFICACIÓN Y B. DATOS DE LA VIVIENDA;P58_B1;P4065S3;3. Hundimiento del terreno;No aplica (NA);;No;NUMBER;22;"1. Sí
2. No";"1. Debe tener información cuando P4091=1
2. Debe aceptar valores 1 ó 2";;Recolectada/Acopiada;Publicación no anonimizada;Encuesta Nacional de Calidad de Vida (ECV)
CAP_B;DBF_ENCV_590_1;A. IDENTIFICACIÓN Y B. DATOS DE LA VIVIENDA;P59_B1;P4065S4;4. Ventarrones, tormentas, vendavales, granizada;No aplica (NA);;No;NUMBER;22;"1. Sí
2. No";"1. Debe tener información cuando P4091=1
2. Debe aceptar valores 1 ó 2";;Recolectada/Acopiada;Publicación no anonimizada;Encuesta Nacional de Calidad de Vida (ECV)
CAP_B;DBF_ENCV_590_1;A. IDENTIFICACIÓN Y B. DATOS DE LA VIVIENDA;P60_B1;P4065S5;5. Sismo o temblor;No aplica (NA);;No;NUMBER;22;"1. Sí
2. No";"1. Debe tener información cuando P4091=1
2. Debe aceptar valores 1 ó 2";;Recolectada/Acopiada;Publicación no anonimizada;Encuesta Nacional de Calidad de Vida (ECV)
CAP_B;DBF_ENCV_590_1;A. IDENTIFICACIÓN Y B. DATOS DE LA VIVIENDA;P61_B1;P5661;10.  ¿En los últimos 12 MESES, con qué frecuencia se han presentado los siguientes problemas en el sector donde está ubicada su vivienda:;No aplica (NA);;No;NUMBER;22;;Pertenece al titulo de la pregunta, no guarda ningún dato;;Recolectada/Acopiada;Publicación no anonimizada;Encuesta Nacional de Calidad de Vida (ECV)
CAP_B;DBF_ENCV_590_1;A. IDENTIFICACIÓN Y B. DATOS DE LA VIVIENDA;P62_B1;P5661S1;1. Ruidos molestos  provenientes del exterior (tráfico de autos, aviones, maquinaria)?;No aplica (NA);;No;NUMBER;22;"1. Nunca
2. Algunas veces
3. Muchas veces
4. Siempre";"1. Debe tener información cuando P4091=1
2. Debe aceptar valores entre 1 y 4";;Recolectada/Acopiada;Publicación no anonimizada;Encuesta Nacional de Calidad de Vida (ECV)
CAP_B;DBF_ENCV_590_1;A. IDENTIFICACIÓN Y B. DATOS DE LA VIVIENDA;P63_B1;P5661S2;2. Malos olores procedentes del exterior?;No aplica (NA);;No;NUMBER;22;"1. Nunca
2. Algunas veces
3. Muchas veces
4. Siempre";"1. Debe tener información cuando P4091=1
2. Debe aceptar valores entre 1 y 4";;Recolectada/Acopiada;Publicación no anonimizada;Encuesta Nacional de Calidad de Vida (ECV)
CAP_B;DBF_ENCV_590_1;A. IDENTIFICACIÓN Y B. DATOS DE LA VIVIENDA;P64_B1;P5661S3;3. Presencia de basuras en las calles, caminos, senderos y espacios públicos?;No aplica (NA);;No;NUMBER;22;"1. Nunca
2. Algunas veces
3. Muchas veces
4. Siempre";"1. Debe tener información cuando P4091=1
2. Debe aceptar valores entre 1 y 4";;Recolectada/Acopiada;Publicación no anonimizada;Encuesta Nacional de Calidad de Vida (ECV)
CAP_B;DBF_ENCV_590_1;A. IDENTIFICACIÓN Y B. DATOS DE LA VIVIENDA;P65_B1;P5661S4;4. Contaminación del aire?;No aplica (NA);;No;NUMBER;22;"1. Nunca
2. Algunas veces
3. Muchas veces
4. Siempre";"1. Debe tener información cuando P4091=1
2. Debe aceptar valores entre 1 y 4";;Recolectada/Acopiada;Publicación no anonimizada;Encuesta Nacional de Calidad de Vida (ECV)
CAP_B;DBF_ENCV_590_1;A. IDENTIFICACIÓN Y B. DATOS DE LA VIVIENDA;P66_B1;P5661S9;5. Contaminación en ríos, canales, lagos y embalses ;No aplica (NA);;No;NUMBER;22;"1. Nunca
2. Algunas veces
3. Muchas veces
4. Siempre";"1. Debe tener información cuando P4091=1
2. Debe aceptar valores entre 1 y 4";;Recolectada/Acopiada;Publicación no anonimizada;Encuesta Nacional de Calidad de Vida (ECV)
CAP_B;DBF_ENCV_590_1;A. IDENTIFICACIÓN Y B. DATOS DE LA VIVIENDA;P67_B1;P5661S5;6. Invasión del espacio público (calles o andenes)?;No aplica (NA);;No;NUMBER;22;"1. Nunca
2. Algunas veces
3. Muchas veces
4. Siempre";"1. Debe tener información cuando P4091=1
2. Debe aceptar valores entre 1 y 4";;Recolectada/Acopiada;Publicación no anonimizada;Encuesta Nacional de Calidad de Vida (ECV)
CAP_B;DBF_ENCV_590_1;A. IDENTIFICACIÓN Y B. DATOS DE LA VIVIENDA;P68_B1;P5661S6;7. Presencia de animales que causan molestias?;No aplica (NA);;No;NUMBER;22;"1. Nunca
2. Algunas veces
3. Muchas veces
4. Siempre";"1. Debe tener información cuando P4091=1
2. Debe aceptar valores entre 1 y 4";;Recolectada/Acopiada;Publicación no anonimizada;Encuesta Nacional de Calidad de Vida (ECV)
CAP_B;DBF_ENCV_590_1;A. IDENTIFICACIÓN Y B. DATOS DE LA VIVIENDA;P69_B1;P5661S7;8. Presencia de insectos, roedores etc.?;No aplica (NA);;No;NUMBER;22;"1. Nunca
2. Algunas veces
3. Muchas veces
4. Siempre";"1. Debe tener información cuando P4091=1
2. Debe aceptar valores entre 1 y 4";;Recolectada/Acopiada;Publicación no anonimizada;Encuesta Nacional de Calidad de Vida (ECV)
CAP_B;DBF_ENCV_590_1;A. IDENTIFICACIÓN Y B. DATOS DE LA VIVIENDA;P70_B1;P3157;11. ¿Cuáles de los siguientes problemas de humedad en techos o paredes presenta la vivienda?;No aplica (NA);;No;NUMBER;22;;Pertenece al titulo de la pregunta, no guarda ningún dato;;Recolectada/Acopiada;Publicación no anonimizada;Encuesta Nacional de Calidad de Vida (ECV)
CAP_B;DBF_ENCV_590_1;A. IDENTIFICACIÓN Y B. DATOS DE LA VIVIENDA;P71_B1;P3157S1;1. Pintura soplada;No aplica (NA);;No;NUMBER;22;"1. Sí
2. No";"1. Debe tener información cuando P4091=1
2. Debe aceptar valores 1 ó 2";;Recolectada/Acopiada;Publicación no anonimizada;Encuesta Nacional de Calidad de Vida (ECV)
CAP_B;DBF_ENCV_590_1;A. IDENTIFICACIÓN Y B. DATOS DE LA VIVIENDA;P72_B1;P3157S2;2. Presencia de manchas;No aplica (NA);;No;NUMBER;22;"1. Sí
2. No";"1. Debe tener información cuando P4091=1
2. Debe aceptar valores 1 ó 2";;Recolectada/Acopiada;Publicación no anonimizada;Encuesta Nacional de Calidad de Vida (ECV)
CAP_B;DBF_ENCV_590_1;A. IDENTIFICACIÓN Y B. DATOS DE LA VIVIENDA;P73_B1;P3157S3;3. Presencia de moho;No aplica (NA);;No;NUMBER;22;"1. Sí
2. No";"1. Debe tener información cuando P4091=1
2. Debe aceptar valores 1 ó 2";;Recolectada/Acopiada;Publicación no anonimizada;Encuesta Nacional de Calidad de Vida (ECV)
CAP_B;DBF_ENCV_590_1;A. IDENTIFICACIÓN Y B. DATOS DE LA VIVIENDA;P74_B1;P3157S4;4. Cambios en el aspecto de ladrillos, baldosas, concreto;No aplica (NA);;No;NUMBER;22;"1. Sí
2. No";"1. Debe tener información cuando P4091=1
2. Debe aceptar valores 1 ó 2";;Recolectada/Acopiada;Publicación no anonimizada;Encuesta Nacional de Calidad de Vida (ECV)
CAP_B;DBF_ENCV_590_1;A. IDENTIFICACIÓN Y B. DATOS DE LA VIVIENDA;P75_B1;P3158;12. ¿Los techos de la vivienda presentan goteras?;No aplica (NA);;No;NUMBER;22;"1. Sí
2. No";"1. Debe tener información cuando P4091=1
2. Debe aceptar valores 1 ó 2";;Recolectada/Acopiada;Publicación no anonimizada;Encuesta Nacional de Calidad de Vida (ECV)
CAP_C;DBF_ENCV_591_1;C. SERVICIOS DEL HOGAR;P01_C1;DIRECTORIO;DIRECTORIO;Llave Foránea (FK);DBF_ENCV_590_1;Sí;NUMBER;22;;1. Siempre debe tener información;;Recolectada/Acopiada;Publicación no anonimizada;Encuesta Nacional de Calidad de Vida (ECV)
CAP_C;DBF_ENCV_591_1;C. SERVICIOS DEL HOGAR;P02_C1;SECUENCIA_ENCUESTA;Número del Hogar dentro de la vivienda;Llave Primaria (PK);;Sí;NUMBER;22;;1. Siempre debe tener información;;Recolectada/Acopiada;Publicación no anonimizada;Encuesta Nacional de Calidad de Vida (ECV)
CAP_C;DBF_ENCV_591_1;C. SERVICIOS DEL HOGAR;P03_C1;SECUENCIA_P;Secuencia_p;No aplica (NA);;Sí;NUMBER;22;;1. Siempre debe tener información y debe ser 1;;Recolectada/Acopiada;Publicación no anonimizada;Encuesta Nacional de Calidad de Vida (ECV)
CAP_C;DBF_ENCV_591_1;C. SERVICIOS DEL HOGAR;P04_C1;ORDEN;Número del Hogar dentro de la vivienda;Llave Primaria (PK);;No;NUMBER;22;;1. Siempre debe tener información;;Recolectada/Acopiada;Publicación no anonimizada;Encuesta Nacional de Calidad de Vida (ECV)
CAP_C;DBF_ENCV_591_1;C. SERVICIOS DEL HOGAR;P05_C1;FEX_C;Factor de expansión ;No aplica (NA);;Sí;NUMBER;22;;;;Nueva;Publicación no anonimizada;Encuesta Nacional de Calidad de Vida (ECV)
CAP_C;DBF_ENCV_591_1;C. SERVICIOS DEL HOGAR;P08_C1;P5000;1. Incluyendo sala y comedor ¿de cuántos cuartos o piezas dispone este hogar? ;No aplica (NA);;No;NUMBER;22;;"1. Debe tener información cuando P70>0 y P5002=1
2. Debe aceptar valores entre 1 y 30";;Recolectada/Acopiada;Publicación no anonimizada;Encuesta Nacional de Calidad de Vida (ECV)
CAP_C;DBF_ENCV_591_1;C. SERVICIOS DEL HOGAR;P09_C1;P5010;2. ¿En cuántos de esos cuartos duermen las personas de este hogar?;No aplica (NA);;No;NUMBER;22;;"1. Debe tener información cuando P70>0 y P5002=1
2. No puede ser 0 ni mayor a P5000";;Recolectada/Acopiada;Publicación no anonimizada;Encuesta Nacional de Calidad de Vida (ECV)
CAP_C;DBF_ENCV_591_1;C. SERVICIOS DEL HOGAR;P10_C1;P791;3. ¿Pagan en este hogar por  la electricidad que consumen?;No aplica (NA);;No;NUMBER;22;"1. Sí
2. Sí, con el arriendo
3. No pagan, pero tienen el servicio
4. No tienen el servicio";"1. Debe tener información cuando P70>0 y P5002=1
2. No puede seleccionar 1 ó 2 ó 3 cuando P8520S1=1
3. Debe aceptar valores de 1 a 4";;Recolectada/Acopiada;Publicación no anonimizada;Encuesta Nacional de Calidad de Vida (ECV)
CAP_C;DBF_ENCV_591_1;C. SERVICIOS DEL HOGAR;P11_C1;P5018;4. ¿Cuánto pagaron EL MES PASADO o la última vez por la electricidad consumida? ;No aplica (NA);;No;NUMBER;22;;"1. Debe tener información cuando P791=1
2. Debe aceptar valores entre 1000  hasta 2'000.000 ó 00 ó 98 ó 99   ";;Recolectada/Acopiada;Publicación no anonimizada;Encuesta Nacional de Calidad de Vida (ECV)
CAP_C;DBF_ENCV_591_1;C. SERVICIOS DEL HOGAR;P12_C1;P5018S1;¿A cuántos meses corresponde ese pago? ;No aplica (NA);;No;NUMBER;22;;"1. Debe tener información cuando P5018 >= 100
2. Debe aceptar valores entre 1 y 12";;Recolectada/Acopiada;Publicación no anonimizada;Encuesta Nacional de Calidad de Vida (ECV)
CAP_C;DBF_ENCV_591_1;C. SERVICIOS DEL HOGAR;P13_C1;P5018S2;Confirme Valor;No aplica (NA);;No;NUMBER;22;;"1. Debe tener información cuando P5018 !=null
2. Debe ser igual a P5018";;Recolectada/Acopiada;Publicación no anonimizada;Encuesta Nacional de Calidad de Vida (ECV)
CAP_C;DBF_ENCV_591_1;C. SERVICIOS DEL HOGAR;P14_C1;P9003;5. ¿El servicio de energía llega al hogar las 24 horas del día, durante los siete días de la semana?;No aplica (NA);;No;NUMBER;22;"1. Si
2. No";"1. Debe tener información cuando P791 = 1 ó P791 = 2 ó P791 = 3
2. Debe aceptar valores 1 ó 2";;Recolectada/Acopiada;Publicación no anonimizada;Encuesta Nacional de Calidad de Vida (ECV)
CAP_C;DBF_ENCV_591_1;C. SERVICIOS DEL HOGAR;P15_C1;P9004;6. Cuando llega el servicio de energía ¿cuántas horas al día lo recibe? ;No aplica (NA);;No;NUMBER;22;;"1. Debe tener información cuando P9003=2
2. Debe aceptar valores entre 1 y 23";;Recolectada/Acopiada;Publicación no anonimizada;Encuesta Nacional de Calidad de Vida (ECV)
CAP_C;DBF_ENCV_591_1;C. SERVICIOS DEL HOGAR;P16_C1;P5666;7. ¿En este hogar tienen servicio de Gas Natural conectado a red pública?;No aplica (NA);;No;NUMBER;22;"1. Si
2. No";"1. Debe tener información cuando P70>0 y P5002=1
2. Debe aceptar valores 1 ó 2";;Recolectada/Acopiada;Publicación no anonimizada;Encuesta Nacional de Calidad de Vida (ECV)
CAP_C;DBF_ENCV_591_1;C. SERVICIOS DEL HOGAR;P17_C1;P3162;8. Pagan en este hogar por el servicio de gas natural conectado a red pública?;No aplica (NA);;No;NUMBER;22;"1. Sí
2. Sí, con el arriendo
3. No pagan";"1. Debe tener información cuando P5666 =1
2. Debe aceptar valores entre 1 y 3";;Recolectada/Acopiada;Publicación no anonimizada;Encuesta Nacional de Calidad de Vida (ECV)
CAP_C;DBF_ENCV_591_1;C. SERVICIOS DEL HOGAR;P18_C1;P3163;9. ¿Cuánto pagaron EL MES PASADO o la última vez por el servicio de gas natural? ;No aplica (NA);;No;NUMBER;22;;"1. Debe tener información cuando P3162= 1
2. Debe aceptar valores entre 1000  hasta 300.000 ó 00 ó 98 ó 99   ";;Recolectada/Acopiada;Publicación no anonimizada;Encuesta Nacional de Calidad de Vida (ECV)
CAP_C;DBF_ENCV_591_1;C. SERVICIOS DEL HOGAR;P19_C1;P3163S1;¿A cuántos meses corresponde ese pago? ;No aplica (NA);;No;NUMBER;22;;"1. Debe tener información cuando P3163 >=1000
2. Debe aceptar valores entre 1 y 12";;Recolectada/Acopiada;Publicación no anonimizada;Encuesta Nacional de Calidad de Vida (ECV)
CAP_C;DBF_ENCV_591_1;C. SERVICIOS DEL HOGAR;P20_C1;P3163S2;Confirme Valor;No aplica (NA);;No;NUMBER;22;;"1. Debe tener información cuando P3163 >=1000
2. Debe ser igual a P3163";;Recolectada/Acopiada;Publicación no anonimizada;Encuesta Nacional de Calidad de Vida (ECV)
CAP_C;DBF_ENCV_591_1;C. SERVICIOS DEL HOGAR;P21_C1;P8526;10. ¿Con qué tipo de servicio sanitario cuenta el hogar?;No aplica (NA);;No;NUMBER;22;"1. Inodoro conectado a alcantarillado
2. Inodoro conectado a pozo séptico
3. Inodoro sin conexión
4. Letrina
5. Inodoro con carga directa a fuentes de agua(bajamar)
6. No tiene servicio sanitario ";"1. Debe tener información cuando P70>0 y P5002=1
2. Debe aceptar valores de 1 a 6";;Recolectada/Acopiada;Publicación no anonimizada;Encuesta Nacional de Calidad de Vida (ECV)
CAP_C;DBF_ENCV_591_1;C. SERVICIOS DEL HOGAR;P22_C1;P3164;11. ¿Quién realiza generalmente el mantenimiento o vaciado del servicio sanitario?;No aplica (NA);;No;NUMBER;22;"1. Los miembros del hogar
2. Contratan un servicio especializado
3. Otra persona o entidad
4. No se realiza mantenimiento ";"1. Debe tener información cuando P8526=2 ó P8526=3 ó P8526=4
2. Debe aceptar valores 1 a 4";;Recolectada/Acopiada;Publicación no anonimizada;Encuesta Nacional de Calidad de Vida (ECV)
CAP_C;DBF_ENCV_591_1;C. SERVICIOS DEL HOGAR;P23_C1;P5022;12. El servicio sanitario está ubicado:;No aplica (NA);;No;NUMBER;22;"1. Dentro de la vivienda
2.  Fuera de la vivienda, pero en el lote o terreno";"1. Debe tener información cuando P8526 >= 1 and P8526 < 6
2. Debe aceptar valores 1 ó 2";;Recolectada/Acopiada;Publicación no anonimizada;Encuesta Nacional de Calidad de Vida (ECV)
CAP_C;DBF_ENCV_591_1;C. SERVICIOS DEL HOGAR;P24_C1;P5024;13. ¿De cuántos servicios sanitarios o inodoros dispone este hogar?        ;No aplica (NA);;No;NUMBER;22;;"1. Debe tener información cuando P8526 >= 1 and P8526 < 6
2. Debe aceptar valores de 1 a 12";;Recolectada/Acopiada;Publicación no anonimizada;Encuesta Nacional de Calidad de Vida (ECV)
CAP_C;DBF_ENCV_591_1;C. SERVICIOS DEL HOGAR;P25_C1;P5030;14. El servicio sanitario del hogar es:;No aplica (NA);;No;NUMBER;22;"1. De uso exclusivo de las personas del hogar
2. Compartido con personas de otros hogares";"1. Debe tener información cuando P8526 >= 1 and P8526 < 6
2. Debe aceptar valores 1 ó 2";;Recolectada/Acopiada;Publicación no anonimizada;Encuesta Nacional de Calidad de Vida (ECV)
CAP_C;DBF_ENCV_591_1;C. SERVICIOS DEL HOGAR;P26_C1;P5032;15. ¿Pagan en este hogar por servicio de alcantarillado?;No aplica (NA);;No;NUMBER;22;"1. Sí
2. Sí, con el arriendo
3. No pagan, pero tienen el servicio
4. No tienen el servicio";"1. Debe tener información cuando P70>0 y P5002=1
2. Debe aceptar valores de 1 a 4";;Recolectada/Acopiada;Publicación no anonimizada;Encuesta Nacional de Calidad de Vida (ECV)
CAP_C;DBF_ENCV_591_1;C. SERVICIOS DEL HOGAR;P27_C1;P5034;16. ¿Cuánto pagaron EL MES PASADO o la última vez por servicio de alcantarillado? ;No aplica (NA);;No;NUMBER;22;;"1. Debe tener información cuando P5032 =1
2. Debe aceptar valores entre 1000  hasta 1'000.000 ó 00 ó 98 ó 99   ";;Recolectada/Acopiada;Publicación no anonimizada;Encuesta Nacional de Calidad de Vida (ECV)
CAP_C;DBF_ENCV_591_1;C. SERVICIOS DEL HOGAR;P28_C1;P5034S1;¿A cuántos meses corresponde ese pago?;No aplica (NA);;No;NUMBER;22;;"1. Debe tener información cuando P5034 >=1000
2. Debe aceptar valores entre 1 y 12";;Recolectada/Acopiada;Publicación no anonimizada;Encuesta Nacional de Calidad de Vida (ECV)
CAP_C;DBF_ENCV_591_1;C. SERVICIOS DEL HOGAR;P29_C1;P5034S2;Confirme Valor;No aplica (NA);;No;NUMBER;22;;"1. Debe tener información cuando P5034 is not null
2. Debe ser igual a P5034";;Recolectada/Acopiada;Publicación no anonimizada;Encuesta Nacional de Calidad de Vida (ECV)
CAP_C;DBF_ENCV_591_1;C. SERVICIOS DEL HOGAR;P30_C1;P1892;17. El hogar cuenta con:;No aplica (NA);;No;NUMBER;22;;Pertenece al titulo de la pregunta, no guarda ningún dato;;Recolectada/Acopiada;Publicación no anonimizada;Encuesta Nacional de Calidad de Vida (ECV)
CAP_C;DBF_ENCV_591_1;C. SERVICIOS DEL HOGAR;P31_C1;P1892S1;1. Lavamanos;No aplica (NA);;No;NUMBER;22;;"1. Pregunta de selección múltiple si tiene información debe ser cuando P70>0  y P5002=1
2. Debe aceptar solo valor 1";;Recolectada/Acopiada;Publicación no anonimizada;Encuesta Nacional de Calidad de Vida (ECV)
CAP_C;DBF_ENCV_591_1;C. SERVICIOS DEL HOGAR;P32_C1;P1892S2;2. Lavadero;No aplica (NA);;No;NUMBER;22;;"1. Pregunta de selección múltiple si tiene información debe ser cuando P70>0  y P5002=1
2. Debe aceptar solo valor 1";;Recolectada/Acopiada;Publicación no anonimizada;Encuesta Nacional de Calidad de Vida (ECV)
CAP_C;DBF_ENCV_591_1;C. SERVICIOS DEL HOGAR;P33_C1;P1892S3;3. Lavaplatos;No aplica (NA);;No;NUMBER;22;;"1. Pregunta de selección múltiple si tiene información debe ser cuando P70>0  y P5002=1
2. Debe aceptar solo valor 1";;Recolectada/Acopiada;Publicación no anonimizada;Encuesta Nacional de Calidad de Vida (ECV)
CAP_C;DBF_ENCV_591_1;C. SERVICIOS DEL HOGAR;P34_C1;P1892S4;4. Ninguno de los anteriores;No aplica (NA);;No;NUMBER;22;;"1. Pregunta de selección múltiple si tiene información debe ser cuando P70>0 y P5002=1 
2. Debe aceptar solo valor 1
3. Si selecciona P1892S4=2  las variables P1892S1,P1892S2 ó P1892S3 No pueden ser =1, dado que es una opción excluyente";;Recolectada/Acopiada;Publicación no anonimizada;Encuesta Nacional de Calidad de Vida (ECV)
CAP_C;DBF_ENCV_591_1;C. SERVICIOS DEL HOGAR;P35_C1;P3165;18. Para la limpieza de las manos, los miembros de este hogar principalmente: ;No aplica (NA);;No;NUMBER;22;"1. Se lavan con agua y jabón
2. Se lavan con agua solamente
3. Usan otro método para limpiarse (gel desinfectante o antibacterial, alcohol, toallas húmedas)
4. No se limpian o lavan las manos";"1. Debe tener información cuando P70>0 y P5002=1
2. Debe aceptar valores de 1 a 4";;Recolectada/Acopiada;Publicación no anonimizada;Encuesta Nacional de Calidad de Vida (ECV)
CAP_C;DBF_ENCV_591_1;C. SERVICIOS DEL HOGAR;P36_C1;P5041;19. ¿Cómo eliminan principalmente la basura en este hogar?;No aplica (NA);;No;NUMBER;22;"1.  La recogen los servicios del aseo
2. La tiran a un río, quebrada, caño o laguna
3. La tiran a un patio, lote, zanja o baldío
4.  La queman
5.  La entierran
6. La recoge un servicio informal (zorra, carreta, etc.)";"1. Debe tener información cuando P70>0 y P5002=1
2. Debe aceptar valores de 1 a 6";;Recolectada/Acopiada;Publicación no anonimizada;Encuesta Nacional de Calidad de Vida (ECV)
CAP_C;DBF_ENCV_591_1;C. SERVICIOS DEL HOGAR;P37_C1;P5038;20. ¿Pagan en este hogar por servicio de recolección de basuras?;No aplica (NA);;No;NUMBER;22;"1. Sí
2. Sí, con el arriendo
3. No pagan";"1. Debe tener inforamción cuando P5041 = 1 ó P5041 = 6
2. Debe aceptar valores de a 1 a 3";;Recolectada/Acopiada;Publicación no anonimizada;Encuesta Nacional de Calidad de Vida (ECV)
CAP_C;DBF_ENCV_591_1;C. SERVICIOS DEL HOGAR;P38_C1;P5044;21. ¿Cuánto pagaron EL MES PASADO o la última vez por servicio de recolección de basuras?;No aplica (NA);;No;NUMBER;22;;"1. Debe tener información cuando P5038 = 1
2. debe aceptar valores entre 1000  hasta 1'000.000 ó 00 ó 98 ó 99    ";;Recolectada/Acopiada;Publicación no anonimizada;Encuesta Nacional de Calidad de Vida (ECV)
CAP_C;DBF_ENCV_591_1;C. SERVICIOS DEL HOGAR;P39_C1;P5044S1;¿A cuántos meses corresponde ese pago?;No aplica (NA);;No;NUMBER;22;;"1. Debe tener información cuando P5044 >= 100
2. Debe aceptar valores de 1 a 12";;Recolectada/Acopiada;Publicación no anonimizada;Encuesta Nacional de Calidad de Vida (ECV)
CAP_C;DBF_ENCV_591_1;C. SERVICIOS DEL HOGAR;P40_C1;P5044S2;Confirme Valor;No aplica (NA);;No;NUMBER;22;;"1. Debe tener información cuando P5044 is not null
2. Debe ser igual a P5044";;Recolectada/Acopiada;Publicación no anonimizada;Encuesta Nacional de Calidad de Vida (ECV)
CAP_C;DBF_ENCV_591_1;C. SERVICIOS DEL HOGAR;P41_C1;P5046;22. ¿En este hogar clasifican las basuras?;No aplica (NA);;No;NUMBER;22;"1. Si
2. No";"1. Debe tener información cuando P70>0 y P5002=1
2. Debe aceptar valores de 1 ó 2";;Recolectada/Acopiada;Publicación no anonimizada;Encuesta Nacional de Calidad de Vida (ECV)
CAP_C;DBF_ENCV_591_1;C. SERVICIOS DEL HOGAR;P42_C1;P5046S1;Qué tipo de material clasifican:;No aplica (NA);;No;NUMBER;22;;Pertenece al titulo de la pregunta, no guarda ningún dato;;Recolectada/Acopiada;Publicación no anonimizada;Encuesta Nacional de Calidad de Vida (ECV)
CAP_C;DBF_ENCV_591_1;C. SERVICIOS DEL HOGAR;P43_C1;P5046S1A1;1. Desperdicios de alimentos y desechos orgánicos;No aplica (NA);;No;NUMBER;22;;1. Es una pregunta de selección múltiple si tiene información debe ser cuando P5046 = 1  y debe ser 1;;Recolectada/Acopiada;Publicación no anonimizada;Encuesta Nacional de Calidad de Vida (ECV)
CAP_C;DBF_ENCV_591_1;C. SERVICIOS DEL HOGAR;P44_C1;P5046S1A2;2. Vidrio ;No aplica (NA);;No;NUMBER;22;;1. Es una pregunta de selección múltiple si tiene información debe ser cuando P5046 = 1  y debe ser 1;;Recolectada/Acopiada;Publicación no anonimizada;Encuesta Nacional de Calidad de Vida (ECV)
CAP_C;DBF_ENCV_591_1;C. SERVICIOS DEL HOGAR;P45_C1;P5046S1A3;3. Papel y cartón;No aplica (NA);;No;NUMBER;22;;1. Es una pregunta de selección múltiple si tiene información debe ser cuando P5046 = 1  y debe ser 1;;Recolectada/Acopiada;Publicación no anonimizada;Encuesta Nacional de Calidad de Vida (ECV)
CAP_C;DBF_ENCV_591_1;C. SERVICIOS DEL HOGAR;P46_C1;P5046S1A4;4. Plástico;No aplica (NA);;No;NUMBER;22;;1. Es una pregunta de selección múltiple si tiene información debe ser cuando P5046 = 1  y debe ser 1;;Recolectada/Acopiada;Publicación no anonimizada;Encuesta Nacional de Calidad de Vida (ECV)
CAP_C;DBF_ENCV_591_1;C. SERVICIOS DEL HOGAR;P47_C1;P5046S1A5;5. Pilas y baterías;No aplica (NA);;No;NUMBER;22;;1. Es una pregunta de selección múltiple si tiene información debe ser cuando P5046 = 1  y debe ser 1;;Recolectada/Acopiada;Publicación no anonimizada;Encuesta Nacional de Calidad de Vida (ECV)
CAP_C;DBF_ENCV_591_1;C. SERVICIOS DEL HOGAR;P48_C1;P5046S1A6;6. Envases metálicos o de aluminio;No aplica (NA);;No;NUMBER;22;;1. Es una pregunta de selección múltiple si tiene información debe ser cuando P5046 = 1  y debe ser 1;;Recolectada/Acopiada;Publicación no anonimizada;Encuesta Nacional de Calidad de Vida (ECV)
CAP_C;DBF_ENCV_591_1;C. SERVICIOS DEL HOGAR;P49_C1;P5046S1A7;7. Medicamentos ;No aplica (NA);;No;NUMBER;22;;1. Es una pregunta de selección múltiple si tiene información debe ser cuando P5046 = 1  y debe ser 1;;Recolectada/Acopiada;Publicación no anonimizada;Encuesta Nacional de Calidad de Vida (ECV)
CAP_C;DBF_ENCV_591_1;C. SERVICIOS DEL HOGAR;P50_C1;P5012;23. ¿Cuáles de las siguientes prácticas realiza este hogar para reducir el consumo de agua y energía eléctrica?;No aplica (NA);;No;NUMBER;22;;Pertenece al titulo de la pregunta, no guarda ningún dato;;Recolectada/Acopiada;Publicación no anonimizada;Encuesta Nacional de Calidad de Vida (ECV)
CAP_C;DBF_ENCV_591_1;C. SERVICIOS DEL HOGAR;P51_C1;P5012S1;1. Usar bombillas de bajo consumo;No aplica (NA);;No;NUMBER;22;"1. Sí
2. No";"1. Debe tener información cuando P70>=1 y P5002=1
2. Debe aceptar valor 1 ó 2";;Recolectada/Acopiada;Publicación no anonimizada;Encuesta Nacional de Calidad de Vida (ECV)
CAP_C;DBF_ENCV_591_1;C. SERVICIOS DEL HOGAR;P52_C1;P5012S2;2. Apagar luces;No aplica (NA);;No;NUMBER;22;"1. Sí
2. No";"1. Debe tener información cuando P70>=1 y P5002=1
2. Debe aceptar valor 1 ó 2";;Recolectada/Acopiada;Publicación no anonimizada;Encuesta Nacional de Calidad de Vida (ECV)
CAP_C;DBF_ENCV_591_1;C. SERVICIOS DEL HOGAR;P53_C1;P5012S3;3. Planchar la mayor cantidad de ropa en cada ocasión o no planchar;No aplica (NA);;No;NUMBER;22;"1. Sí
2. No";"1. Debe tener información cuando P70>=1 y P5002=1
2. Debe aceptar valor 1 ó 2";;Recolectada/Acopiada;Publicación no anonimizada;Encuesta Nacional de Calidad de Vida (ECV)
CAP_C;DBF_ENCV_591_1;C. SERVICIOS DEL HOGAR;P54_C1;P5012S8;4. Desconectar aparatos eléctricos;No aplica (NA);;No;NUMBER;22;"1. Sí
2. No";"1. Debe tener información cuando P70>=1 y P5002=1
2. Debe aceptar valor 1 ó 2";;Recolectada/Acopiada;Publicación no anonimizada;Encuesta Nacional de Calidad de Vida (ECV)
CAP_C;DBF_ENCV_591_1;C. SERVICIOS DEL HOGAR;P55_C1;P5012S4;5. Reutilizar agua;No aplica (NA);;No;NUMBER;22;"1. Sí
2. No";"1. Debe tener información cuando P70>=1 y P5002=1
2. Debe aceptar valor 1 ó 2";;Recolectada/Acopiada;Publicación no anonimizada;Encuesta Nacional de Calidad de Vida (ECV)
CAP_C;DBF_ENCV_591_1;C. SERVICIOS DEL HOGAR;P56_C1;P5012S5; 6. Recolectar agua lluvia;No aplica (NA);;No;NUMBER;22;"1. Sí
2. No";"1. Debe tener información cuando P70>=1 y P5002=1
2. Debe aceptar valor 1 ó 2";;Recolectada/Acopiada;Publicación no anonimizada;Encuesta Nacional de Calidad de Vida (ECV)
CAP_C;DBF_ENCV_591_1;C. SERVICIOS DEL HOGAR;P57_C1;P5012S6; 7. Usar tanque sanitario de bajo consumo de agua;No aplica (NA);;No;NUMBER;22;"1. Sí
2. No";"1. Debe tener información cuando P70>=1 y P5002=1
2. Debe aceptar valor 1 ó 2";;Recolectada/Acopiada;Publicación no anonimizada;Encuesta Nacional de Calidad de Vida (ECV)
CAP_C;DBF_ENCV_591_1;C. SERVICIOS DEL HOGAR;P58_C1;P5012S7;8. Usar economizadores de agua para ducha y grifería;No aplica (NA);;No;NUMBER;22;"1. Sí
2. No";"1. Debe tener información cuando P70>=1 y P5002=1
2. Debe aceptar valor 1 ó 2";;Recolectada/Acopiada;Publicación no anonimizada;Encuesta Nacional de Calidad de Vida (ECV)
CAP_C;DBF_ENCV_591_1;C. SERVICIOS DEL HOGAR;P59_C1;P792;24. ¿Pagan en este hogar por servicio de acueducto?;No aplica (NA);;No;NUMBER;22;"1. Sí
2. Sí, con el arriendo
3. No pagan, pero tienen el servicio
4. No tienen el servicio";"1. Debe tener información cuando P70>=1 y P5002=1
2. Si P8520S5=1 de la tabla DBF_ENCV_590_1 No puede seleccionar opciones 3 ó 4
3. Debe aceptar valores de 1 a 4";;Recolectada/Acopiada;Publicación no anonimizada;Encuesta Nacional de Calidad de Vida (ECV)
CAP_C;DBF_ENCV_591_1;C. SERVICIOS DEL HOGAR;P60_C1;P5067;25. ¿Cuánto pagaron EL MES PASADO o la última vez por el servicio de acueducto?;No aplica (NA);;No;NUMBER;22;;"1. Debe tener información cuando P792 = 1
2. Debe aceptar valores entre 1000  hasta 1'000.000 ó 00 ó 98 ó 99   ";;Recolectada/Acopiada;Publicación no anonimizada;Encuesta Nacional de Calidad de Vida (ECV)
CAP_C;DBF_ENCV_591_1;C. SERVICIOS DEL HOGAR;P61_C1;P5067S1;¿A cuántos meses corresponde ese pago?;No aplica (NA);;No;NUMBER;22;;"1. Debe tener información cuando P5067>= 100
2. Debe aceptar valores de 1 a 12";;Recolectada/Acopiada;Publicación no anonimizada;Encuesta Nacional de Calidad de Vida (ECV)
CAP_C;DBF_ENCV_591_1;C. SERVICIOS DEL HOGAR;P62_C1;P5067S2;Confirme Valor;No aplica (NA);;No;NUMBER;22;;"1. Debe tener información cuando P5067 is not null
2. Debe ser igual a P5067";;Recolectada/Acopiada;Publicación no anonimizada;Encuesta Nacional de Calidad de Vida (ECV)
CAP_C;DBF_ENCV_591_1;C. SERVICIOS DEL HOGAR;P63_C1;P8530;26. El agua para preparar los alimentos, la obtienen  principalmente de:;No aplica (NA);;No;NUMBER;22;"1. Acueducto público
2. Acueducto comunal o veredal
3. Pozo con bomba
4. Pozo sin bomba, aljibe, jagüey o barreno
5. Agua lluvia
6. Río, quebrada, manantial o nacimiento
7. Pila pública
8. Carro tanque
9. Aguatero
10. Agua embotellada o en bolsa";"1. Debe tener información cuando P70>=1 y P5002=1
2. Si selecciono P8520S5=2 en la tabla DBF_ENCV_590_1 No puede seleccionar las opciones 1 ó 2
3. Debe aceptar valores de 1 a 10";;Recolectada/Acopiada;Publicación no anonimizada;Encuesta Nacional de Calidad de Vida (ECV)
CAP_C;DBF_ENCV_591_1;C. SERVICIOS DEL HOGAR;P64_C1;P5047;27. ¿El agua llega al hogar las 24 horas del día, durante los siete días de la semana?;No aplica (NA);;No;NUMBER;22;"1.  Sí
2.  No";"1. Debe tener información cuando P8530 < 3
2. Debe aceptar valores 1 ó 2";;Recolectada/Acopiada;Publicación no anonimizada;Encuesta Nacional de Calidad de Vida (ECV)
CAP_C;DBF_ENCV_591_1;C. SERVICIOS DEL HOGAR;P65_C1;P3177;28. Cuando llega el servicio de agua ¿cuántas horas al día lo recibe? ;No aplica (NA);;No;NUMBER;22;;"1. Debe tener información cuando P8530 < 3 and P5047= 2
2. Debe aceptar valores de 1 a 23";;Recolectada/Acopiada;Publicación no anonimizada;Encuesta Nacional de Calidad de Vida (ECV)
CAP_C;DBF_ENCV_591_1;C. SERVICIOS DEL HOGAR;P66_C1;P3166;29. ¿Considera que el agua disponible es suficiente?;No aplica (NA);;No;NUMBER;22;"1.  Sí
2.  No";"1. Debe tener información cuando (P8530>= 1 and P8530<= 4) or (P8530>=6 and P8530<=8) 
2. Debe aceptar valores 1 ó 2";;Recolectada/Acopiada;Publicación no anonimizada;Encuesta Nacional de Calidad de Vida (ECV)
CAP_C;DBF_ENCV_591_1;C. SERVICIOS DEL HOGAR;P67_C1;P3167;30. ¿Dónde está ubicado el suministro (llave, grifo, tanque, pozo, etc.) de agua? ;No aplica (NA);;No;NUMBER;22;"1. Dentro de la vivienda
2. Fuera de la vivienda, pero en el lote o terreno
3. Fuera de la vivienda y del lote o terreno";"1. Debe tener información cuando P8530<= 7
2. Debe aceptar valores de 1 a 3";;Recolectada/Acopiada;Publicación no anonimizada;Encuesta Nacional de Calidad de Vida (ECV)
CAP_C;DBF_ENCV_591_1;C. SERVICIOS DEL HOGAR;P68_C1;P3168;31. ¿Cuánto tiempo gasta caminando para llegar a ese lugar, recoger el agua y regresar a la vivienda? ;No aplica (NA);;No;NUMBER;22;"1. 30 minutos o menos
2. Más de 30 minutos
3. No sabe";"1. Debe tener información cuando P3167= 3
2. Debe aceptar valores de 1 a 3";;Recolectada/Acopiada;Publicación no anonimizada;Encuesta Nacional de Calidad de Vida (ECV)
CAP_C;DBF_ENCV_591_1;C. SERVICIOS DEL HOGAR;P69_C1;P5069;32. El agua para beber principalmente:;No aplica (NA);;No;NUMBER;22;"1. La usan tal como la obtienen
2. La hierven
3. Le echan cloro
4. Utilizan filtros
5. La decantan o usan filtros naturales
6. Compran agua embotellada o en bolsa";"1. Debe tener información cuando P70>=1 y P5002=1
2. Debe aceptar valores de 1 a 6";;Recolectada/Acopiada;Publicación no anonimizada;Encuesta Nacional de Calidad de Vida (ECV)
CAP_C;DBF_ENCV_591_1;C. SERVICIOS DEL HOGAR;P70_C1;P764;33. ¿En dónde preparan los alimentos las personas de este hogar?;No aplica (NA);;No;NUMBER;22;"1. En un cuarto usado sólo para cocinar
2. En un cuarto usado también para dormir
3. En una sala-comedor sin lavaplatos
4. En una sala-comedor con lavaplatos
5. En un patio, corredor, enramada, al aire libre
6. En ninguna parte (no preparan alimentos) ";"1. Debe tener información cuando P70>=1 y P5002=1
2. Debe aceptar valores de 1 a 6";;Recolectada/Acopiada;Publicación no anonimizada;Encuesta Nacional de Calidad de Vida (ECV)
CAP_C;DBF_ENCV_591_1;C. SERVICIOS DEL HOGAR;P71_C1;P8534;33A. ¿El hogar tiene cocina? (espacio exclusivo para preparar alimentos);No aplica (NA);;No;NUMBER;22;"1.  Sí
2.  No";"1. Debe tener información cuando P764= 6
2. Debe aceptar valores 1 ó 2";;Recolectada/Acopiada;Publicación no anonimizada;Encuesta Nacional de Calidad de Vida (ECV)
CAP_C;DBF_ENCV_591_1;C. SERVICIOS DEL HOGAR;P72_C1;P3169;34. ¿Cuáles de los siguientes espacios de la vivienda cuentan con ventilación natural?;No aplica (NA);;No;NUMBER;22;;Pertenece al titulo de la pregunta, no guarda ningún dato;;Recolectada/Acopiada;Publicación no anonimizada;Encuesta Nacional de Calidad de Vida (ECV)
CAP_C;DBF_ENCV_591_1;C. SERVICIOS DEL HOGAR;P73_C1;P3169S1;Sala-comedor;No aplica (NA);;No;NUMBER;22;"1.  Sí
2.  No
3. No aplica";"1. Debe tener información cuando P70>=1 y P5002=1
2. Debe aceptar valores de a 1 3";;Recolectada/Acopiada;Publicación no anonimizada;Encuesta Nacional de Calidad de Vida (ECV)
CAP_C;DBF_ENCV_591_1;C. SERVICIOS DEL HOGAR;P74_C1;P3169S2;Cuartos para dormir ;No aplica (NA);;No;NUMBER;22;"1.  Sí
2.  No";"1. Debe tener información cuando P70>=1 y P5002=1
2. Debe aceptar valores de a 1 ó 2";;Recolectada/Acopiada;Publicación no anonimizada;Encuesta Nacional de Calidad de Vida (ECV)
CAP_C;DBF_ENCV_591_1;C. SERVICIOS DEL HOGAR;P75_C1;P3169S3;Baños;No aplica (NA);;No;NUMBER;22;"1.  Sí
2.  No
3. No aplica";"1. Debe tener información cuando P70>=1 y P5002=1
2. Debe aceptar valores de a 1 ó 2";;Recolectada/Acopiada;Publicación no anonimizada;Encuesta Nacional de Calidad de Vida (ECV)
CAP_C;DBF_ENCV_591_1;C. SERVICIOS DEL HOGAR;P76_C1;P3169S4;Cocina;No aplica (NA);;No;NUMBER;22;"1.  Sí
2.  No";"1. Debe tener información cuando P764=1 ó (P8534= 1 and P764=6)
2. Debe aceptar valores 1 ó 2";;Recolectada/Acopiada;Publicación no anonimizada;Encuesta Nacional de Calidad de Vida (ECV)
CAP_C;DBF_ENCV_591_1;C. SERVICIOS DEL HOGAR;P77_C1;P8536;35.¿Qué energía o combustible utilizan principalmente para cocinar?;No aplica (NA);;No;NUMBER;22;"1. Electricidad
2. Gas natural conectado a red pública
3. Petróleo, gasolina, kerosene, alcohol
4. Gas propano /GLP (en cilindro o pipeta) 
5. Carbón mineral
6. Leña, madera 
7. Carbón de leña
8. Material de desecho";"1. Debe tener información cuando P764 < 6
2. Si seleccionó P8520S1=2 en la tabla DBF_ENCSV_590_1 No puede seleccionar 1
3. Si seleccionó P5666=2 en la tabla DBF_ENCSV_591_1  No puede seleccionar 2
2. Debe aceptar valores de 1 a 8";;Recolectada/Acopiada;Publicación no anonimizada;Encuesta Nacional de Calidad de Vida (ECV)
CAP_C;DBF_ENCV_591_1;C. SERVICIOS DEL HOGAR;P78_C1;P1698;36. Adicionalmente, ¿utilizan otra fuente de energía o combustible para cocinar?;No aplica (NA);;No;NUMBER;22;"1.  Sí
2.  No";"1. Debe tener información cuando P764 < 6
2. Debe aceptar valores 1 ó 2";;Recolectada/Acopiada;Publicación no anonimizada;Encuesta Nacional de Calidad de Vida (ECV)
CAP_C;DBF_ENCV_591_1;C. SERVICIOS DEL HOGAR;P79_C1;P1698S1;36A. ¿Qué tipo de combustible utilizan?;No aplica (NA);;No;NUMBER;22;"1. Electricidad
2. Gas natural conectado a red pública
3. Petróleo, gasolina, kerosene, alcohol
4. Gas propano /GLP (en cilindro o pipeta) 
5. Carbón mineral
6. Leña, madera 
7. Carbón de leña
8. Material de desecho";"1. Debe tener información cuando P1698=1
2. Si seleccionó P8520S1=2 en la tabla DBF_ENCSV_590_1 No puede seleccionar 1
3. Si seleccionó P5666=2 en la tabla DBF_ENCSV_591_1  No puede seleccionar 2
2. Debe aceptar valores de 1 a 8";;Recolectada/Acopiada;Publicación no anonimizada;Encuesta Nacional de Calidad de Vida (ECV)
CAP_C;DBF_ENCV_591_1;C. SERVICIOS DEL HOGAR;P80_C1;P8540;37. ¿Cuánto pagaron EL MES PASADO en combustible para cocinar?;No aplica (NA);;No;NUMBER;22;;"1. Debe tener información cuando P8536>=3 ó P1698S1 >=3
2. Debe aceptar  valor entre 1000  hasta 500.000 ó 00 ó 98 ó 99   ";;Recolectada/Acopiada;Publicación no anonimizada;Encuesta Nacional de Calidad de Vida (ECV)
CAP_C;DBF_ENCV_591_1;C. SERVICIOS DEL HOGAR;P81_C1;P8540S1;Confirme Valor;No aplica (NA);;No;NUMBER;22;;"1. Debe tener información cuando P8540 is not null
2. Debe ser igual a P8540";;Recolectada/Acopiada;Publicación no anonimizada;Encuesta Nacional de Calidad de Vida (ECV)
CAP_C;DBF_ENCV_591_1;C. SERVICIOS DEL HOGAR;P82_C1;P5305;38. ¿En este hogar tienen servicio telefónico fijo?;No aplica (NA);;No;NUMBER;22;"1.  Sí
2.  No";"1. Debe tener información cuando P70>=1 y P5002=1
2. Debe aceptar valores 1 ó 2";;Recolectada/Acopiada;Publicación no anonimizada;Encuesta Nacional de Calidad de Vida (ECV)
CAP_C;DBF_ENCV_591_1;C. SERVICIOS DEL HOGAR;P83_C1;P3171;39. ¿Este hogar realiza alguna actividad productiva en la vivienda o en el lote o terreno? ;No aplica (NA);;No;NUMBER;22;"1.  Sí
2.  No";"1. Debe tener información cuando P70>=1 y P5002=1
2. Debe aceptar valores 1 ó 2";;Recolectada/Acopiada;Publicación no anonimizada;Encuesta Nacional de Calidad de Vida (ECV)
CAP_C;DBF_ENCV_591_1;C. SERVICIOS DEL HOGAR;P84_C1;P3172;40. ¿Cuál(es) actividad(es) productiva(s) realiza?;No aplica (NA);;No;NUMBER;22;;Almacena el titulo de la pregunta;;Recolectada/Acopiada;Publicación no anonimizada;Encuesta Nacional de Calidad de Vida (ECV)
CAP_C;DBF_ENCV_591_1;C. SERVICIOS DEL HOGAR;P85_C1;P3172S1;1. De comercio;No aplica (NA);;No;NUMBER;22;;"1. Pregunta de selección múltiple si tiene información debe seer cuando P3171 = 1
2. Debe aceptar valor 1";;Recolectada/Acopiada;Publicación no anonimizada;Encuesta Nacional de Calidad de Vida (ECV)
CAP_C;DBF_ENCV_591_1;C. SERVICIOS DEL HOGAR;P86_C1;P3172S2;2. Industriales;No aplica (NA);;No;NUMBER;22;;"1. Pregunta de selección múltiple si tiene información debe seer cuando P3171 = 1
2. Debe aceptar valor 1";;Recolectada/Acopiada;Publicación no anonimizada;Encuesta Nacional de Calidad de Vida (ECV)
CAP_C;DBF_ENCV_591_1;C. SERVICIOS DEL HOGAR;P87_C1;P3172S3;3. De servicios;No aplica (NA);;No;NUMBER;22;;"1. Pregunta de selección múltiple si tiene información debe seer cuando P3171 = 1
2. Debe aceptar valor 1";;Recolectada/Acopiada;Publicación no anonimizada;Encuesta Nacional de Calidad de Vida (ECV)
CAP_C;DBF_ENCV_591_1;C. SERVICIOS DEL HOGAR;P88_C1;P3172S4;4. Agropecuarias;No aplica (NA);;No;NUMBER;22;;"1. Pregunta de selección múltiple si tiene información debe seer cuando P3171 = 1
2. Debe aceptar valor 1";;Recolectada/Acopiada;Publicación no anonimizada;Encuesta Nacional de Calidad de Vida (ECV)
CAP_C;DBF_ENCV_591_1;C. SERVICIOS DEL HOGAR;P89_C1;P3173;41. En los últimos 12 meses, ¿ha sufrido eventos climáticos (inundaciones, desbordamientos, crecientes, arroyos, sequías, tormentas o vendavales) que afectaron su vida o la de algún integrante del hogar?;No aplica (NA);;No;NUMBER;22;"1.  Sí
2.  No";"1. Debe tener información cuando Clase!== 1
2. Debe aceptar valores 1 ó 2";;Recolectada/Acopiada;Publicación no anonimizada;Encuesta Nacional de Calidad de Vida (ECV)
CAP_C;DBF_ENCV_591_1;C. SERVICIOS DEL HOGAR;P90_C1;P3174;42. ¿Cómo lo afectaron a usted o a algún integrante de su hogar?;No aplica (NA);;No;NUMBER;22;;Pertenece al titulo de la pregunta, no guarda ningún dato;;Recolectada/Acopiada;Publicación no anonimizada;Encuesta Nacional de Calidad de Vida (ECV)
CAP_C;DBF_ENCV_591_1;C. SERVICIOS DEL HOGAR;P91_C1;P3174S1;1. Redujeron la disponibilidad de agua;No aplica (NA);;No;NUMBER;22;;1. Pregunta de selección múltiple si información debe ser cuando Clase!== 1 y P3173=1 y debe ser 1;;Recolectada/Acopiada;Publicación no anonimizada;Encuesta Nacional de Calidad de Vida (ECV)
CAP_C;DBF_ENCV_591_1;C. SERVICIOS DEL HOGAR;P92_C1;P3174S2;2. Causaron enfermedades tropicales (zica, dengue, chikunguña, fiebre amarilla) ;No aplica (NA);;No;NUMBER;22;;1. Pregunta de selección múltiple si información debe ser cuando Clase!== 1 y P3173=1 y debe ser 1;;Recolectada/Acopiada;Publicación no anonimizada;Encuesta Nacional de Calidad de Vida (ECV)
CAP_C;DBF_ENCV_591_1;C. SERVICIOS DEL HOGAR;P93_C1;P3174S3;3. Causaron enfermedades respiratorias;No aplica (NA);;No;NUMBER;22;;1. Pregunta de selección múltiple si información debe ser cuando Clase!== 1 y P3173=1 y debe ser 1;;Recolectada/Acopiada;Publicación no anonimizada;Encuesta Nacional de Calidad de Vida (ECV)
CAP_C;DBF_ENCV_591_1;C. SERVICIOS DEL HOGAR;P94_C1;P3174S4;4. Causaron pérdidas de cultivos o animales;No aplica (NA);;No;NUMBER;22;;1. Pregunta de selección múltiple si información debe ser cuando Clase!== 1 y P3173=1 y debe ser 1;;Recolectada/Acopiada;Publicación no anonimizada;Encuesta Nacional de Calidad de Vida (ECV)
CAP_C;DBF_ENCV_591_1;C. SERVICIOS DEL HOGAR;P95_C1;P3174S5;5. Disminuyeron la calidad de los suelos o generaron erosión;No aplica (NA);;No;NUMBER;22;;1. Pregunta de selección múltiple si información debe ser cuando Clase!== 1 y P3173=1 y debe ser 1;;Recolectada/Acopiada;Publicación no anonimizada;Encuesta Nacional de Calidad de Vida (ECV)
CAP_C;DBF_ENCV_591_1;C. SERVICIOS DEL HOGAR;P95_C1;I_HOGAR;Ingreso Mensual Total del Hogar;No aplica (NA);;No;NUMBER;22;;;;Nueva;Publicación no anonimizada;Encuesta Nacional de Calidad de Vida (ECV)
CAP_C;DBF_ENCV_591_1;C. SERVICIOS DEL HOGAR;P95_C1;I_UGASTO;Ingreso Mensual Total de la unidad de Gasto;No aplica (NA);;No;NUMBER;22;;;;Nueva;Publicación no anonimizada;Encuesta Nacional de Calidad de Vida (ECV)
CAP_C;DBF_ENCV_591_1;C. SERVICIOS DEL HOGAR;P95_C1;PERCAPITA;Ingreso per-cápita;No aplica (NA);;No;NUMBER;22;;;;Nueva;Publicación no anonimizada;Encuesta Nacional de Calidad de Vida (ECV)
CAP_C;DBF_ENCV_591_1;C. SERVICIOS DEL HOGAR;P95_C1;I_OU;Ingreso Mensual Total de la otra Unidad;No aplica (NA);;No;NUMBER;22;;;;Nueva;Publicación no anonimizada;Encuesta Nacional de Calidad de Vida (ECV)
CAP_C;DBF_ENCV_591_1;C. SERVICIOS DEL HOGAR;P95_C1;CANT_PERSONAS_HOGAR;43. ¿Cuántas personas componen este hogar?;No aplica (NA);;No;NUMBER;22;;;;Recolectada/Acopiada;Publicación no anonimizada;Encuesta Nacional de Calidad de Vida (ECV)
CAP_K;DBF_ENCV_591_2;K. TENENCIA Y FINANCIACIÓN DE LA VIVIENDA QUE OCUPA EL HOGAR;P01_K1;DIRECTORIO;DIRECTORIO;Llave Foránea (FK);DBF_ENCV_591_1;Si;NUMBER;22;;1. Siempre debe tener información;;Recolectada/Acopiada;Publicación no anonimizada;Encuesta Nacional de Calidad de Vida (ECV)
CAP_K;DBF_ENCV_591_2;K. TENENCIA Y FINANCIACIÓN DE LA VIVIENDA QUE OCUPA EL HOGAR;P02_K1;SECUENCIA_ENCUESTA;Número del Hogar dentro de la vivienda;Llave Foránea (FK);DBF_ENCV_591_1;Si;NUMBER;22;;1. Siempre debe tener información;;Recolectada/Acopiada;Publicación no anonimizada;Encuesta Nacional de Calidad de Vida (ECV)
CAP_K;DBF_ENCV_591_2;K. TENENCIA Y FINANCIACIÓN DE LA VIVIENDA QUE OCUPA EL HOGAR;P03_K1;SECUENCIA_P;SECUENCIA_P;Llave Foránea (FK);DBF_ENCV_591_1;Si;NUMBER;22;;1. Siempre debe tener información y debe ser 1;;Recolectada/Acopiada;Publicación no anonimizada;Encuesta Nacional de Calidad de Vida (ECV)
CAP_K;DBF_ENCV_591_2;K. TENENCIA Y FINANCIACIÓN DE LA VIVIENDA QUE OCUPA EL HOGAR;P04_K1;ORDEN;Número del Hogar dentro de la vivienda;Llave Foránea (FK);DBF_ENCV_591_1;No;NUMBER;22;;1. Siempre debe tener información;;Recolectada/Acopiada;Publicación no anonimizada;Encuesta Nacional de Calidad de Vida (ECV)
CAP_K;DBF_ENCV_591_2;K. TENENCIA Y FINANCIACIÓN DE LA VIVIENDA QUE OCUPA EL HOGAR;P05_K1;FEX_C;Factor de expansión ;No aplica (NA);;Sí;NUMBER;22;;;;Nueva;Publicación no anonimizada;Encuesta Nacional de Calidad de Vida (ECV)
CAP_K;DBF_ENCV_591_2;K. TENENCIA Y FINANCIACIÓN DE LA VIVIENDA QUE OCUPA EL HOGAR;P06_K1;P5095;1. La vivienda ocupada por este hogar es:;No aplica (NA);;No;NUMBER;22;"1. Propia, totalmente pagada
2. Propia, la están pagando
3. En arriendo o subarriendo
4. Con permiso del propietario/a, sin pago alguno (usufructuario/a)
5. Posesión sin título (Ocupante  de hecho)
6. Propiedad colectiva";"1. Debe tener información cuando P70>=1 Tabla DBF_ENCV_590_1 y P5002=1  Tabla DBF_ENCV_591_1 y P205>=1 Tabla DBF_ENCV_591_1
2. Debe aceptar valores de 1 a 6";;Recolectada/Acopiada;Publicación no anonimizada;Encuesta Nacional de Calidad de Vida (ECV)
CAP_K;DBF_ENCV_591_2;K. TENENCIA Y FINANCIACIÓN DE LA VIVIENDA QUE OCUPA EL HOGAR;P07_K1;P5100;2. ¿Cuánto pagan mensualmente por cuota de amortización? ;No aplica (NA);;No;NUMBER;22;;"1. Debe tener información cuando P5095=2
2. Debe aceptar valores entre 1000 y 10'000.000 ó 99";;Recolectada/Acopiada;Publicación no anonimizada;Encuesta Nacional de Calidad de Vida (ECV)
CAP_K;DBF_ENCV_591_2;K. TENENCIA Y FINANCIACIÓN DE LA VIVIENDA QUE OCUPA EL HOGAR;P08_K1;P3197;3.¿Algún miembro de este hogar tiene seguros de vivienda? (contra desastres naturales, incendio, robo, daño)?;No aplica (NA);;No;NUMBER;22;"1. Si
2. No";"1. Debe tener información cuando P5095=1 ó P5095=2
2. Debe aceptar valor 1 ó 2";;Recolectada/Acopiada;Publicación no anonimizada;Encuesta Nacional de Calidad de Vida (ECV)
CAP_K;DBF_ENCV_591_2;K. TENENCIA Y FINANCIACIÓN DE LA VIVIENDA QUE OCUPA EL HOGAR;P09_K1;P5120;4. ¿Algún miembro de este hogar tiene escritura registrada de esta vivienda?;No aplica (NA);;No;NUMBER;22;"1.  Sí
2.  No";"1. Debe tener información cuando P5095=1 ó P5095=2
2. Debe aceptar valor 1 ó 2";;Recolectada/Acopiada;Publicación no anonimizada;Encuesta Nacional de Calidad de Vida (ECV)
CAP_K;DBF_ENCV_591_2;K. TENENCIA Y FINANCIACIÓN DE LA VIVIENDA QUE OCUPA EL HOGAR;P10_K1;P8692;5. La escritura esta a nombre de:;No aplica (NA);;No;NUMBER;22;"1. Sólo una persona del hogar
2. Dos o más personas del hogar
3. Personas del hogar con personas de otro hogar";"1. Debe tener información cuando P5120=1
2. Debe aceptar valores de 1 a 3";;Recolectada/Acopiada;Publicación no anonimizada;Encuesta Nacional de Calidad de Vida (ECV)
CAP_K;DBF_ENCV_591_2;K. TENENCIA Y FINANCIACIÓN DE LA VIVIENDA QUE OCUPA EL HOGAR;P11_K1;P8692S1A1;Número de orden;No aplica (NA);;No;NUMBER;22;;"1. Debe tener información cuando P8692=1
2. No puede ser mayor a P205 tabla DBF_ENCV_591_1";;Recolectada/Acopiada;Publicación no anonimizada;Encuesta Nacional de Calidad de Vida (ECV)
CAP_K;DBF_ENCV_591_2;K. TENENCIA Y FINANCIACIÓN DE LA VIVIENDA QUE OCUPA EL HOGAR;P12_K1;P8692S2;Cuántas?;No aplica (NA);;No;NUMBER;22;;"1. Debe tener información cuando P8692=2
2. No puede ser mayor a P205 tabla DBF_ENCV_591_1";;Recolectada/Acopiada;Publicación no anonimizada;Encuesta Nacional de Calidad de Vida (ECV)
CAP_K;DBF_ENCV_591_2;K. TENENCIA Y FINANCIACIÓN DE LA VIVIENDA QUE OCUPA EL HOGAR;P13_K1;P5610;6. El año pasado ¿cuánto pagó por impuesto predial de esta vivienda?;No aplica (NA);;No;NUMBER;22;;"1. Debe tener información cuando P5095<=2
2. Debe aceptar valores entre 0 y  20'000.000";;Recolectada/Acopiada;Publicación no anonimizada;Encuesta Nacional de Calidad de Vida (ECV)
CAP_K;DBF_ENCV_591_2;K. TENENCIA Y FINANCIACIÓN DE LA VIVIENDA QUE OCUPA EL HOGAR;P14_K1;P5610S1;¿A cuántos años corresponde el pago?;No aplica (NA);;No;NUMBER;22;;"1. Debe tener información cuando P5610 >0
2. Debe aceptar valores entre 1 y 5";;Recolectada/Acopiada;Publicación no anonimizada;Encuesta Nacional de Calidad de Vida (ECV)
CAP_K;DBF_ENCV_591_2;K. TENENCIA Y FINANCIACIÓN DE LA VIVIENDA QUE OCUPA EL HOGAR;P15_K1;P8693;7. El año pasado ¿cuánto pagó por impuesto de valorización?;No aplica (NA);;No;NUMBER;22;;"1. Debe tener información cuando P5095<=2
2. Debe aceptar valores entre 0 y 10.000.000";;Recolectada/Acopiada;Publicación no anonimizada;Encuesta Nacional de Calidad de Vida (ECV)
CAP_K;DBF_ENCV_591_2;K. TENENCIA Y FINANCIACIÓN DE LA VIVIENDA QUE OCUPA EL HOGAR;P16_K1;P5110;8. Si Usted quisiera vender esta vivienda, ¿cuál sería el precio mínimo en que la vendería?;No aplica (NA);;No;NUMBER;22;;"1. Debe tener información cuando P5095=1 ó P5095=2
2. Debe aceptar valores entre 50.000 y 999'999.999 ó 99";;Recolectada/Acopiada;Publicación no anonimizada;Encuesta Nacional de Calidad de Vida (ECV)
CAP_K;DBF_ENCV_591_2;K. TENENCIA Y FINANCIACIÓN DE LA VIVIENDA QUE OCUPA EL HOGAR;P17_K1;P5130;9. Si tuviera que pagar arriendo por esta vivienda, ¿cuánto estima que tendría que pagar mensualmente?;No aplica (NA);;No;NUMBER;22;;"1. Debe tener información cuando P5095= 1 ó P5095=2 ó P5095>3
2. Debe aceptar valores entre 10.000 y 25'000.000 ó 99";;Recolectada/Acopiada;Publicación no anonimizada;Encuesta Nacional de Calidad de Vida (ECV)
CAP_K;DBF_ENCV_591_2;K. TENENCIA Y FINANCIACIÓN DE LA VIVIENDA QUE OCUPA EL HOGAR;P18_K1;P5140;10. ¿Cuánto pagan mensualmente por el arriendo?;No aplica (NA);;No;NUMBER;22;;"1. Debe tener información cuando P5095= 3
2. Debe aceptar valores entre 10.000 y 20'000.000";;Recolectada/Acopiada;Publicación no anonimizada;Encuesta Nacional de Calidad de Vida (ECV)
CAP_K;DBF_ENCV_591_2;K. TENENCIA Y FINANCIACIÓN DE LA VIVIENDA QUE OCUPA EL HOGAR;P19_K1;P3006;11. ¿Qué tipo de contrato de arriendo tiene?;No aplica (NA);;No;NUMBER;22;"1. Verbal
2. Escrito";"1. Debe tener información cuando P5095=3
2. Debe aceptar valor 1 ó 2";;Recolectada/Acopiada;Publicación no anonimizada;Encuesta Nacional de Calidad de Vida (ECV)
CAP_K;DBF_ENCV_591_2;K. TENENCIA Y FINANCIACIÓN DE LA VIVIENDA QUE OCUPA EL HOGAR;P20_K1;P5650;12. ¿Cuánto pagan mensualmente por cuota de administración o celaduría?;No aplica (NA);;No;NUMBER;22;;"1. Debe tener información cuando P70>=1 Tabla DBF_ENCV_590_1 y P5002=1  Tabla DBF_ENCV_591_1 y P205>=1 Tabla DBF_ENCV_591_1
2. Debe aceptar valores entre 0 y  2.000.000";;Recolectada/Acopiada;Publicación no anonimizada;Encuesta Nacional de Calidad de Vida (ECV)
CAP_K;DBF_ENCV_591_2;K. TENENCIA Y FINANCIACIÓN DE LA VIVIENDA QUE OCUPA EL HOGAR;P21_K1;P5160;13. ¿En los últimos doce meses, algún miembro del hogar recibió subsidio del gobierno o de otra institución en dinero o en especie para la compra, construcción, mejora, titulación o escrituración de vivienda, casalote o lote?;No aplica (NA);;No;NUMBER;22;"1. Si
2. No";"1. Debe tener información cuando P70>=1 Tabla DBF_ENCV_590_1 y P5002=1  Tabla DBF_ENCV_591_1 y P205>=1 Tabla DBF_ENCV_591_1
2. Debe aceptar valor 1 ó 2";;Recolectada/Acopiada;Publicación no anonimizada;Encuesta Nacional de Calidad de Vida (ECV)
CAP_K;DBF_ENCV_591_2;K. TENENCIA Y FINANCIACIÓN DE LA VIVIENDA QUE OCUPA EL HOGAR;P22_K1;P5160S1;13a. En dinero;No aplica (NA);;No;NUMBER;22;"1. Si
2. No";"1. Debe tener información cuando P5160=1
2. Debe aceptar valor 1 ó 2";;Recolectada/Acopiada;Publicación no anonimizada;Encuesta Nacional de Calidad de Vida (ECV)
CAP_K;DBF_ENCV_591_2;K. TENENCIA Y FINANCIACIÓN DE LA VIVIENDA QUE OCUPA EL HOGAR;P23_K1;P5160S1A1;Valor $;No aplica (NA);;No;NUMBER;22;;"1. Debe tener información cuando P5160S1=1
2. Debe aceptar valores mayor o igual a 10.000";;Recolectada/Acopiada;Publicación no anonimizada;Encuesta Nacional de Calidad de Vida (ECV)
CAP_K;DBF_ENCV_591_2;K. TENENCIA Y FINANCIACIÓN DE LA VIVIENDA QUE OCUPA EL HOGAR;P24_K1;P5160S2;13b. En especie;No aplica (NA);;No;NUMBER;22;"1. Si
2. No";"1. Debe tener información cuando P5160=1
2. Debe aceptar valor 1 ó 2";;Recolectada/Acopiada;Publicación no anonimizada;Encuesta Nacional de Calidad de Vida (ECV)
CAP_K;DBF_ENCV_591_2;K. TENENCIA Y FINANCIACIÓN DE LA VIVIENDA QUE OCUPA EL HOGAR;P25_K1;P5160S2A1;Valor Estimado $;No aplica (NA);;No;NUMBER;22;;"1. Debe tener información cuando P5160S2=2
2. Debe aceptar valores mayor o igual a 10.000";;Recolectada/Acopiada;Publicación no anonimizada;Encuesta Nacional de Calidad de Vida (ECV)
CAP_L;DBF_ENCV_591_3;L. CONDICIONES DE VIDA DEL HOGAR Y TENENCIA DE BIENES;P01_L1;DIRECTORIO;DIRECTORIO;Llave Foránea (FK);;Si;NUMBER;22;;1. Siempre debe tener información;;Recolectada/Acopiada;Publicación no anonimizada;Encuesta Nacional de Calidad de Vida (ECV)
CAP_L;DBF_ENCV_591_3;L. CONDICIONES DE VIDA DEL HOGAR Y TENENCIA DE BIENES;P02_L1;SECUENCIA_ENCUESTA;Número del Hogar dentro de la vivienda;Llave Foránea (FK);;Si;NUMBER;22;;1. Siempre debe tener información;;Recolectada/Acopiada;Publicación no anonimizada;Encuesta Nacional de Calidad de Vida (ECV)
CAP_L;DBF_ENCV_591_3;L. CONDICIONES DE VIDA DEL HOGAR Y TENENCIA DE BIENES;P03_L1;SECUENCIA_P;SECUENCIA_P;Llave Primaria (PK);;Si;NUMBER;22;;1. Siempre debe tener información y debe ser 1;;Recolectada/Acopiada;Publicación no anonimizada;Encuesta Nacional de Calidad de Vida (ECV)
CAP_L;DBF_ENCV_591_3;L. CONDICIONES DE VIDA DEL HOGAR Y TENENCIA DE BIENES;P04_L1;ORDEN;Número del Hogar dentro de la vivienda;No aplica (NA);;No;NUMBER;22;;1. Siempre debe tener información;;Recolectada/Acopiada;Publicación no anonimizada;Encuesta Nacional de Calidad de Vida (ECV)
CAP_L;DBF_ENCV_591_3;L. CONDICIONES DE VIDA DEL HOGAR Y TENENCIA DE BIENES;P05_L1;FEX_C;Factor de expansión ;No aplica (NA);;Sí;NUMBER;22;;;;Nueva;Publicación no anonimizada;Encuesta Nacional de Calidad de Vida (ECV)
CAP_L;DBF_ENCV_591_3;L. CONDICIONES DE VIDA DEL HOGAR Y TENENCIA DE BIENES;P06_L1;P1079;1.  ¿Quién contesta el capítulo?;No aplica (NA);;No;NUMBER;22;"1. Jefe/a del hogar
2. Cónyuge";"1. Debe tener información cuando P5002=1 tabla DBF_ENCV_591_1 and P70>=1 tabla DBF_ENCV_590_1  y P205>= 1 tabla DBF_ENCV_591_1
2. Debe aceptar valor 1 ó 2";;Recolectada/Acopiada;Publicación no anonimizada;Encuesta Nacional de Calidad de Vida (ECV)
CAP_L;DBF_ENCV_591_3;L. CONDICIONES DE VIDA DEL HOGAR Y TENENCIA DE BIENES;P07_L1;P9010;2. ¿Cómo se siente en el barrio, pueblo o vereda donde vive?;No aplica (NA);;No;NUMBER;22;"1. Seguro/a
2.  Inseguro/a";"1. Debe tener información cuando P5002=1 tabla DBF_ENCV_591_1 and P70>=1 tabla DBF_ENCV_590_1  y P205>= 1 tabla DBF_ENCV_591_1
2. Debe aceptar valor 1 ó 2";;Recolectada/Acopiada;Publicación no anonimizada;Encuesta Nacional de Calidad de Vida (ECV)
CAP_L;DBF_ENCV_591_3;L. CONDICIONES DE VIDA DEL HOGAR Y TENENCIA DE BIENES;P08_L1;P9025;3. Durante los últimos 12 MESES, ¿de cuáles de los siguientes hechos ha sido víctima usted o algún miembro del hogar?;No aplica (NA);;No;NUMBER;22;;Pertenece al titulo de la pregunta, no guarda ningún dato;;Recolectada/Acopiada;Publicación no anonimizada;Encuesta Nacional de Calidad de Vida (ECV)
CAP_L;DBF_ENCV_591_3;L. CONDICIONES DE VIDA DEL HOGAR Y TENENCIA DE BIENES;P09_L1;P9025S1;1. Atracos o robos;No aplica (NA);;No;NUMBER;22;"1. Si
2. No";"1. Debe tener información cuando P5002=1 tabla DBF_ENCV_591_1 and P70>=1 tabla DBF_ENCV_590_1  y P205>= 1 tabla DBF_ENCV_591_1
2. Debe aceptar valor 1 ó 2";;Recolectada/Acopiada;Publicación no anonimizada;Encuesta Nacional de Calidad de Vida (ECV)
CAP_L;DBF_ENCV_591_3;L. CONDICIONES DE VIDA DEL HOGAR Y TENENCIA DE BIENES;P10_L1;P9025S2;2. Otro hecho violento (homicidios, asesinatos, secuestros, lesiones personales, violaciones, extorsiones, desalojos);No aplica (NA);;No;NUMBER;22;"1. Si
2. No";"1. Debe tener información cuando P5002=1 tabla DBF_ENCV_591_1 and P70>=1 tabla DBF_ENCV_590_1  y P205>= 1 tabla DBF_ENCV_591_1
2. Debe aceptar valor 1 ó 2";;Recolectada/Acopiada;Publicación no anonimizada;Encuesta Nacional de Calidad de Vida (ECV)
CAP_L;DBF_ENCV_591_3;L. CONDICIONES DE VIDA DEL HOGAR Y TENENCIA DE BIENES;P11_L1;P3180;4. Durante los últimos 12 meses, ¿cuáles de los siguientes problemas sabe usted se presentaron en su barrio, centro poblado o vereda:;No aplica (NA);;No;NUMBER;2;;Pertenece al titulo de la pregunta, no guarda ningún dato;;Recolectada/Acopiada;Publicación no anonimizada;Encuesta Nacional de Calidad de Vida (ECV)
CAP_L;DBF_ENCV_591_3;L. CONDICIONES DE VIDA DEL HOGAR Y TENENCIA DE BIENES;P12_L1;P3180S1;1. Hurtos (a personas, residencias, comercio, vehículos);No aplica (NA);;No;NUMBER;2;"1. Si
2. No";"1. Debe tener información cuando P5002=1 tabla DBF_ENCV_591_1 and P70>=1 tabla DBF_ENCV_590_1  y P205>= 1 tabla DBF_ENCV_591_1
2. Debe aceptar valor 1 ó 2";;Recolectada/Acopiada;Publicación no anonimizada;Encuesta Nacional de Calidad de Vida (ECV)
CAP_L;DBF_ENCV_591_3;L. CONDICIONES DE VIDA DEL HOGAR Y TENENCIA DE BIENES;P13_L1;P3180S2;2. Homicidios;No aplica (NA);;No;NUMBER;2;"1. Si
2. No";"1. Debe tener información cuando P5002=1 tabla DBF_ENCV_591_1 and P70>=1 tabla DBF_ENCV_590_1  y P205>= 1 tabla DBF_ENCV_591_1
2. Debe aceptar valor 1 ó 2";;Recolectada/Acopiada;Publicación no anonimizada;Encuesta Nacional de Calidad de Vida (ECV)
CAP_L;DBF_ENCV_591_3;L. CONDICIONES DE VIDA DEL HOGAR Y TENENCIA DE BIENES;P14_L1;P3180S3;3. Extorsiones;No aplica (NA);;No;NUMBER;2;"1. Si
2. No";"1. Debe tener información cuando P5002=1 tabla DBF_ENCV_591_1 and P70>=1 tabla DBF_ENCV_590_1  y P205>= 1 tabla DBF_ENCV_591_1
2. Debe aceptar valor 1 ó 2";;Recolectada/Acopiada;Publicación no anonimizada;Encuesta Nacional de Calidad de Vida (ECV)
CAP_L;DBF_ENCV_591_3;L. CONDICIONES DE VIDA DEL HOGAR Y TENENCIA DE BIENES;P15_L1;P3180S4;4. Riñas;No aplica (NA);;No;NUMBER;2;"1. Si
2. No";"1. Debe tener información cuando P5002=1 tabla DBF_ENCV_591_1 and P70>=1 tabla DBF_ENCV_590_1  y P205>= 1 tabla DBF_ENCV_591_1
2. Debe aceptar valor 1 ó 2";;Recolectada/Acopiada;Publicación no anonimizada;Encuesta Nacional de Calidad de Vida (ECV)
CAP_L;DBF_ENCV_591_3;L. CONDICIONES DE VIDA DEL HOGAR Y TENENCIA DE BIENES;P16_L1;P3180S5;5. Vandalismo;No aplica (NA);;No;NUMBER;2;"1. Si
2. No";"1. Debe tener información cuando P5002=1 tabla DBF_ENCV_591_1 and P70>=1 tabla DBF_ENCV_590_1  y P205>= 1 tabla DBF_ENCV_591_1
2. Debe aceptar valor 1 ó 2";;Recolectada/Acopiada;Publicación no anonimizada;Encuesta Nacional de Calidad de Vida (ECV)
CAP_L;DBF_ENCV_591_3;L. CONDICIONES DE VIDA DEL HOGAR Y TENENCIA DE BIENES;P17_L1;P3180S6;6. Consumo de drogas;No aplica (NA);;No;NUMBER;2;"1. Si
2. No";"1. Debe tener información cuando P5002=1 tabla DBF_ENCV_591_1 and P70>=1 tabla DBF_ENCV_590_1  y P205>= 1 tabla DBF_ENCV_591_1
2. Debe aceptar valor 1 ó 2";;Recolectada/Acopiada;Publicación no anonimizada;Encuesta Nacional de Calidad de Vida (ECV)
CAP_L;DBF_ENCV_591_3;L. CONDICIONES DE VIDA DEL HOGAR Y TENENCIA DE BIENES;P18_L1;P3180S7;7. Petardos o granadas;No aplica (NA);;No;NUMBER;2;"1. Si
2. No";"1. Debe tener información cuando P5002=1 tabla DBF_ENCV_591_1 and P70>=1 tabla DBF_ENCV_590_1  y P205>= 1 tabla DBF_ENCV_591_1
2. Debe aceptar valor 1 ó 2";;Recolectada/Acopiada;Publicación no anonimizada;Encuesta Nacional de Calidad de Vida (ECV)
CAP_L;DBF_ENCV_591_3;L. CONDICIONES DE VIDA DEL HOGAR Y TENENCIA DE BIENES;P19_L1;P3180S8;8. Hurto de ganado o semovientes;No aplica (NA);;No;NUMBER;2;"1. Si
2. No";"1. Debe tener información cuando P5002=1 tabla DBF_ENCV_591_1 and P70>=1 tabla DBF_ENCV_590_1  y P205>= 1 tabla DBF_ENCV_591_1
2. Debe aceptar valor 1 ó 2";;Recolectada/Acopiada;Publicación no anonimizada;Encuesta Nacional de Calidad de Vida (ECV)
CAP_L;DBF_ENCV_591_3;L. CONDICIONES DE VIDA DEL HOGAR Y TENENCIA DE BIENES;P20_L1;P3180S9;9. Paros armados;No aplica (NA);;No;NUMBER;2;"1. Si
2. No";"1. Debe tener información cuando P5002=1 tabla DBF_ENCV_591_1 and P70>=1 tabla DBF_ENCV_590_1  y P205>= 1 tabla DBF_ENCV_591_1
2. Debe aceptar valor 1 ó 2";;Recolectada/Acopiada;Publicación no anonimizada;Encuesta Nacional de Calidad de Vida (ECV)
CAP_L;DBF_ENCV_591_3;L. CONDICIONES DE VIDA DEL HOGAR Y TENENCIA DE BIENES;P21_L1;P3180S10;10. Siembra de cultivos ilícitos;No aplica (NA);;No;NUMBER;2;"1. Si
2. No";"1. Debe tener información cuando P5002=1 tabla DBF_ENCV_591_1 and P70>=1 tabla DBF_ENCV_590_1  y P205>= 1 tabla DBF_ENCV_591_1
2. Debe aceptar valor 1 ó 2";;Recolectada/Acopiada;Publicación no anonimizada;Encuesta Nacional de Calidad de Vida (ECV)
CAP_L;DBF_ENCV_591_3;L. CONDICIONES DE VIDA DEL HOGAR Y TENENCIA DE BIENES;P22_L1;P3180S11;11. Minería ilegal;No aplica (NA);;No;NUMBER;2;"1. Si
2. No";"1. Debe tener información cuando P5002=1 tabla DBF_ENCV_591_1 and P70>=1 tabla DBF_ENCV_590_1  y P205>= 1 tabla DBF_ENCV_591_1
2. Debe aceptar valor 1 ó 2";;Recolectada/Acopiada;Publicación no anonimizada;Encuesta Nacional de Calidad de Vida (ECV)
CAP_L;DBF_ENCV_591_3;L. CONDICIONES DE VIDA DEL HOGAR Y TENENCIA DE BIENES;P23_L1;P3180S12;12. Reforestación o tala de árboles;No aplica (NA);;No;NUMBER;2;"1. Si
2. No";"1. Debe tener información cuando P5002=1 tabla DBF_ENCV_591_1 and P70>=1 tabla DBF_ENCV_590_1  y P205>= 1 tabla DBF_ENCV_591_1
2. Debe aceptar valor 1 ó 2";;Recolectada/Acopiada;Publicación no anonimizada;Encuesta Nacional de Calidad de Vida (ECV)
CAP_L;DBF_ENCV_591_3;L. CONDICIONES DE VIDA DEL HOGAR Y TENENCIA DE BIENES;P24_L1;P3180S13;13. Contaminación de recursos hídricos;No aplica (NA);;No;NUMBER;2;"1. Si
2. No";"1. Debe tener información cuando P5002=1 tabla DBF_ENCV_591_1 and P70>=1 tabla DBF_ENCV_590_1  y P205>= 1 tabla DBF_ENCV_591_1
2. Debe aceptar valor 1 ó 2";;Recolectada/Acopiada;Publicación no anonimizada;Encuesta Nacional de Calidad de Vida (ECV)
CAP_L;DBF_ENCV_591_3;L. CONDICIONES DE VIDA DEL HOGAR Y TENENCIA DE BIENES;P25_L1;P3180S14;14. Violaciones sexuales;No aplica (NA);;No;NUMBER;2;"1. Si
2. No";"1. Debe tener información cuando P5002=1 tabla DBF_ENCV_591_1 and P70>=1 tabla DBF_ENCV_590_1  y P205>= 1 tabla DBF_ENCV_591_1
2. Debe aceptar valor 1 ó 2";;Recolectada/Acopiada;Publicación no anonimizada;Encuesta Nacional de Calidad de Vida (ECV)
CAP_L;DBF_ENCV_591_3;L. CONDICIONES DE VIDA DEL HOGAR Y TENENCIA DE BIENES;P26_L1;P3180S15;15. Acoso sexual en espacios públicos (“piropos”, manoseo, exhibicionismo, intentos de violación, etc.).;No aplica (NA);;No;NUMBER;2;"1. Si
2. No";"1. Debe tener información cuando P5002=1 tabla DBF_ENCV_591_1 and P70>=1 tabla DBF_ENCV_590_1  y P205>= 1 tabla DBF_ENCV_591_1
2. Debe aceptar valor 1 ó 2";;Recolectada/Acopiada;Publicación no anonimizada;Encuesta Nacional de Calidad de Vida (ECV)
CAP_L;DBF_ENCV_591_3;L. CONDICIONES DE VIDA DEL HOGAR Y TENENCIA DE BIENES;P27_L1;P9005;5. Durante los últimos 12 meses, ¿usted tuvo conocimiento de la presencia de algunos de los siguientes grupos en el barrio, centro poblado o vereda…;No aplica (NA);;No;NUMBER;2;;Pertenece al titulo de la pregunta, no guarda ningún dato;;Recolectada/Acopiada;Publicación no anonimizada;Encuesta Nacional de Calidad de Vida (ECV)
CAP_L;DBF_ENCV_591_3;L. CONDICIONES DE VIDA DEL HOGAR Y TENENCIA DE BIENES;P28_L1;P9005S1;1. Combos, pandillas, parches o grupos con fines delincuenciales;No aplica (NA);;No;NUMBER;2;"1. Si
2. No";"1. Debe tener información cuando P5002=1 tabla DBF_ENCV_591_1 and P70>=1 tabla DBF_ENCV_590_1  y P205>= 1 tabla DBF_ENCV_591_1
2. Debe aceptar valor 1 ó 2";;Recolectada/Acopiada;Publicación no anonimizada;Encuesta Nacional de Calidad de Vida (ECV)
CAP_L;DBF_ENCV_591_3;L. CONDICIONES DE VIDA DEL HOGAR Y TENENCIA DE BIENES;P29_L1;P9005S2;2. Expendedores de droga;No aplica (NA);;No;NUMBER;2;"1. Si
2. No";"1. Debe tener información cuando P5002=1 tabla DBF_ENCV_591_1 and P70>=1 tabla DBF_ENCV_590_1  y P205>= 1 tabla DBF_ENCV_591_1
2. Debe aceptar valor 1 ó 2";;Recolectada/Acopiada;Publicación no anonimizada;Encuesta Nacional de Calidad de Vida (ECV)
CAP_L;DBF_ENCV_591_3;L. CONDICIONES DE VIDA DEL HOGAR Y TENENCIA DE BIENES;P30_L1;P9005S3;3. Barrismo social (barras bravas);No aplica (NA);;No;NUMBER;2;"1. Si
2. No";"1. Debe tener información cuando P5002=1 tabla DBF_ENCV_591_1 and P70>=1 tabla DBF_ENCV_590_1  y P205>= 1 tabla DBF_ENCV_591_1
2. Debe aceptar valor 1 ó 2";;Recolectada/Acopiada;Publicación no anonimizada;Encuesta Nacional de Calidad de Vida (ECV)
CAP_L;DBF_ENCV_591_3;L. CONDICIONES DE VIDA DEL HOGAR Y TENENCIA DE BIENES;P31_L1;P9005S4;4. Guerrilla;No aplica (NA);;No;NUMBER;2;"1. Si
2. No";"1. Debe tener información cuando P5002=1 tabla DBF_ENCV_591_1 and P70>=1 tabla DBF_ENCV_590_1  y P205>= 1 tabla DBF_ENCV_591_1
2. Debe aceptar valor 1 ó 2";;Recolectada/Acopiada;Publicación no anonimizada;Encuesta Nacional de Calidad de Vida (ECV)
CAP_L;DBF_ENCV_591_3;L. CONDICIONES DE VIDA DEL HOGAR Y TENENCIA DE BIENES;P32_L1;P9005S5;5. Grupos armados organizados;No aplica (NA);;No;NUMBER;2;"1. Si
2. No";"1. Debe tener información cuando P5002=1 tabla DBF_ENCV_591_1 and P70>=1 tabla DBF_ENCV_590_1  y P205>= 1 tabla DBF_ENCV_591_1
2. Debe aceptar valor 1 ó 2";;Recolectada/Acopiada;Publicación no anonimizada;Encuesta Nacional de Calidad de Vida (ECV)
CAP_L;DBF_ENCV_591_3;L. CONDICIONES DE VIDA DEL HOGAR Y TENENCIA DE BIENES;P33_L1;P5230;6. ¿Usted se considera pobre?;No aplica (NA);;No;NUMBER;22;"1. Si
2. No";"1. Debe tener información cuando P5002=1 tabla DBF_ENCV_591_1 and P70>=1 tabla DBF_ENCV_590_1  y P205>= 1 tabla DBF_ENCV_591_1
2. Debe aceptar valor 1 ó 2";;Recolectada/Acopiada;Publicación no anonimizada;Encuesta Nacional de Calidad de Vida (ECV)
CAP_L;DBF_ENCV_591_3;L. CONDICIONES DE VIDA DEL HOGAR Y TENENCIA DE BIENES;P34_L1;P9090;7. Los ingresos de su hogar:;No aplica (NA);;No;NUMBER;22;"1.  No alcanzan para cubrir los gastos mínimos
2. Alcanzan para cubrir los gastos mínimos
3.  Cubren más que los gastos mínimos";"1. Debe tener información cuando P5002=1 tabla DBF_ENCV_591_1 and P70>=1 tabla DBF_ENCV_590_1  y P205>= 1 tabla DBF_ENCV_591_1
2. Debe aceptar valores entre 1 y 3";;Recolectada/Acopiada;Publicación no anonimizada;Encuesta Nacional de Calidad de Vida (ECV)
CAP_L;DBF_ENCV_591_3;L. CONDICIONES DE VIDA DEL HOGAR Y TENENCIA DE BIENES;P35_L1;P784;8. Durante los últimos 12 MESES, algún miembro de este hogar recibió ayudas o  subsidios en dinero o en especie de entidades del gobierno nacional, departamental o municipal por concepto de:;No aplica (NA);;No;NUMBER;22;;Pertenece al titulo de la pregunta, no guarda ningún dato;;Recolectada/Acopiada;Publicación no anonimizada;Encuesta Nacional de Calidad de Vida (ECV)
CAP_L;DBF_ENCV_591_3;L. CONDICIONES DE VIDA DEL HOGAR Y TENENCIA DE BIENES;P36_L1;P784S2;1. Colombia Mayor (programa para adultos mayores)?;No aplica (NA);;No;NUMBER;22;"1. Si
2. No";"1. Siempre debe tener información
2. Debe aceptar valor 1 ó 2";;Recolectada/Acopiada;Publicación no anonimizada;Encuesta Nacional de Calidad de Vida (ECV)
CAP_L;DBF_ENCV_591_3;L. CONDICIONES DE VIDA DEL HOGAR Y TENENCIA DE BIENES;P37_L1;P784S2A1;¿Cuántos miembros del hogar recibieron el subsidio?;No aplica (NA);;No;NUMBER;22;;"1. Debe tener información cuando P784S2= 1
2. No puede ser mayor a P205 tabla DBF_ENCV_591_1";;Recolectada/Acopiada;Publicación no anonimizada;Encuesta Nacional de Calidad de Vida (ECV)
CAP_L;DBF_ENCV_591_3;L. CONDICIONES DE VIDA DEL HOGAR Y TENENCIA DE BIENES;P38_L1;P784S2A2;¿Cuánto recibieron en los últimos  12 meses?;No aplica (NA);;No;NUMBER;22;;"1. Debe tener información cuando P784S2= 1
2. Debe ser mayor a 5000 y 100.000.000 ó 98 ó 99";;Recolectada/Acopiada;Publicación no anonimizada;Encuesta Nacional de Calidad de Vida (ECV)
CAP_L;DBF_ENCV_591_3;L. CONDICIONES DE VIDA DEL HOGAR Y TENENCIA DE BIENES;P39_L1;P784S7;"2. Componente ""Colombia sin hambre"" del programa Renta ciudadana?";No aplica (NA);;No;NUMBER;22;"1. Si
2. No";"1. Siempre debe tener información
2. Debe aceptar valor 1 ó 2";;Recolectada/Acopiada;Publicación no anonimizada;Encuesta Nacional de Calidad de Vida (ECV)
CAP_L;DBF_ENCV_591_3;L. CONDICIONES DE VIDA DEL HOGAR Y TENENCIA DE BIENES;P40_L1;P784S7A1;¿Cuántos miembros del hogar recibieron el subsidio?;No aplica (NA);;No;NUMBER;22;;"1. Debe tener información cuando P784S7= 1
2. No puede ser mayor a P205 tabla DBF_ENCV_591_1";;Recolectada/Acopiada;Publicación no anonimizada;Encuesta Nacional de Calidad de Vida (ECV)
CAP_L;DBF_ENCV_591_3;L. CONDICIONES DE VIDA DEL HOGAR Y TENENCIA DE BIENES;P41_L1;P784S7A2;¿Cuánto recibieron en los últimos  12 meses?;No aplica (NA);;No;NUMBER;22;;"1. Debe tener información cuando P784S7= 1
2. Debe ser mayor a 5000 y 100.000.000 ó 98 ó 99";;Recolectada/Acopiada;Publicación no anonimizada;Encuesta Nacional de Calidad de Vida (ECV)
CAP_L;DBF_ENCV_591_3;L. CONDICIONES DE VIDA DEL HOGAR Y TENENCIA DE BIENES;P42_L1;P784S6;"3. Componente ""Devolución del IVA"" del programa Renta ciudadana?";No aplica (NA);;No;VARCHAR2;2000;"1. Si
2. No";"1. Siempre debe tener información
2. Debe aceptar valor 1 ó 2";;Recolectada/Acopiada;Publicación no anonimizada;Encuesta Nacional de Calidad de Vida (ECV)
CAP_L;DBF_ENCV_591_3;L. CONDICIONES DE VIDA DEL HOGAR Y TENENCIA DE BIENES;P43_L1;P784S6A1;¿Cuántos miembros del hogar recibieron el subsidio?;No aplica (NA);;No;NUMBER;;;"1. Debe tener información cuando P784S56= 1
2. No puede ser mayor a P205 tabla DBF_ENCV_591_1";;Recolectada/Acopiada;Publicación no anonimizada;Encuesta Nacional de Calidad de Vida (ECV)
CAP_L;DBF_ENCV_591_3;L. CONDICIONES DE VIDA DEL HOGAR Y TENENCIA DE BIENES;P44_L1;P784S6A2;¿Cuánto recibieron en los últimos  12 meses?;No aplica (NA);;No;NUMBER;;;"1. Debe tener información cuando P784S6= 1
2. Debe ser mayor a 5000 y 100.000.000 ó 98 ó 99";;Recolectada/Acopiada;Publicación no anonimizada;Encuesta Nacional de Calidad de Vida (ECV)
CAP_L;DBF_ENCV_591_3;L. CONDICIONES DE VIDA DEL HOGAR Y TENENCIA DE BIENES;P45_L1;P784S4;4. Otro/s?;No aplica (NA);;No;NUMBER;22;"1. Si
2. No";"1. Siempre debe tener información
2. Debe aceptar valor 1 ó 2";;Recolectada/Acopiada;Publicación no anonimizada;Encuesta Nacional de Calidad de Vida (ECV)
CAP_L;DBF_ENCV_591_3;L. CONDICIONES DE VIDA DEL HOGAR Y TENENCIA DE BIENES;P46_L1;P784S4A1;¿Cuántos programas?;No aplica (NA);;No;NUMBER;22;;"1. Debe tener información cuando P784S4= 1
2. Debe aceptar valores entre 1 y 3";;Recolectada/Acopiada;Publicación no anonimizada;Encuesta Nacional de Calidad de Vida (ECV)
CAP_L;DBF_ENCV_591_3;L. CONDICIONES DE VIDA DEL HOGAR Y TENENCIA DE BIENES;P47_L1;P1072;9. ¿Cuantas libras de arroz consumió este hogar la semana pasada dentro del hogar?;No aplica (NA);;No;NUMBER;22;;Pertenece al titulo de la pregunta, no guarda ningún dato;;Recolectada/Acopiada;Publicación no anonimizada;Encuesta Nacional de Calidad de Vida (ECV)
CAP_L;DBF_ENCV_591_3;L. CONDICIONES DE VIDA DEL HOGAR Y TENENCIA DE BIENES;P48_L1;P1072S1;Libras;No aplica (NA);;No;NUMBER;22;;"1. Debe tener información cuando P5002=1 tabla DBF_ENCV_591_1 and P70>=1 tabla DBF_ENCV_590_1  y P205>= 1 tabla DBF_ENCV_591_1
2. Debe aceptar valores entre 0 y 50 ó 99";;Recolectada/Acopiada;Publicación no anonimizada;Encuesta Nacional de Calidad de Vida (ECV)
CAP_L;DBF_ENCV_591_3;L. CONDICIONES DE VIDA DEL HOGAR Y TENENCIA DE BIENES;P49_L1;P1072S2;Gramos;No aplica (NA);;No;NUMBER;22;;"1. Debe tener información cuando P1072S1<201
2. Debe aceptar  valores de 0 a 495";;Recolectada/Acopiada;Publicación no anonimizada;Encuesta Nacional de Calidad de Vida (ECV)
CAP_L;DBF_ENCV_591_3;L. CONDICIONES DE VIDA DEL HOGAR Y TENENCIA DE BIENES;P50_L1;P1077;10. ¿Cuáles de los siguientes bienes o servicios posee este hogar?;No aplica (NA);;No;NUMBER;22;;Pertenece al titulo de la pregunta, no guarda ningún dato;;Recolectada/Acopiada;Publicación no anonimizada;Encuesta Nacional de Calidad de Vida (ECV)
CAP_L;DBF_ENCV_591_3;L. CONDICIONES DE VIDA DEL HOGAR Y TENENCIA DE BIENES;P51_L1;P1077S1;1. Máquina lavadora de ropa;No aplica (NA);;No;NUMBER;22;"1. Sí
2. No";"1. Debe tener información cuando P5002=1 tabla DBF_ENCV_591_1 and P70>=1 tabla DBF_ENCV_590_1  y P205>= 1 tabla DBF_ENCV_591_1
2. Debe aceptar valor 1 ó 2";;Recolectada/Acopiada;Publicación no anonimizada;Encuesta Nacional de Calidad de Vida (ECV)
CAP_L;DBF_ENCV_591_3;L. CONDICIONES DE VIDA DEL HOGAR Y TENENCIA DE BIENES;P52_L1;P1077S2;2. Nevera o refrigerador;No aplica (NA);;No;NUMBER;22;"1. Sí
2. No";"1. Debe tener información cuando P5002=1 tabla DBF_ENCV_591_1 and P70>=1 tabla DBF_ENCV_590_1  y P205>= 1 tabla DBF_ENCV_591_1
2. Debe aceptar valor 1 ó 2";;Recolectada/Acopiada;Publicación no anonimizada;Encuesta Nacional de Calidad de Vida (ECV)
CAP_L;DBF_ENCV_591_3;L. CONDICIONES DE VIDA DEL HOGAR Y TENENCIA DE BIENES;P53_L1;P1077S3;3. Estufa eléctrica o de gas;No aplica (NA);;No;NUMBER;22;"1. Sí
2. No";"1. Debe tener información cuando P5002=1 tabla DBF_ENCV_591_1 and P70>=1 tabla DBF_ENCV_590_1  y P205>= 1 tabla DBF_ENCV_591_1
2. Debe aceptar valor 1 ó 2";;Recolectada/Acopiada;Publicación no anonimizada;Encuesta Nacional de Calidad de Vida (ECV)
CAP_L;DBF_ENCV_591_3;L. CONDICIONES DE VIDA DEL HOGAR Y TENENCIA DE BIENES;P54_L1;P1077S6;4. Calentador de agua eléctrico o de gas o ducha eléctrica;No aplica (NA);;No;NUMBER;22;"1. Sí
2. No";"1. Debe tener información cuando P5002=1 tabla DBF_ENCV_591_1 and P70>=1 tabla DBF_ENCV_590_1  y P205>= 1 tabla DBF_ENCV_591_1
2. Debe aceptar valor 1 ó 2";;Recolectada/Acopiada;Publicación no anonimizada;Encuesta Nacional de Calidad de Vida (ECV)
CAP_L;DBF_ENCV_591_3;L. CONDICIONES DE VIDA DEL HOGAR Y TENENCIA DE BIENES;P55_L1;P1077S27;5. Plancha;No aplica (NA);;No;NUMBER;22;"1. Sí
2. No";"1. Debe tener información cuando P5002=1 tabla DBF_ENCV_591_1 and P70>=1 tabla DBF_ENCV_590_1  y P205>= 1 tabla DBF_ENCV_591_1
2. Debe aceptar valor 1 ó 2";;Recolectada/Acopiada;Publicación no anonimizada;Encuesta Nacional de Calidad de Vida (ECV)
CAP_L;DBF_ENCV_591_3;L. CONDICIONES DE VIDA DEL HOGAR Y TENENCIA DE BIENES;P56_L1;P1077S10;6. Equipo de sonido;No aplica (NA);;No;NUMBER;22;"1. Sí
2. No";"1. Debe tener información cuando P5002=1 tabla DBF_ENCV_591_1 and P70>=1 tabla DBF_ENCV_590_1  y P205>= 1 tabla DBF_ENCV_591_1
2. Debe aceptar valor 1 ó 2";;Recolectada/Acopiada;Publicación no anonimizada;Encuesta Nacional de Calidad de Vida (ECV)
CAP_L;DBF_ENCV_591_3;L. CONDICIONES DE VIDA DEL HOGAR Y TENENCIA DE BIENES;P57_L1;P1077S28;7. Suscripción a plataformas de transmisión de video o música por internet;No aplica (NA);;No;NUMBER;22;"1. Sí
2. No";"1. Debe tener información cuando P5002=1 tabla DBF_ENCV_591_1 and P70>=1 tabla DBF_ENCV_590_1  y P205>= 1 tabla DBF_ENCV_591_1
2. Debe aceptar valor 1 ó 2";;Recolectada/Acopiada;Publicación no anonimizada;Encuesta Nacional de Calidad de Vida (ECV)
CAP_L;DBF_ENCV_591_3;L. CONDICIONES DE VIDA DEL HOGAR Y TENENCIA DE BIENES;P58_L1;P1077S7;8. Tv a color convencional (cuadrado o gordo);No aplica (NA);;No;NUMBER;22;"1. Sí
2. No";"1. Debe tener información cuando P5002=1 tabla DBF_ENCV_591_1 and P70>=1 tabla DBF_ENCV_590_1  y P205>= 1 tabla DBF_ENCV_591_1
2. Debe aceptar valor 1 ó 2";;Recolectada/Acopiada;Publicación no anonimizada;Encuesta Nacional de Calidad de Vida (ECV)
CAP_L;DBF_ENCV_591_3;L. CONDICIONES DE VIDA DEL HOGAR Y TENENCIA DE BIENES;P59_L1;P1077S8;9. Tv LCD, plasma o LED (delgado o diseño plano);No aplica (NA);;No;NUMBER;22;"1. Sí
2. No";"1. Debe tener información cuando P5002=1 tabla DBF_ENCV_591_1 and P70>=1 tabla DBF_ENCV_590_1  y P205>= 1 tabla DBF_ENCV_591_1
2. Debe aceptar valor 1 ó 2";;Recolectada/Acopiada;Publicación no anonimizada;Encuesta Nacional de Calidad de Vida (ECV)
CAP_L;DBF_ENCV_591_3;L. CONDICIONES DE VIDA DEL HOGAR Y TENENCIA DE BIENES;P60_L1;P1077S11;10. Aire acondicionado;No aplica (NA);;No;NUMBER;22;"1. Sí
2. No";"1. Debe tener información cuando P5002=1 tabla DBF_ENCV_591_1 and P70>=1 tabla DBF_ENCV_590_1  y P205>= 1 tabla DBF_ENCV_591_1
2. Debe aceptar valor 1 ó 2";;Recolectada/Acopiada;Publicación no anonimizada;Encuesta Nacional de Calidad de Vida (ECV)
CAP_L;DBF_ENCV_591_3;L. CONDICIONES DE VIDA DEL HOGAR Y TENENCIA DE BIENES;P61_L1;P1077S12;11. Ventilador o abanico;No aplica (NA);;No;NUMBER;22;"1. Sí
2. No";"1. Debe tener información cuando P5002=1 tabla DBF_ENCV_591_1 and P70>=1 tabla DBF_ENCV_590_1  y P205>= 1 tabla DBF_ENCV_591_1
2. Debe aceptar valor 1 ó 2";;Recolectada/Acopiada;Publicación no anonimizada;Encuesta Nacional de Calidad de Vida (ECV)
CAP_L;DBF_ENCV_591_3;L. CONDICIONES DE VIDA DEL HOGAR Y TENENCIA DE BIENES;P62_L1;P1077S14;12. Consolas para juegos electrónicos: Play Station, X-box, Wii, PSP, Nintendo, Gameboy, etc.;No aplica (NA);;No;NUMBER;22;"1. Sí
2. No";"1. Debe tener información cuando P5002=1 tabla DBF_ENCV_591_1 and P70>=1 tabla DBF_ENCV_590_1  y P205>= 1 tabla DBF_ENCV_591_1
2. Debe aceptar valor 1 ó 2";;Recolectada/Acopiada;Publicación no anonimizada;Encuesta Nacional de Calidad de Vida (ECV)
CAP_L;DBF_ENCV_591_3;L. CONDICIONES DE VIDA DEL HOGAR Y TENENCIA DE BIENES;P63_L1;P1077S15;13. Carro particular;No aplica (NA);;No;NUMBER;22;"1. Sí
2. No";"1. Debe tener información cuando P5002=1 tabla DBF_ENCV_591_1 and P70>=1 tabla DBF_ENCV_590_1  y P205>= 1 tabla DBF_ENCV_591_1
2. Debe aceptar valor 1 ó 2";;Recolectada/Acopiada;Publicación no anonimizada;Encuesta Nacional de Calidad de Vida (ECV)
CAP_L;DBF_ENCV_591_3;L. CONDICIONES DE VIDA DEL HOGAR Y TENENCIA DE BIENES;P64_L1;P1077S15A1;Cuántos?;No aplica (NA);;No;NUMBER;22;;"1. Debe tener información cuando P1077S15=1
2. Debe aceptar valores entre 1 y 10";;Recolectada/Acopiada;Publicación no anonimizada;Encuesta Nacional de Calidad de Vida (ECV)
CAP_L;DBF_ENCV_591_3;L. CONDICIONES DE VIDA DEL HOGAR Y TENENCIA DE BIENES;P65_L1;P1077S16;14. Moto;No aplica (NA);;No;NUMBER;22;"1. Sí
2. No";"1. Debe tener información cuando P5002=1 tabla DBF_ENCV_591_1 and P70>=1 tabla DBF_ENCV_590_1  y P205>= 1 tabla DBF_ENCV_591_1
2. Debe aceptar valor 1 ó 2";;Recolectada/Acopiada;Publicación no anonimizada;Encuesta Nacional de Calidad de Vida (ECV)
CAP_L;DBF_ENCV_591_3;L. CONDICIONES DE VIDA DEL HOGAR Y TENENCIA DE BIENES;P66_L1;P1077S16A1;Cuántas?;No aplica (NA);;No;NUMBER;22;;"1. Debe tener información cuando P1077S16=1
2. Debe aceptar valores entre 1 y 10";;Recolectada/Acopiada;Publicación no anonimizada;Encuesta Nacional de Calidad de Vida (ECV)
CAP_L;DBF_ENCV_591_3;L. CONDICIONES DE VIDA DEL HOGAR Y TENENCIA DE BIENES;P67_L1;P1077S17;15. Bicicleta;No aplica (NA);;No;NUMBER;22;"1. Sí
2. No";"1. Debe tener información cuando P5002=1 tabla DBF_ENCV_591_1 and P70>=1 tabla DBF_ENCV_590_1  y P205>= 1 tabla DBF_ENCV_591_1
2. Debe aceptar valor 1 ó 2";;Recolectada/Acopiada;Publicación no anonimizada;Encuesta Nacional de Calidad de Vida (ECV)
CAP_L;DBF_ENCV_591_3;L. CONDICIONES DE VIDA DEL HOGAR Y TENENCIA DE BIENES;P68_L1;P1077S30;16. Patineta eléctrica;No aplica (NA);;No;NUMBER;22;"1. Sí
2. No";"1. Debe tener información cuando P5002=1 tabla DBF_ENCV_591_1 and P70>=1 tabla DBF_ENCV_590_1  y P205>= 1 tabla DBF_ENCV_591_1
2. Debe aceptar valor 1 ó 2";;Recolectada/Acopiada;Publicación no anonimizada;Encuesta Nacional de Calidad de Vida (ECV)
CAP_L;DBF_ENCV_591_3;L. CONDICIONES DE VIDA DEL HOGAR Y TENENCIA DE BIENES;P69_L1;P1077S18;17. Casa, apartamento  o finca de recreo;No aplica (NA);;No;NUMBER;22;"1. Sí
2. No";"1. Debe tener información cuando P5002=1 tabla DBF_ENCV_591_1 and P70>=1 tabla DBF_ENCV_590_1  y P205>= 1 tabla DBF_ENCV_591_1
2. Debe aceptar valor 1 ó 2";;Recolectada/Acopiada;Publicación no anonimizada;Encuesta Nacional de Calidad de Vida (ECV)
CAP_L;DBF_ENCV_591_3;L. CONDICIONES DE VIDA DEL HOGAR Y TENENCIA DE BIENES;P70_L1;P1077S21;18. Computador de escritorio;No aplica (NA);;No;NUMBER;22;"1. Sí
2. No";"1. Debe tener información cuando P5002=1 tabla DBF_ENCV_591_1 and P70>=1 tabla DBF_ENCV_590_1  y P205>= 1 tabla DBF_ENCV_591_1
2. Debe aceptar valor 1 ó 2";;Recolectada/Acopiada;Publicación no anonimizada;Encuesta Nacional de Calidad de Vida (ECV)
CAP_L;DBF_ENCV_591_3;L. CONDICIONES DE VIDA DEL HOGAR Y TENENCIA DE BIENES;P71_L1;P1077S21A1;Cuántos?;No aplica (NA);;No;NUMBER;22;;"1. Debe tener información cuando P1077S21=1
2. Debe aceptar valores entre 1 y 10";;Recolectada/Acopiada;Publicación no anonimizada;Encuesta Nacional de Calidad de Vida (ECV)
CAP_L;DBF_ENCV_591_3;L. CONDICIONES DE VIDA DEL HOGAR Y TENENCIA DE BIENES;P72_L1;P1077S22;19. Computador portátil;No aplica (NA);;No;NUMBER;22;"1. Sí
2. No";"1. Debe tener información cuando P5002=1 tabla DBF_ENCV_591_1 and P70>=1 tabla DBF_ENCV_590_1  y P205>= 1 tabla DBF_ENCV_591_1
2. Debe aceptar valor 1 ó 2";;Recolectada/Acopiada;Publicación no anonimizada;Encuesta Nacional de Calidad de Vida (ECV)
CAP_L;DBF_ENCV_591_3;L. CONDICIONES DE VIDA DEL HOGAR Y TENENCIA DE BIENES;P73_L1;P1077S22A1;Cuántos?;No aplica (NA);;No;NUMBER;22;;"1. Debe tener información cuando P1077S22=1
2. Debe aceptar valores entre 1 y 10";;Recolectada/Acopiada;Publicación no anonimizada;Encuesta Nacional de Calidad de Vida (ECV)
CAP_L;DBF_ENCV_591_3;L. CONDICIONES DE VIDA DEL HOGAR Y TENENCIA DE BIENES;P74_L1;P1077S23;20. Tableta ;No aplica (NA);;No;NUMBER;22;"1. Sí
2. No";"1. Debe tener información cuando P5002=1 tabla DBF_ENCV_591_1 and P70>=1 tabla DBF_ENCV_590_1  y P205>= 1 tabla DBF_ENCV_591_1
2. Debe aceptar valor 1 ó 2";;Recolectada/Acopiada;Publicación no anonimizada;Encuesta Nacional de Calidad de Vida (ECV)
CAP_L;DBF_ENCV_591_3;L. CONDICIONES DE VIDA DEL HOGAR Y TENENCIA DE BIENES;P75_L1;P1077S23A1;Cuántas?;No aplica (NA);;No;NUMBER;22;;"1. Debe tener información cuando P1077S23=1
2. Debe aceptar valores entre 1 y 10";;Recolectada/Acopiada;Publicación no anonimizada;Encuesta Nacional de Calidad de Vida (ECV)
CAP_L;DBF_ENCV_591_3;L. CONDICIONES DE VIDA DEL HOGAR Y TENENCIA DE BIENES;P76_L1;P1076;11.  ¿Cuál es la principal razón  por la que el hogar  no tiene computador (de escritorio, portátil o tableta)?;No aplica (NA);;No;NUMBER;22;"1.  No están interesados
2.  No saben cómo usarlo
3.  Es demasiado costoso
4. Otra";"1. Debe tener información cuando P1077S21= 2 y P1077S22= 2 y P1077S23=2
2. Debe aceptar valores de 1 a 4";;Recolectada/Acopiada;Publicación no anonimizada;Encuesta Nacional de Calidad de Vida (ECV)
CAP_L;DBF_ENCV_591_3;L. CONDICIONES DE VIDA DEL HOGAR Y TENENCIA DE BIENES;P77_L1;P1075;12. ¿El hogar tiene conexión a internet?;No aplica (NA);;No;NUMBER;22;"1. Sí
2. No";"1. Debe tener información cuando P5002=1 tabla DBF_ENCV_591_1 and P70>=1 tabla DBF_ENCV_590_1  y P205>= 1 tabla DBF_ENCV_591_1
2. Debe aceptar valor 1 ó 2";;Recolectada/Acopiada;Publicación no anonimizada;Encuesta Nacional de Calidad de Vida (ECV)
CAP_L;DBF_ENCV_591_3;L. CONDICIONES DE VIDA DEL HOGAR Y TENENCIA DE BIENES;P78_L1;P1075S1;Fijo;No aplica (NA);;No;NUMBER;22;"1. Sí
2. No";"1. Debe tener información cuando P1075=1
2. Debe aceptar valor 1 ó 2";;Recolectada/Acopiada;Publicación no anonimizada;Encuesta Nacional de Calidad de Vida (ECV)
CAP_L;DBF_ENCV_591_3;L. CONDICIONES DE VIDA DEL HOGAR Y TENENCIA DE BIENES;P79_L1;P1075S2;Movil;No aplica (NA);;No;NUMBER;22;"1. Sí
2. No";"1. Debe tener información cuando P1075=1
2. Debe aceptar valor 1 ó 2";;Recolectada/Acopiada;Publicación no anonimizada;Encuesta Nacional de Calidad de Vida (ECV)
CAP_L;DBF_ENCV_591_3;L. CONDICIONES DE VIDA DEL HOGAR Y TENENCIA DE BIENES;P80_L1;P1074;13. ¿Cuál es la razón principal por la que el hogar no tiene conexión a internet?;No aplica (NA);;No;NUMBER;22;"1. Es muy costoso
2. No lo considera necesario
3. No tiene un dispositivo para conectarse
4. Puede acceder desde el trabajo, la institución educativa, la vivienda de otra persona
5. Puede conectarse sin costo desde lugares de acceso público 
6. No sabe usarlo
7. No hay cobertura en la zona
8. Aunque en la zona hay cobertura, la calidad
del servicio es deficiente
9. Otra";"1. Debe tener información cuando P1075=2
2. Debe aceptar valores de 1 a 9";;Recolectada/Acopiada;Publicación no anonimizada;Encuesta Nacional de Calidad de Vida (ECV)
CAP_L;DBF_ENCV_591_3;L. CONDICIONES DE VIDA DEL HOGAR Y TENENCIA DE BIENES;P81_L1;P795;14. ¿Qué servicio usa el hogar para ver televisión?;No aplica (NA);;No;NUMBER;22;;Pertenece al titulo de la pregunta, no guarda ningún dato;;Recolectada/Acopiada;Publicación no anonimizada;Encuesta Nacional de Calidad de Vida (ECV)
CAP_L;DBF_ENCV_591_3;L. CONDICIONES DE VIDA DEL HOGAR Y TENENCIA DE BIENES;P82_L1;P795S1;Señal abierta;No aplica (NA);;No;NUMBER;22;;1. Pregunta de selección múltiple si tiene información debe ser cuando P1077S9=1 ó P1077S8=1 y debe ser 1;;Recolectada/Acopiada;Publicación no anonimizada;Encuesta Nacional de Calidad de Vida (ECV)
CAP_L;DBF_ENCV_591_3;L. CONDICIONES DE VIDA DEL HOGAR Y TENENCIA DE BIENES;P83_L1;P795S1A1; a.Análoga;No aplica (NA);;No;NUMBER;22;"1. Si
2. No";"1. Debe tener información cuando P795S1=1
2. Debe aceptar valor 1 ó 2";;Recolectada/Acopiada;Publicación no anonimizada;Encuesta Nacional de Calidad de Vida (ECV)
CAP_L;DBF_ENCV_591_3;L. CONDICIONES DE VIDA DEL HOGAR Y TENENCIA DE BIENES;P84_L1;P795S1A2;b. TDT;No aplica (NA);;No;NUMBER;22;"1. Si
2. No";"1. Debe tener información cuando P795S1=1
2. Debe aceptar valor 1 ó 2";;Recolectada/Acopiada;Publicación no anonimizada;Encuesta Nacional de Calidad de Vida (ECV)
CAP_L;DBF_ENCV_591_3;L. CONDICIONES DE VIDA DEL HOGAR Y TENENCIA DE BIENES;P85_L1;P795S2;2. Cable;No aplica (NA);;No;NUMBER;22;;1. Pregunta de selección múltiple si tiene información debe ser cuando P1077S9=1 ó P1077S8=1 y debe ser 1;;Recolectada/Acopiada;Publicación no anonimizada;Encuesta Nacional de Calidad de Vida (ECV)
CAP_L;DBF_ENCV_591_3;L. CONDICIONES DE VIDA DEL HOGAR Y TENENCIA DE BIENES;P86_L1;P795S3;3. Satelital;No aplica (NA);;No;NUMBER;22;;1. Pregunta de selección múltiple si tiene información debe ser cuando P1077S9=1 ó P1077S8=1 y debe ser 1;;Recolectada/Acopiada;Publicación no anonimizada;Encuesta Nacional de Calidad de Vida (ECV)
CAP_L;DBF_ENCV_591_3;L. CONDICIONES DE VIDA DEL HOGAR Y TENENCIA DE BIENES;P87_L1;P795S4;4. IPTV;No aplica (NA);;No;NUMBER;22;;1. Pregunta de selección múltiple si tiene información debe ser cuando P1077S9=1 ó P1077S8=1 y debe ser 1;;Recolectada/Acopiada;Publicación no anonimizada;Encuesta Nacional de Calidad de Vida (ECV)
CAP_L;DBF_ENCV_591_3;L. CONDICIONES DE VIDA DEL HOGAR Y TENENCIA DE BIENES;P88_L1;P1913;15. ¿Cuánto tiempo gastaria usted caminando  para llegar a los siguientes servicios o establecimientos más cercanos a la vivienda?;No aplica (NA);;No;NUMBER;22;;Pertenece al titulo de la pregunta, no guarda ningún dato;;Recolectada/Acopiada;Publicación no anonimizada;Encuesta Nacional de Calidad de Vida (ECV)
CAP_L;DBF_ENCV_591_3;L. CONDICIONES DE VIDA DEL HOGAR Y TENENCIA DE BIENES;P89_L1;P1913S1;1. Paradero o estación de transporte público;No aplica (NA);;No;NUMBER;22;;"1. Debe tener información cuando P5002=1 tabla DBF_ENCV_591_1 and P70>=1 tabla DBF_ENCV_590_1  y P205>= 1 tabla DBF_ENCV_591_1
2. Debe aceptar valores entre 0 y 120 ó 999";;Recolectada/Acopiada;Publicación no anonimizada;Encuesta Nacional de Calidad de Vida (ECV)
CAP_L;DBF_ENCV_591_3;L. CONDICIONES DE VIDA DEL HOGAR Y TENENCIA DE BIENES;P90_L1;P1913S2;2. Establecimiento educativo o de cuidado de niños y niñas (colegio, jardín infantil, hogar comunitario o centro de desarrollo infantil);No aplica (NA);;No;NUMBER;22;;"1. Debe tener información cuando P5002=1 tabla DBF_ENCV_591_1 and P70>=1 tabla DBF_ENCV_590_1  y P205>= 1 tabla DBF_ENCV_591_1
2. Debe aceptar valores entre 0 y 120 ó 999";;Recolectada/Acopiada;Publicación no anonimizada;Encuesta Nacional de Calidad de Vida (ECV)
CAP_L;DBF_ENCV_591_3;L. CONDICIONES DE VIDA DEL HOGAR Y TENENCIA DE BIENES;P91_L1;P1913S3;3.Hospital o centro de salud;No aplica (NA);;No;NUMBER;22;;"1. Debe tener información cuando P5002=1 tabla DBF_ENCV_591_1 and P70>=1 tabla DBF_ENCV_590_1  y P205>= 1 tabla DBF_ENCV_591_1
2. Debe aceptar valores entre 0 y 120 ó 999";;Recolectada/Acopiada;Publicación no anonimizada;Encuesta Nacional de Calidad de Vida (ECV)
CAP_L;DBF_ENCV_591_3;L. CONDICIONES DE VIDA DEL HOGAR Y TENENCIA DE BIENES;P92_L1;P1913S10;4.Supermercado o tienda;No aplica (NA);;No;NUMBER;22;;"1. Debe tener información cuando P5002=1 tabla DBF_ENCV_591_1 and P70>=1 tabla DBF_ENCV_590_1  y P205>= 1 tabla DBF_ENCV_591_1
2. Debe aceptar valores entre 0 y 120 ó 999";;Recolectada/Acopiada;Publicación no anonimizada;Encuesta Nacional de Calidad de Vida (ECV)
CAP_L;DBF_ENCV_591_3;L. CONDICIONES DE VIDA DEL HOGAR Y TENENCIA DE BIENES;P93_L1;P1913S9;5. Plaza de mercado;No aplica (NA);;No;NUMBER;22;;"1. Debe tener información cuando P5002=1 tabla DBF_ENCV_591_1 and P70>=1 tabla DBF_ENCV_590_1  y P205>= 1 tabla DBF_ENCV_591_1
2. Debe aceptar valores entre 0 y 120 ó 999";;Recolectada/Acopiada;Publicación no anonimizada;Encuesta Nacional de Calidad de Vida (ECV)
CAP_L;DBF_ENCV_591_3;L. CONDICIONES DE VIDA DEL HOGAR Y TENENCIA DE BIENES;P94_L1;P1913S5;6. Estación de policía o CAI;No aplica (NA);;No;NUMBER;22;;"1. Debe tener información cuando P5002=1 tabla DBF_ENCV_591_1 and P70>=1 tabla DBF_ENCV_590_1  y P205>= 1 tabla DBF_ENCV_591_1
2. Debe aceptar valores entre 0 y 120 ó 999";;Recolectada/Acopiada;Publicación no anonimizada;Encuesta Nacional de Calidad de Vida (ECV)
CAP_L;DBF_ENCV_591_3;L. CONDICIONES DE VIDA DEL HOGAR Y TENENCIA DE BIENES;P95_L1;P1913S6;7. Droguería o farmacia;No aplica (NA);;No;NUMBER;22;;"1. Debe tener información cuando P5002=1 tabla DBF_ENCV_591_1 and P70>=1 tabla DBF_ENCV_590_1  y P205>= 1 tabla DBF_ENCV_591_1
2. Debe aceptar valores entre 0 y 120 ó 999";;Recolectada/Acopiada;Publicación no anonimizada;Encuesta Nacional de Calidad de Vida (ECV)
CAP_L;DBF_ENCV_591_3;L. CONDICIONES DE VIDA DEL HOGAR Y TENENCIA DE BIENES;P96_L1;P1913S7;8. Parque o zonas verdes;No aplica (NA);;No;NUMBER;22;;"1. Debe tener información cuando P5002=1 tabla DBF_ENCV_591_1 and P70>=1 tabla DBF_ENCV_590_1  y P205>= 1 tabla DBF_ENCV_591_1
2. Debe aceptar valores entre 0 y 120 ó 999";;Recolectada/Acopiada;Publicación no anonimizada;Encuesta Nacional de Calidad de Vida (ECV)
CAP_L;DBF_ENCV_591_3;L. CONDICIONES DE VIDA DEL HOGAR Y TENENCIA DE BIENES;P97_L1;P1913S11;9. Escenarios culturales o recreativos (biblioteca, casa de la cultura, teatro, etc.);No aplica (NA);;No;NUMBER;22;;"1. Debe tener información cuando P5002=1 tabla DBF_ENCV_591_1 and P70>=1 tabla DBF_ENCV_590_1  y P205>= 1 tabla DBF_ENCV_591_1
2. Debe aceptar valores entre 0 y 120 ó 999";;Recolectada/Acopiada;Publicación no anonimizada;Encuesta Nacional de Calidad de Vida (ECV)
CAP_L;DBF_ENCV_591_3;L. CONDICIONES DE VIDA DEL HOGAR Y TENENCIA DE BIENES;P98_L1;P1913S12;10. Espacios deportivos (cancha, pista, coliseo);No aplica (NA);;No;NUMBER;22;;"1. Debe tener información cuando P5002=1 tabla DBF_ENCV_591_1 and P70>=1 tabla DBF_ENCV_590_1  y P205>= 1 tabla DBF_ENCV_591_1
2. Debe aceptar valores entre 0 y 120 ó 999";;Recolectada/Acopiada;Publicación no anonimizada;Encuesta Nacional de Calidad de Vida (ECV)
CAP_L;DBF_ENCV_591_3;L. CONDICIONES DE VIDA DEL HOGAR Y TENENCIA DE BIENES;P99_L1;P1913S8;11. Banco, cajero automático o corresponsal bancario;No aplica (NA);;No;NUMBER;22;;"1. Debe tener información cuando P5002=1 tabla DBF_ENCV_591_1 and P70>=1 tabla DBF_ENCV_590_1  y P205>= 1 tabla DBF_ENCV_591_1
2. Debe aceptar valores entre 0 y 120 ó 999";;Recolectada/Acopiada;Publicación no anonimizada;Encuesta Nacional de Calidad de Vida (ECV)
CAP_L;DBF_ENCV_591_3;L. CONDICIONES DE VIDA DEL HOGAR Y TENENCIA DE BIENES;P100_L1;P1913S13;12. Centro de venta o acopio (sólo para centros poblados y rural disperso);No aplica (NA);;No;NUMBER;22;;"1. Debe tener información cuando P5002=1 tabla DBF_ENCV_591_1 and P70>=1 tabla DBF_ENCV_590_1  y P205>= 1 tabla DBF_ENCV_591_1 y Clase=2
2. Debe aceptar valores entre 0 y 120 ó 999";;Recolectada/Acopiada;Publicación no anonimizada;Encuesta Nacional de Calidad de Vida (ECV)
CAP_L;DBF_ENCV_591_3;L. CONDICIONES DE VIDA DEL HOGAR Y TENENCIA DE BIENES;P101_L1;P3202;16. En los últimos 12 meses, ¿cuáles de los siguientes eventos se presentaron en su hogar? ;No aplica (NA);;No;NUMBER;22;;Pertenece al titulo de la pregunta, no guarda ningún dato;;Recolectada/Acopiada;Publicación no anonimizada;Encuesta Nacional de Calidad de Vida (ECV)
CAP_L;DBF_ENCV_591_3;L. CONDICIONES DE VIDA DEL HOGAR Y TENENCIA DE BIENES;P102_L1;P3202S1;1. El jefe/a de hogar perdió su empleo;No aplica (NA);;No;NUMBER;22;;1. Pregunta de selección múltiple si tiene información  debe ser cuando P5002=1 tabla DBF_ENCV_591_1 and P70>=1 tabla DBF_ENCV_590_1  y P205>= 1 tabla DBF_ENCV_591_1 y debe tener valor 1;;Recolectada/Acopiada;Publicación no anonimizada;Encuesta Nacional de Calidad de Vida (ECV)
CAP_L;DBF_ENCV_591_3;L. CONDICIONES DE VIDA DEL HOGAR Y TENENCIA DE BIENES;P103_L1;P3202S2;2. El/la cónyuge perdió su empleo;No aplica (NA);;No;NUMBER;22;;1. Pregunta de selección múltiple si tiene información  debe ser cuando P5002=1 tabla DBF_ENCV_591_1 and P70>=1 tabla DBF_ENCV_590_1  y P205>= 1 tabla DBF_ENCV_591_1 y debe tener valor 1;;Recolectada/Acopiada;Publicación no anonimizada;Encuesta Nacional de Calidad de Vida (ECV)
CAP_L;DBF_ENCV_591_3;L. CONDICIONES DE VIDA DEL HOGAR Y TENENCIA DE BIENES;P104_L1;P3202S3;3. Otro miembro del hogar perdió su empleo;No aplica (NA);;No;NUMBER;22;;1. Pregunta de selección múltiple si tiene información  debe ser cuando P5002=1 tabla DBF_ENCV_591_1 and P70>=1 tabla DBF_ENCV_590_1  y P205>= 1 tabla DBF_ENCV_591_1 y debe tener valor 1;;Recolectada/Acopiada;Publicación no anonimizada;Encuesta Nacional de Calidad de Vida (ECV)
CAP_L;DBF_ENCV_591_3;L. CONDICIONES DE VIDA DEL HOGAR Y TENENCIA DE BIENES;P105_L1;P3202S4;4. Tuvieron que cerrar el negocio del cual derivaban su ingreso;No aplica (NA);;No;NUMBER;22;;1. Pregunta de selección múltiple si tiene información  debe ser cuando P5002=1 tabla DBF_ENCV_591_1 and P70>=1 tabla DBF_ENCV_590_1  y P205>= 1 tabla DBF_ENCV_591_1 y debe tener valor 1;;Recolectada/Acopiada;Publicación no anonimizada;Encuesta Nacional de Calidad de Vida (ECV)
CAP_L;DBF_ENCV_591_3;L. CONDICIONES DE VIDA DEL HOGAR Y TENENCIA DE BIENES;P106_L1;P3202S5;5. No pudieron vender la producción de su finca o negocio;No aplica (NA);;No;NUMBER;22;;1. Pregunta de selección múltiple si tiene información  debe ser cuando P5002=1 tabla DBF_ENCV_591_1 and P70>=1 tabla DBF_ENCV_590_1  y P205>= 1 tabla DBF_ENCV_591_1 y debe tener valor 1;;Recolectada/Acopiada;Publicación no anonimizada;Encuesta Nacional de Calidad de Vida (ECV)
CAP_L;DBF_ENCV_591_3;L. CONDICIONES DE VIDA DEL HOGAR Y TENENCIA DE BIENES;P107_L1;P3202S6;6. Se atrasaron en el pago del jardín o colegio;No aplica (NA);;No;NUMBER;22;;1. Pregunta de selección múltiple si tiene información  debe ser cuando P5002=1 tabla DBF_ENCV_591_1 and P70>=1 tabla DBF_ENCV_590_1  y P205>= 1 tabla DBF_ENCV_591_1 y debe tener valor 1;;Recolectada/Acopiada;Publicación no anonimizada;Encuesta Nacional de Calidad de Vida (ECV)
CAP_L;DBF_ENCV_591_3;L. CONDICIONES DE VIDA DEL HOGAR Y TENENCIA DE BIENES;P108_L1;P3202S7;7. No pudieron pagar la universidad o la matrícula del programa técnico o tecnológico;No aplica (NA);;No;NUMBER;22;;1. Pregunta de selección múltiple si tiene información  debe ser cuando P5002=1 tabla DBF_ENCV_591_1 and P70>=1 tabla DBF_ENCV_590_1  y P205>= 1 tabla DBF_ENCV_591_1 y debe tener valor 1;;Recolectada/Acopiada;Publicación no anonimizada;Encuesta Nacional de Calidad de Vida (ECV)
CAP_L;DBF_ENCV_591_3;L. CONDICIONES DE VIDA DEL HOGAR Y TENENCIA DE BIENES;P109_L1;P3202S8;8. Se atrasaron en el pago de la vivienda (arrendamiento o cuota del crédito);No aplica (NA);;No;NUMBER;22;;1. Pregunta de selección múltiple si tiene información  debe ser cuando P5002=1 tabla DBF_ENCV_591_1 and P70>=1 tabla DBF_ENCV_590_1  y P205>= 1 tabla DBF_ENCV_591_1 y debe tener valor 1;;Recolectada/Acopiada;Publicación no anonimizada;Encuesta Nacional de Calidad de Vida (ECV)
CAP_L;DBF_ENCV_591_3;L. CONDICIONES DE VIDA DEL HOGAR Y TENENCIA DE BIENES;P110_L1;P3202S9;9. Se atrasaron en el pago de administración o celaduría;No aplica (NA);;No;NUMBER;22;;1. Pregunta de selección múltiple si tiene información  debe ser cuando P5002=1 tabla DBF_ENCV_591_1 and P70>=1 tabla DBF_ENCV_590_1  y P205>= 1 tabla DBF_ENCV_591_1 y debe tener valor 1;;Recolectada/Acopiada;Publicación no anonimizada;Encuesta Nacional de Calidad de Vida (ECV)
CAP_L;DBF_ENCV_591_3;L. CONDICIONES DE VIDA DEL HOGAR Y TENENCIA DE BIENES;P111_L1;P3202S10;10. Se atrasaron en el pago de servicios públicos;No aplica (NA);;No;NUMBER;22;;1. Pregunta de selección múltiple si tiene información  debe ser cuando P5002=1 tabla DBF_ENCV_591_1 and P70>=1 tabla DBF_ENCV_590_1  y P205>= 1 tabla DBF_ENCV_591_1 y debe tener valor 1;;Recolectada/Acopiada;Publicación no anonimizada;Encuesta Nacional de Calidad de Vida (ECV)
CAP_L;DBF_ENCV_591_3;L. CONDICIONES DE VIDA DEL HOGAR Y TENENCIA DE BIENES;P112_L1;P3202S11;11. Se atrasaron en el pago de impuestos (predial, valorización o renta);No aplica (NA);;No;NUMBER;22;;1. Pregunta de selección múltiple si tiene información  debe ser cuando P5002=1 tabla DBF_ENCV_591_1 and P70>=1 tabla DBF_ENCV_590_1  y P205>= 1 tabla DBF_ENCV_591_1 y debe tener valor 1;;Recolectada/Acopiada;Publicación no anonimizada;Encuesta Nacional de Calidad de Vida (ECV)
CAP_L;DBF_ENCV_591_3;L. CONDICIONES DE VIDA DEL HOGAR Y TENENCIA DE BIENES;P113_L1;P3202S12;12. Ninguno de las anteriores;No aplica (NA);;No;NUMBER;22;;"1. Pregunta de selección múltiple si tiene información debe ser cuando P5002=1 tabla DBF_ENCV_591_1 and P70>=1 tabla DBF_ENCV_590_1  y P205>= 1 tabla DBF_ENCV_591_1 y debe tener valor 2
2. Opción excluyente si es 1 las P3202S1, P3202S2, P3202S3, P3202S4, P3202S5, P3202S6, P3202S7, P3202S8, P3202S9, P3202S10 ó P3202S11 No pueden ser 1";;Recolectada/Acopiada;Publicación no anonimizada;Encuesta Nacional de Calidad de Vida (ECV)
CAP_L;DBF_ENCV_591_3;L. CONDICIONES DE VIDA DEL HOGAR Y TENENCIA DE BIENES;P114_L1;P3203;17. ¿Qué medidas tomaron para hacerles frente a estos eventos?;No aplica (NA);;No;NUMBER;22;;Pertenece al titulo de la pregunta, no guarda ningún dato;;Recolectada/Acopiada;Publicación no anonimizada;Encuesta Nacional de Calidad de Vida (ECV)
CAP_L;DBF_ENCV_591_3;L. CONDICIONES DE VIDA DEL HOGAR Y TENENCIA DE BIENES;P115_L1;P3203S1;1. Uno o más miembros del hogar que no trabajaban empezaron a trabajar;No aplica (NA);;No;NUMBER;22;;1. Pregunta de selección múltiple si tiene información  debe ser cuando P3202S1=1 ó P3202S2=1 ó  P3202S3=1 ó  P3202S4=1 ó  P3202S5=1 ó  P3202S6=1 ó  P3202S7=1 ó  P3202S8=1 ó  P3202S9=1 ó P3202S1=10   ó P3202S1=11 y debe tener valor 1;;Recolectada/Acopiada;Publicación no anonimizada;Encuesta Nacional de Calidad de Vida (ECV)
CAP_L;DBF_ENCV_591_3;L. CONDICIONES DE VIDA DEL HOGAR Y TENENCIA DE BIENES;P116_L1;P3203S2;2. Adoptaron nuevas fuente de ingreso ;No aplica (NA);;No;NUMBER;22;;1. Pregunta de selección múltiple si tiene información  debe ser cuando P3202S1=1 ó P3202S2=1 ó  P3202S3=1 ó  P3202S4=1 ó  P3202S5=1 ó  P3202S6=1 ó  P3202S7=1 ó  P3202S8=1 ó  P3202S9=1 ó P3202S1=10   ó P3202S1=11 y debe tener valor 1 ;;Recolectada/Acopiada;Publicación no anonimizada;Encuesta Nacional de Calidad de Vida (ECV)
CAP_L;DBF_ENCV_591_3;L. CONDICIONES DE VIDA DEL HOGAR Y TENENCIA DE BIENES;P117_L1;P3203S3;3. Se fueron a vivir con familiares o acogieron a un familiar;No aplica (NA);;No;NUMBER;22;;1. Pregunta de selección múltiple si tiene información  debe ser cuando P3202S1=1 ó P3202S2=1 ó  P3202S3=1 ó  P3202S4=1 ó  P3202S5=1 ó  P3202S6=1 ó  P3202S7=1 ó  P3202S8=1 ó  P3202S9=1 ó P3202S1=10   ó P3202S1=11 y debe tener valor 1 ;;Recolectada/Acopiada;Publicación no anonimizada;Encuesta Nacional de Calidad de Vida (ECV)
CAP_L;DBF_ENCV_591_3;L. CONDICIONES DE VIDA DEL HOGAR Y TENENCIA DE BIENES;P118_L1;P3203S4;4. Gastaron parte o todos sus ahorros;No aplica (NA);;No;NUMBER;22;;1. Pregunta de selección múltiple si tiene información  debe ser cuando P3202S1=1 ó P3202S2=1 ó  P3202S3=1 ó  P3202S4=1 ó  P3202S5=1 ó  P3202S6=1 ó  P3202S7=1 ó  P3202S8=1 ó  P3202S9=1 ó P3202S1=10   ó P3202S1=11 y debe tener valor 1 ;;Recolectada/Acopiada;Publicación no anonimizada;Encuesta Nacional de Calidad de Vida (ECV)
CAP_L;DBF_ENCV_591_3;L. CONDICIONES DE VIDA DEL HOGAR Y TENENCIA DE BIENES;P119_L1;P3203S5;5. Se endeudaron o ampliaron el plazo de alguna(s) deuda(s);No aplica (NA);;No;NUMBER;22;;1. Pregunta de selección múltiple si tiene información  debe ser cuando P3202S1=1 ó P3202S2=1 ó  P3202S3=1 ó  P3202S4=1 ó  P3202S5=1 ó  P3202S6=1 ó  P3202S7=1 ó  P3202S8=1 ó  P3202S9=1 ó P3202S1=10   ó P3202S1=11 y debe tener valor 1 ;;Recolectada/Acopiada;Publicación no anonimizada;Encuesta Nacional de Calidad de Vida (ECV)
CAP_L;DBF_ENCV_591_3;L. CONDICIONES DE VIDA DEL HOGAR Y TENENCIA DE BIENES;P120_L1;P3203S6;6. Vendieron algunos bienes o activos (moto, carro, electrodoméstico, lote);No aplica (NA);;No;NUMBER;22;;1. Pregunta de selección múltiple si tiene información  debe ser cuando P3202S1=1 ó P3202S2=1 ó  P3202S3=1 ó  P3202S4=1 ó  P3202S5=1 ó  P3202S6=1 ó  P3202S7=1 ó  P3202S8=1 ó  P3202S9=1 ó P3202S1=10   ó P3202S1=11 y debe tener valor 1 ;;Recolectada/Acopiada;Publicación no anonimizada;Encuesta Nacional de Calidad de Vida (ECV)
CAP_L;DBF_ENCV_591_3;L. CONDICIONES DE VIDA DEL HOGAR Y TENENCIA DE BIENES;P121_L1;P3203S7;7. Vendieron o dieron en pago la vivienda ocupada por el hogar;No aplica (NA);;No;NUMBER;22;;1. Pregunta de selección múltiple si tiene información  debe ser cuando P3202S1=1 ó P3202S2=1 ó  P3202S3=1 ó  P3202S4=1 ó  P3202S5=1 ó  P3202S6=1 ó  P3202S7=1 ó  P3202S8=1 ó  P3202S9=1 ó P3202S1=10   ó P3202S1=11 y debe tener valor 1 ;;Recolectada/Acopiada;Publicación no anonimizada;Encuesta Nacional de Calidad de Vida (ECV)
CAP_L;DBF_ENCV_591_3;L. CONDICIONES DE VIDA DEL HOGAR Y TENENCIA DE BIENES;P122_L1;P3203S8;8. Retiraron hijos/as de la escuela, colegio o jardín;No aplica (NA);;No;NUMBER;22;;1. Pregunta de selección múltiple si tiene información  debe ser cuando P3202S1=1 ó P3202S2=1 ó  P3202S3=1 ó  P3202S4=1 ó  P3202S5=1 ó  P3202S6=1 ó  P3202S7=1 ó  P3202S8=1 ó  P3202S9=1 ó P3202S1=10   ó P3202S1=11 y debe tener valor 1 ;;Recolectada/Acopiada;Publicación no anonimizada;Encuesta Nacional de Calidad de Vida (ECV)
CAP_L;DBF_ENCV_591_3;L. CONDICIONES DE VIDA DEL HOGAR Y TENENCIA DE BIENES;P123_L1;P3203S9;9. Retiraron hijos/a de la universidad o de la carrera técnica o tecnológica;No aplica (NA);;No;NUMBER;22;;1. Pregunta de selección múltiple si tiene información  debe ser cuando P3202S1=1 ó P3202S2=1 ó  P3202S3=1 ó  P3202S4=1 ó  P3202S5=1 ó  P3202S6=1 ó  P3202S7=1 ó  P3202S8=1 ó  P3202S9=1 ó P3202S1=10   ó P3202S1=11 y debe tener valor 1 ;;Recolectada/Acopiada;Publicación no anonimizada;Encuesta Nacional de Calidad de Vida (ECV)
CAP_L;DBF_ENCV_591_3;L. CONDICIONES DE VIDA DEL HOGAR Y TENENCIA DE BIENES;P124_L1;P3203S10;10. Disminuyeron el gasto en alimentos ;No aplica (NA);;No;NUMBER;22;;1. Pregunta de selección múltiple si tiene información  debe ser cuando P3202S1=1 ó P3202S2=1 ó  P3202S3=1 ó  P3202S4=1 ó  P3202S5=1 ó  P3202S6=1 ó  P3202S7=1 ó  P3202S8=1 ó  P3202S9=1 ó P3202S1=10   ó P3202S1=11 y debe tener valor 1 ;;Recolectada/Acopiada;Publicación no anonimizada;Encuesta Nacional de Calidad de Vida (ECV)
CAP_L;DBF_ENCV_591_3;L. CONDICIONES DE VIDA DEL HOGAR Y TENENCIA DE BIENES;P125_L1;P3203S11;11. Pidieron ayuda del gobierno local o nacional o de otras entidades;No aplica (NA);;No;NUMBER;22;;1. Pregunta de selección múltiple si tiene información  debe ser cuando P3202S1=1 ó P3202S2=1 ó  P3202S3=1 ó  P3202S4=1 ó  P3202S5=1 ó  P3202S6=1 ó  P3202S7=1 ó  P3202S8=1 ó  P3202S9=1 ó P3202S1=10   ó P3202S1=11 y debe tener valor 1 ;;Recolectada/Acopiada;Publicación no anonimizada;Encuesta Nacional de Calidad de Vida (ECV)
CAP_L;DBF_ENCV_591_3;L. CONDICIONES DE VIDA DEL HOGAR Y TENENCIA DE BIENES;P126_L1;P3203S12;12. Pidieron ayuda de familiares, amigos u otras personas del barrio, pueblo o vereda;No aplica (NA);;No;NUMBER;22;;1. Pregunta de selección múltiple si tiene información  debe ser cuando P3202S1=1 ó P3202S2=1 ó  P3202S3=1 ó  P3202S4=1 ó  P3202S5=1 ó  P3202S6=1 ó  P3202S7=1 ó  P3202S8=1 ó  P3202S9=1 ó P3202S1=10   ó P3202S1=11 y debe tener valor 1 ;;Recolectada/Acopiada;Publicación no anonimizada;Encuesta Nacional de Calidad de Vida (ECV)
CAP_L;DBF_ENCV_591_3;L. CONDICIONES DE VIDA DEL HOGAR Y TENENCIA DE BIENES;P127_L1;P3203S13;13. Solicitaron subsidio al desempleo;No aplica (NA);;No;NUMBER;22;;1. Pregunta de selección múltiple si tiene información  debe ser cuando P3202S1=1 ó P3202S2=1 ó  P3202S3=1 ó  P3202S4=1 ó  P3202S5=1 ó  P3202S6=1 ó  P3202S7=1 ó  P3202S8=1 ó  P3202S9=1 ó P3202S1=10   ó P3202S1=11 y debe tener valor 1 ;;Recolectada/Acopiada;Publicación no anonimizada;Encuesta Nacional de Calidad de Vida (ECV)
CAP_L;DBF_ENCV_591_3;L. CONDICIONES DE VIDA DEL HOGAR Y TENENCIA DE BIENES;P128_L1;P3203S14;14. Otra;No aplica (NA);;No;NUMBER;22;;1. Pregunta de selección múltiple si tiene información  debe ser cuando P3202S1=1 ó P3202S2=1 ó  P3202S3=1 ó  P3202S4=1 ó  P3202S5=1 ó  P3202S6=1 ó  P3202S7=1 ó  P3202S8=1 ó  P3202S9=1 ó P3202S1=10   ó P3202S1=11 y debe tener valor 1 ;;Recolectada/Acopiada;Publicación no anonimizada;Encuesta Nacional de Calidad de Vida (ECV)
CAP_L;DBF_ENCV_591_3;L. CONDICIONES DE VIDA DEL HOGAR Y TENENCIA DE BIENES;P130_L1;P3353;18. ¿Cómo considera usted la situación económica de su hogar comparada con la de hace 12 meses?;No aplica (NA);;No;NUMBER;22;"1. Mucho mejor
2. Mejor
3. Igual
4. Peor
5. Mucho peor";"1. Debe tener información cuando P5002=1 tabla DBF_ENCV_591_1 and P70>=1 tabla DBF_ENCV_590_1  y P205>= 1 tabla DBF_ENCV_591_1
2. Debe aceptar valores de 1 a 5";;Recolectada/Acopiada;Publicación no anonimizada;Encuesta Nacional de Calidad de Vida (ECV)
CAP_L;DBF_ENCV_591_3;L. CONDICIONES DE VIDA DEL HOGAR Y TENENCIA DE BIENES;P131_L1;P3354;19. ¿Cómo cree usted que será la situación económica de su hogar dentro de 12 meses comparada con la actual?;No aplica (NA);;No;NUMBER;22;"1. Mucho mejor
2. Mejor
3. Igual
4. Peor
5. Mucho peor";"1. Debe tener información cuando P5002=1 tabla DBF_ENCV_591_1 and P70>=1 tabla DBF_ENCV_590_1  y P205>= 1 tabla DBF_ENCV_591_1
2. Debe aceptar valores de 1 a 5";;Recolectada/Acopiada;Publicación no anonimizada;Encuesta Nacional de Calidad de Vida (ECV)
CAP_L;DBF_ENCV_591_3;L. CONDICIONES DE VIDA DEL HOGAR Y TENENCIA DE BIENES;P132_L1;P3355;20. ¿Cómo considera hoy la situación económica del país comparada con la de hace 12 meses?;No aplica (NA);;No;NUMBER;22;"1. Mucho mejor
2. Mejor
3. Igual
4. Peor
5. Mucho peor";"1. Debe tener información cuando P5002=1 tabla DBF_ENCV_591_1 and P70>=1 tabla DBF_ENCV_590_1  y P205>= 1 tabla DBF_ENCV_591_1
2. Debe aceptar valores de 1 a 5";;Recolectada/Acopiada;Publicación no anonimizada;Encuesta Nacional de Calidad de Vida (ECV)
CAP_L;DBF_ENCV_591_3;L. CONDICIONES DE VIDA DEL HOGAR Y TENENCIA DE BIENES;P133_L1;P3356;21. ¿Cómo considera que será la situación económica del país dentro de 12 meses comparada con la situación actual?;No aplica (NA);;No;NUMBER;22;"1. Mucho mejor
2. Mejor
3. Igual
4. Peor
5. Mucho peor";"1. Debe tener información cuando P5002=1 tabla DBF_ENCV_591_1 and P70>=1 tabla DBF_ENCV_590_1  y P205>= 1 tabla DBF_ENCV_591_1
2. Debe aceptar valores de 1 a 5";;Recolectada/Acopiada;Publicación no anonimizada;Encuesta Nacional de Calidad de Vida (ECV)
CAP_L;DBF_ENCV_591_3;L. CONDICIONES DE VIDA DEL HOGAR Y TENENCIA DE BIENES;P134_L1;P3357;22. Comparando la situación económica actual con la de hace un año, ¿tiene en este momento mayores posibilidades de comprar ropa, zapatos, alimentos, etc?;No aplica (NA);;No;NUMBER;22;"1. Si
2. Igual posibilidad
3. No";"1. Debe tener información cuando P5002=1 tabla DBF_ENCV_591_1 and P70>=1 tabla DBF_ENCV_590_1  y P205>= 1 tabla DBF_ENCV_591_1
2. Debe aceptar valores de 1 a 3";;Recolectada/Acopiada;Publicación no anonimizada;Encuesta Nacional de Calidad de Vida (ECV)
CAP_L;DBF_ENCV_591_3;L. CONDICIONES DE VIDA DEL HOGAR Y TENENCIA DE BIENES;P135_L1;P3358;23. Comparando la situación económica actual con la de hace un año, ¿cómo considera las posibilidades de que usted o alguno de los integrantes de su hogar realicen compras tales como muebles, televisor, lavadora, otros aparatos electrodomésticos, etc.?;No aplica (NA);;No;NUMBER;22;"1. Mayores
2. Iguales
3. Menores";"1. Debe tener información cuando P5002=1 tabla DBF_ENCV_591_1 and P70>=1 tabla DBF_ENCV_590_1  y P205>= 1 tabla DBF_ENCV_591_1
2. Debe aceptar valores de 1 a 3";;Recolectada/Acopiada;Publicación no anonimizada;Encuesta Nacional de Calidad de Vida (ECV)
CAP_L;DBF_ENCV_591_3;L. CONDICIONES DE VIDA DEL HOGAR Y TENENCIA DE BIENES;P136_L1;P3516;24. Durante los últimos 12 meses, DEBIDO A LA FALTA DE DINERO U OTROS RECURSOS hubo algún momento en que usted u otra persona del hogar:;No aplica (NA);;No;NUMBER;22;;Pertenece al titulo de la pregunta, no guarda ningún dato;;Recolectada/Acopiada;Publicación no anonimizada;Encuesta Nacional de Calidad de Vida (ECV)
CAP_L;DBF_ENCV_591_3;L. CONDICIONES DE VIDA DEL HOGAR Y TENENCIA DE BIENES;P137_L1;P3516S1;1. Se preocupó por no tener suficientes alimentos para comer;No aplica (NA);;No;NUMBER;10;"1. Si
2. No
3. No sabe/ no informa";"1. Debe tener información cuando P5002=1 tabla DBF_ENCV_591_1 and P70>=1 tabla DBF_ENCV_590_1  y P205>= 1 tabla DBF_ENCV_591_1
2. Debe aceptar valores de 1 a 3";;Recolectada/Acopiada;Publicación no anonimizada;Encuesta Nacional de Calidad de Vida (ECV)
CAP_L;DBF_ENCV_591_3;L. CONDICIONES DE VIDA DEL HOGAR Y TENENCIA DE BIENES;P138_L1;P3516S2;2. No pudo comer alimentos saludables y nutritivos ;No aplica (NA);;No;NUMBER;10;"1. Si
2. No
3. No sabe/ no informa";"1. Debe tener información cuando P5002=1 tabla DBF_ENCV_591_1 and P70>=1 tabla DBF_ENCV_590_1  y P205>= 1 tabla DBF_ENCV_591_1
2. Debe aceptar valores de 1 a 3";;Recolectada/Acopiada;Publicación no anonimizada;Encuesta Nacional de Calidad de Vida (ECV)
CAP_L;DBF_ENCV_591_3;L. CONDICIONES DE VIDA DEL HOGAR Y TENENCIA DE BIENES;P139_L1;P3516S3;3. Consumió poca variedad de alimentos ;No aplica (NA);;No;NUMBER;10;"1. Si
2. No
3. No sabe/ no informa";"1. Debe tener información cuando P5002=1 tabla DBF_ENCV_591_1 and P70>=1 tabla DBF_ENCV_590_1  y P205>= 1 tabla DBF_ENCV_591_1
2. Debe aceptar valores de 1 a 3";;Recolectada/Acopiada;Publicación no anonimizada;Encuesta Nacional de Calidad de Vida (ECV)
CAP_L;DBF_ENCV_591_3;L. CONDICIONES DE VIDA DEL HOGAR Y TENENCIA DE BIENES;P140_L1;P3516S4;4. Tuvo que saltar una comida (desayuno, almuerzo, comida o cena);No aplica (NA);;No;NUMBER;10;"1. Si
2. No
3. No sabe/ no informa";"1. Debe tener información cuando P5002=1 tabla DBF_ENCV_591_1 and P70>=1 tabla DBF_ENCV_590_1  y P205>= 1 tabla DBF_ENCV_591_1
2. Debe aceptar valores de 1 a 3";;Recolectada/Acopiada;Publicación no anonimizada;Encuesta Nacional de Calidad de Vida (ECV)
CAP_L;DBF_ENCV_591_3;L. CONDICIONES DE VIDA DEL HOGAR Y TENENCIA DE BIENES;P141_L1;P3516S5;5. Comió menos de lo que pensaba que debía comer;No aplica (NA);;No;NUMBER;10;"1. Si
2. No
3. No sabe/ no informa";"1. Debe tener información cuando P5002=1 tabla DBF_ENCV_591_1 and P70>=1 tabla DBF_ENCV_590_1  y P205>= 1 tabla DBF_ENCV_591_1
2. Debe aceptar valores de 1 a 3";;Recolectada/Acopiada;Publicación no anonimizada;Encuesta Nacional de Calidad de Vida (ECV)
CAP_L;DBF_ENCV_591_3;L. CONDICIONES DE VIDA DEL HOGAR Y TENENCIA DE BIENES;P142_L1;P3516S6;6. El hogar se quedó sin alimentos ;No aplica (NA);;No;NUMBER;10;"1. Si
2. No
3. No sabe/ no informa";"1. Debe tener información cuando P5002=1 tabla DBF_ENCV_591_1 and P70>=1 tabla DBF_ENCV_590_1  y P205>= 1 tabla DBF_ENCV_591_1
2. Debe aceptar valores de 1 a 3";;Recolectada/Acopiada;Publicación no anonimizada;Encuesta Nacional de Calidad de Vida (ECV)
CAP_L;DBF_ENCV_591_3;L. CONDICIONES DE VIDA DEL HOGAR Y TENENCIA DE BIENES;P143_L1;P3516S7;7. Tuvo hambre pero no comió, debido a la falta de dinero u otros recursos para conseguir alimentos ;No aplica (NA);;No;NUMBER;10;"1. Si
2. No
3. No sabe/ no informa";"1. Debe tener información cuando P5002=1 tabla DBF_ENCV_591_1 and P70>=1 tabla DBF_ENCV_590_1  y P205>= 1 tabla DBF_ENCV_591_1
2. Debe aceptar valores de 1 a 3";;Recolectada/Acopiada;Publicación no anonimizada;Encuesta Nacional de Calidad de Vida (ECV)
CAP_L;DBF_ENCV_591_3;L. CONDICIONES DE VIDA DEL HOGAR Y TENENCIA DE BIENES;P144_L1;P3516S8;8. No comió en un día entero;No aplica (NA);;No;NUMBER;10;"1. Si
2. No
3. No sabe/ no informa";"1. Debe tener información cuando P5002=1 tabla DBF_ENCV_591_1 and P70>=1 tabla DBF_ENCV_590_1  y P205>= 1 tabla DBF_ENCV_591_1
2. Debe aceptar valores de 1 a 3";;Recolectada/Acopiada;Publicación no anonimizada;Encuesta Nacional de Calidad de Vida (ECV)
CAP_K;DBF_ENCV_591_5;K. TENENCIA Y FINANCIACIÓN DE LA VIVIENDA (PERSONAS ESCRITURA);P01_K2;DIRECTORIO;DIRECTORIO;Llave Foránea (FK);DBF_ENCV_592_1;Si;NUMBER;22;;1. Siempre debe tener información;;Recolectada/Acopiada;Publicación no anonimizada;Encuesta Nacional de Calidad de Vida (ECV)
CAP_K;DBF_ENCV_591_5;K. TENENCIA Y FINANCIACIÓN DE LA VIVIENDA (PERSONAS ESCRITURA);P02_K2;SECUENCIA_ENCUESTA;Consecutivo número de personas en la escritura;Llave Foránea (FK);DBF_ENCV_592_1;Si;NUMBER;22;;1. Siempre debe tener información;;Recolectada/Acopiada;Publicación no anonimizada;Encuesta Nacional de Calidad de Vida (ECV)
CAP_K;DBF_ENCV_591_5;K. TENENCIA Y FINANCIACIÓN DE LA VIVIENDA (PERSONAS ESCRITURA);P03_K2;SECUENCIA_P;Número del Hogar dentro de la vivienda;Llave Foránea (FK);DBF_ENCV_592_1;Si;NUMBER;22;;1. Siempre debe tener información;;Recolectada/Acopiada;Publicación no anonimizada;Encuesta Nacional de Calidad de Vida (ECV)
CAP_K;DBF_ENCV_591_5;K. TENENCIA Y FINANCIACIÓN DE LA VIVIENDA (PERSONAS ESCRITURA);P04_K2;ORDEN;Consecutivo número de personas en la escritura;No aplica (NA);DBF_ENCV_592_1;Si;NUMBER;22;;1. Siempre debe tener información;;Recolectada/Acopiada;Publicación no anonimizada;Encuesta Nacional de Calidad de Vida (ECV)
CAP_K;DBF_ENCV_591_5;K. TENENCIA Y FINANCIACIÓN DE LA VIVIENDA (PERSONAS ESCRITURA);P05_K2;FEX_C;Factor de expansión ;No aplica (NA);;Sí;NUMBER;22;;;;Nueva;Publicación no anonimizada;Encuesta Nacional de Calidad de Vida (ECV)
CAP_K;DBF_ENCV_591_5;K. TENENCIA Y FINANCIACIÓN DE LA VIVIENDA (PERSONAS ESCRITURA);P06_K2;P8692S3A1;Numero de orden de la persona a nombre de quien está la escritura;No aplica (NA);;No;NUMBER;22;;"1. Este valor No debe ser mayor a P205 tabla DBF_ENCV_591_1
2. Debe tener información cuando P8692S2>= 1";;Recolectada/Acopiada;Publicación no anonimizada;Encuesta Nacional de Calidad de Vida (ECV)
CAP_L;DBF_ENCV_591_6;L. CONDICIONES DE VIDA DEL HOGAR Y TENENCIA DE BIENES (PROGRAMAS);P01_L2;DIRECTORIO;DIRECTORIO;Llave Foránea (FK);DBF_ENCV_592_1;Si;NUMBER;22;;1. Siempre debe tener información;;Recolectada/Acopiada;Publicación no anonimizada;Encuesta Nacional de Calidad de Vida (ECV)
CAP_L;DBF_ENCV_591_6;L. CONDICIONES DE VIDA DEL HOGAR Y TENENCIA DE BIENES (PROGRAMAS);P02_L1;SECUENCIA_ENCUESTA;Consecutivo número de programas;Llave Foránea (FK);DBF_ENCV_592_1;Si;NUMBER;22;;1. Siempre debe tener información;;Recolectada/Acopiada;Publicación no anonimizada;Encuesta Nacional de Calidad de Vida (ECV)
CAP_L;DBF_ENCV_591_6;L. CONDICIONES DE VIDA DEL HOGAR Y TENENCIA DE BIENES (PROGRAMAS);P03_L2;SECUENCIA_P;Número del Hogar dentro de la vivienda;No aplica (NA);;Si;NUMBER;22;;1. Siempre debe tener información;;Recolectada/Acopiada;Publicación no anonimizada;Encuesta Nacional de Calidad de Vida (ECV)
CAP_L;DBF_ENCV_591_6;L. CONDICIONES DE VIDA DEL HOGAR Y TENENCIA DE BIENES (PROGRAMAS);P04_L2;ORDEN;Consecutivo número de programas;Llave Foránea (FK);DBF_ENCV_592_1;Si;NUMBER;22;;1. Siempre debe tener información;;Recolectada/Acopiada;Publicación no anonimizada;Encuesta Nacional de Calidad de Vida (ECV)
CAP_L;DBF_ENCV_591_6;L. CONDICIONES DE VIDA DEL HOGAR Y TENENCIA DE BIENES (PROGRAMAS);P05_L2;FEX_C;Factor de expansión ;No aplica (NA);;Sí;NUMBER;22;;;;Nueva;Publicación no anonimizada;Encuesta Nacional de Calidad de Vida (ECV)
CAP_L;DBF_ENCV_591_6;L. CONDICIONES DE VIDA DEL HOGAR Y TENENCIA DE BIENES (PROGRAMAS);P07_L2;P784S4A3;¿Cuántos miembros del hogar recibieron el subsidio?;No aplica (NA);;No;NUMBER;22;;1. No puede ser mayor al registrado en P205 tabla DBF_ENCV_591_1;;Recolectada/Acopiada;Publicación no anonimizada;Encuesta Nacional de Calidad de Vida (ECV)
CAP_L;DBF_ENCV_591_6;L. CONDICIONES DE VIDA DEL HOGAR Y TENENCIA DE BIENES (PROGRAMAS);P08_L2;P784S4A4;¿Cuánto recibieron en los últimos  12 meses?;No aplica (NA);;No;NUMBER;22;;1. Debe ser mayor a 5000 y 100.000.000 ó 98 ó 99;;Recolectada/Acopiada;Publicación no anonimizada;Encuesta Nacional de Calidad de Vida (ECV)
CAP_M;DBF_ENCV_591_9;M. ADQUISICIÓN DE BIENES Y SERVICIOS;P01_M1;DIRECTORIO;DIRECTORIO;Llave Foránea (FK);DBF_ENCV_591_1;SI;NUMBER ;22;;1. Siempre debe tener información;;Recolectada/Acopiada;Publicación no anonimizada;Encuesta Nacional de Calidad de Vida (ECV)
CAP_M;DBF_ENCV_591_9;M. ADQUISICIÓN DE BIENES Y SERVICIOS;P02_M1;SECUENCIA_ENCUESTA;Número del Hogar dentro de la vivienda;Llave Foránea (FK);DBF_ENCV_591_1;SI;NUMBER ;22;;1. Siempre debe tener información;;Recolectada/Acopiada;Publicación no anonimizada;Encuesta Nacional de Calidad de Vida (ECV)
CAP_M;DBF_ENCV_591_9;M. ADQUISICIÓN DE BIENES Y SERVICIOS;P03_M1;SECUENCIA_P;SECUENCIA_P;Llave Primaria (PK);;SI;NUMBER ;22;;1. Siempre debe tener información y debe ser 1;;Recolectada/Acopiada;Publicación no anonimizada;Encuesta Nacional de Calidad de Vida (ECV)
CAP_M;DBF_ENCV_591_9;M. ADQUISICIÓN DE BIENES Y SERVICIOS;P04_M1;ORDEN;Número del Hogar dentro de la vivienda;Llave Foránea (FK);DBF_ENCV_591_1;SI;NUMBER ;22;;1. Siempre debe tener información;;Recolectada/Acopiada;Publicación no anonimizada;Encuesta Nacional de Calidad de Vida (ECV)
CAP_M;DBF_ENCV_591_9;M. ADQUISICIÓN DE BIENES Y SERVICIOS;P05_M1;FEX_C;Factor de expansión ;No aplica (NA);;Sí;NUMBER;22;;;;Nueva;Publicación no anonimizada;Encuesta Nacional de Calidad de Vida (ECV)
CAP_M;DBF_ENCV_591_9;M. ADQUISICIÓN DE BIENES Y SERVICIOS;P06_M1;P3205;El hogar tuvo al menos una adquisicion semanal en alimentos;No aplica (NA);;No;NUMBER ;22;"1. Sí
2. No";"Es igual a 1 cuando P3204 tabla DBF_ENCV_591_10 tiene al menos un registro entre 1 y 26; de lo contrario es igual a 2  ";;Nueva;Publicación no anonimizada;Encuesta Nacional de Calidad de Vida (ECV)
CAP_M;DBF_ENCV_591_9;M. ADQUISICIÓN DE BIENES Y SERVICIOS;P07_M1;P3211;El hogar tuvo al menos una adquisicion personal;No aplica (NA);;No;NUMBER ;22;"1. Sí
2. No";"Es igual a 1 cuando P3204 tabla DBF_ENCV_591_10 tiene al menos un registro entre 27 y 35; de lo contrario es igual a 2  ";;Nueva;Publicación no anonimizada;Encuesta Nacional de Calidad de Vida (ECV)
CAP_M;DBF_ENCV_591_9;M. ADQUISICIÓN DE BIENES Y SERVICIOS;P08_M1;P3216;El hogar tuvo al menos una adquisicion mensual;No aplica (NA);;No;NUMBER ;22;"1. Sí
2. No";"Es igual a 1 cuando P3204 tabla DBF_ENCV_591_10 tiene al menos un registro entre 36 y 65; de lo contrario es igual a 2  ";;Nueva;Publicación no anonimizada;Encuesta Nacional de Calidad de Vida (ECV)
CAP_M;DBF_ENCV_591_9;M. ADQUISICIÓN DE BIENES Y SERVICIOS;P09_M1;P3222;El hogar tuvo al menos una adquisicion trimestral;No aplica (NA);;No;NUMBER ;22;"1. Sí
2. No";"Es igual a 1 cuando P3204 tabla DBF_ENCV_591_10 tiene al menos un registro entre 66 y 75; de lo contrario es igual a 2  ";;Nueva;Publicación no anonimizada;Encuesta Nacional de Calidad de Vida (ECV)
CAP_M;DBF_ENCV_591_9;M. ADQUISICIÓN DE BIENES Y SERVICIOS;P10_M1;P3227;El hogar tuvo al menos una adquisicion anual;No aplica (NA);;No;NUMBER ;22;"1. Sí
2. No";"Es igual a 1 cuando P3204 tabla DBF_ENCV_591_10 tiene al menos un registro entre 76 y 102; de lo contrario es igual a 2  ";;Nueva;Publicación no anonimizada;Encuesta Nacional de Calidad de Vida (ECV)
CAP_M;DBF_ENCV_591_9;M. ADQUISICIÓN DE BIENES Y SERVICIOS;P11_M1;P8752;3. Generalmente, ¿dónde compran los alimentos no perecederos (granos, cereales, aceites , productos de panadería, etc.) para el hogar?;No aplica (NA);;No;NUMBER;22;"1. En la cabecera de este municipio
2. En esta vereda
3. En otra vereda del mismo municipio
4. En otro municipio
5. No compran alimentos no perecederos";"1. Debe tener informació cuando Clase!==1
2. Debe aceptar valores de 1 a 5";;Recolectada/Acopiada;Publicación no anonimizada;Encuesta Nacional de Calidad de Vida (ECV)
CAP_M;DBF_ENCV_591_9;M. ADQUISICIÓN DE BIENES Y SERVICIOS;P12_M1;P3209;4. ¿En qué lugar acostumbran hacer la compra de los siguientes alimentos para el hogar?;No aplica (NA);;No;NUMBER;22;;Pertenece al titulo de la pregunta, no guarda ningún dato;;Recolectada/Acopiada;Publicación no anonimizada;Encuesta Nacional de Calidad de Vida (ECV)
CAP_M;DBF_ENCV_591_9;M. ADQUISICIÓN DE BIENES Y SERVICIOS;P13_M1;P3209S1;Carne, pollo y pescado;No aplica (NA);;No;NUMBER;22;"1. Hipermercados o almacenes de cadena
2. Supermercados de barrio o graneros
3. Tiendas
4. Plaza de mercado o galería…….
5. Vendedores ambulantes, mercado móvil o ventas callejeras…….
6. Otros lugares especializados (carnicería, panadería, etc.)……
7. Autoconsumo o autosuministro……
8. No compra porque no consume……..";"1. Debe tener informació cuando Clase=1
2. Debe aceptar valores de 1 a 8";;Recolectada/Acopiada;Publicación no anonimizada;Encuesta Nacional de Calidad de Vida (ECV)
CAP_M;DBF_ENCV_591_9;M. ADQUISICIÓN DE BIENES Y SERVICIOS;P14_M1;P3209S2;Leche, queso y otros productos lácteos;No aplica (NA);;No;NUMBER;22;"1. Hipermercados o almacenes de cadena
2. Supermercados de barrio o graneros
3. Tiendas
4. Plaza de mercado o galería…….
5. Vendedores ambulantes, mercado móvil o ventas callejeras…….
6. Otros lugares especializados (carnicería, panadería, etc.)……
7. Autoconsumo o autosuministro……
8. No compra porque no consume……..";"1. Debe tener informació cuando Clase=1
2. Debe aceptar valores de 1 a 8";;Recolectada/Acopiada;Publicación no anonimizada;Encuesta Nacional de Calidad de Vida (ECV)
CAP_M;DBF_ENCV_591_9;M. ADQUISICIÓN DE BIENES Y SERVICIOS;P15_M1;P3209S3;Frutas;No aplica (NA);;No;NUMBER;22;"1. Hipermercados o almacenes de cadena
2. Supermercados de barrio o graneros
3. Tiendas
4. Plaza de mercado o galería…….
5. Vendedores ambulantes, mercado móvil o ventas callejeras…….
6. Otros lugares especializados (carnicería, panadería, etc.)……
7. Autoconsumo o autosuministro……
8. No compra porque no consume……..";"1. Debe tener informació cuando Clase=1
2. Debe aceptar valores de 1 a 8";;Recolectada/Acopiada;Publicación no anonimizada;Encuesta Nacional de Calidad de Vida (ECV)
CAP_M;DBF_ENCV_591_9;M. ADQUISICIÓN DE BIENES Y SERVICIOS;P16_M1;P3209S4;Huevos;No aplica (NA);;No;NUMBER;22;"1. Hipermercados o almacenes de cadena
2. Supermercados de barrio o graneros
3. Tiendas
4. Plaza de mercado o galería…….
5. Vendedores ambulantes, mercado móvil o ventas callejeras…….
6. Otros lugares especializados (carnicería, panadería, etc.)……
7. Autoconsumo o autosuministro……
8. No compra porque no consume……..";"1. Debe tener informació cuando Clase=1
2. Debe aceptar valores de 1 a 8";;Recolectada/Acopiada;Publicación no anonimizada;Encuesta Nacional de Calidad de Vida (ECV)
CAP_M;DBF_ENCV_591_9;M. ADQUISICIÓN DE BIENES Y SERVICIOS;P17_M1;P3209S5;Verduras;No aplica (NA);;No;NUMBER;22;"1. Hipermercados o almacenes de cadena
2. Supermercados de barrio o graneros
3. Tiendas
4. Plaza de mercado o galería…….
5. Vendedores ambulantes, mercado móvil o ventas callejeras…….
6. Otros lugares especializados (carnicería, panadería, etc.)……
7. Autoconsumo o autosuministro……
8. No compra porque no consume……..";"1. Debe tener informació cuando Clase=1
2. Debe aceptar valores de 1 a 8";;Recolectada/Acopiada;Publicación no anonimizada;Encuesta Nacional de Calidad de Vida (ECV)
CAP_M;DBF_ENCV_591_9;M. ADQUISICIÓN DE BIENES Y SERVICIOS;P18_M1;P3209S6;Arroz, pastas y otros cereales;No aplica (NA);;No;NUMBER;22;"1. Hipermercados o almacenes de cadena
2. Supermercados de barrio o graneros
3. Tiendas
4. Plaza de mercado o galería…….
5. Vendedores ambulantes, mercado móvil o ventas callejeras…….
6. Otros lugares especializados (carnicería, panadería, etc.)……
7. Autoconsumo o autosuministro……
8. No compra porque no consume……..";"1. Debe tener informació cuando Clase=1
2. Debe aceptar valores de 1 a 8";;Recolectada/Acopiada;Publicación no anonimizada;Encuesta Nacional de Calidad de Vida (ECV)
CAP_M;DBF_ENCV_591_9;M. ADQUISICIÓN DE BIENES Y SERVICIOS;P19_M1;P3209S7;Granos, fríjol, arveja, garbanzo, lenteja, etc.;No aplica (NA);;No;NUMBER;22;"1. Hipermercados o almacenes de cadena
2. Supermercados de barrio o graneros
3. Tiendas
4. Plaza de mercado o galería…….
5. Vendedores ambulantes, mercado móvil o ventas callejeras…….
6. Otros lugares especializados (carnicería, panadería, etc.)……
7. Autoconsumo o autosuministro……
8. No compra porque no consume……..";"1. Debe tener informació cuando Clase=1
2. Debe aceptar valores de 1 a 8";;Recolectada/Acopiada;Publicación no anonimizada;Encuesta Nacional de Calidad de Vida (ECV)
CAP_M;DBF_ENCV_591_9;M. ADQUISICIÓN DE BIENES Y SERVICIOS;P20_M1;P3209S8;Tubérculos y plátanos;No aplica (NA);;No;NUMBER;22;"1. Hipermercados o almacenes de cadena
2. Supermercados de barrio o graneros
3. Tiendas
4. Plaza de mercado o galería…….
5. Vendedores ambulantes, mercado móvil o ventas callejeras…….
6. Otros lugares especializados (carnicería, panadería, etc.)……
7. Autoconsumo o autosuministro……
8. No compra porque no consume……..";"1. Debe tener informació cuando Clase=1
2. Debe aceptar valores de 1 a 8";;Recolectada/Acopiada;Publicación no anonimizada;Encuesta Nacional de Calidad de Vida (ECV)
CAP_M;DBF_ENCV_591_9;M. ADQUISICIÓN DE BIENES Y SERVICIOS;P21_M1;P3359;5. ¿Con qué frecuencia se compran o adquieren en el hogar los siguientes alimentos?  ;No aplica (NA);;No;NUMBER;22;;Pertenece al titulo de la pregunta, no guarda ningún dato;;Recolectada/Acopiada;Publicación no anonimizada;Encuesta Nacional de Calidad de Vida (ECV)
CAP_M;DBF_ENCV_591_9;M. ADQUISICIÓN DE BIENES Y SERVICIOS;P22_M1;P3359S1;Carne, pollo y pescado;No aplica (NA);;No;NUMBER;22;"1. Todos los días
2. Al menos una vez por semana pero no todos los días
3. Cada 15 días
4. Una vez al mes
5. No se compra ni se consume en el hogar";"1. Debe tener información cuando P5002= 1 tabla DBF_ENCV_591_1 y P70>=1 DBF_ENCV_590_1 y P205>= 1 DBF_ENCV_591_1
2. Debe aceptar valores de 1 a 5";;Recolectada/Acopiada;Publicación no anonimizada;Encuesta Nacional de Calidad de Vida (ECV)
CAP_M;DBF_ENCV_591_9;M. ADQUISICIÓN DE BIENES Y SERVICIOS;P23_M1;P3359S2;Leche, queso y otros productos lácteos;No aplica (NA);;No;NUMBER;22;"1. Todos los días
2. Al menos una vez por semana pero no todos los días
3. Cada 15 días
4. Una vez al mes
5. No se compra ni se consume en el hogar";"1. Debe tener información cuando P5002= 1 tabla DBF_ENCV_591_1 y P70>=1 DBF_ENCV_590_1 y P205>= 1 DBF_ENCV_591_1
2. Debe aceptar valores de 1 a 5";;Recolectada/Acopiada;Publicación no anonimizada;Encuesta Nacional de Calidad de Vida (ECV)
CAP_M;DBF_ENCV_591_9;M. ADQUISICIÓN DE BIENES Y SERVICIOS;P23_M1;P3359S3;Frutas;No aplica (NA);;No;NUMBER;22;"1. Todos los días
2. Al menos una vez por semana pero no todos los días
3. Cada 15 días
4. Una vez al mes
5. No se compra ni se consume en el hogar";"1. Debe tener información cuando P5002= 1 tabla DBF_ENCV_591_1 y P70>=1 DBF_ENCV_590_1 y P205>= 1 DBF_ENCV_591_1
2. Debe aceptar valores de 1 a 5";;Recolectada/Acopiada;Publicación no anonimizada;Encuesta Nacional de Calidad de Vida (ECV)
CAP_M;DBF_ENCV_591_9;M. ADQUISICIÓN DE BIENES Y SERVICIOS;P24_M1;P3359S4;Huevos;No aplica (NA);;No;NUMBER;22;"1. Todos los días
2. Al menos una vez por semana pero no todos los días
3. Cada 15 días
4. Una vez al mes
5. No se compra ni se consume en el hogar";"1. Debe tener información cuando P5002= 1 tabla DBF_ENCV_591_1 y P70>=1 DBF_ENCV_590_1 y P205>= 1 DBF_ENCV_591_1
2. Debe aceptar valores de 1 a 5";;Recolectada/Acopiada;Publicación no anonimizada;Encuesta Nacional de Calidad de Vida (ECV)
CAP_M;DBF_ENCV_591_9;M. ADQUISICIÓN DE BIENES Y SERVICIOS;P25_M1;P3359S5;Verduras;No aplica (NA);;No;NUMBER;22;"1. Todos los días
2. Al menos una vez por semana pero no todos los días
3. Cada 15 días
4. Una vez al mes
5. No se compra ni se consume en el hogar";"1. Debe tener información cuando P5002= 1 tabla DBF_ENCV_591_1 y P70>=1 DBF_ENCV_590_1 y P205>= 1 DBF_ENCV_591_1
2. Debe aceptar valores de 1 a 5";;Recolectada/Acopiada;Publicación no anonimizada;Encuesta Nacional de Calidad de Vida (ECV)
CAP_M;DBF_ENCV_591_9;M. ADQUISICIÓN DE BIENES Y SERVICIOS;P26_M1;P3359S6;Arroz, pastas y otros cereales;No aplica (NA);;No;NUMBER;22;"1. Todos los días
2. Al menos una vez por semana pero no todos los días
3. Cada 15 días
4. Una vez al mes
5. No se compra ni se consume en el hogar";"1. Debe tener información cuando P5002= 1 tabla DBF_ENCV_591_1 y P70>=1 DBF_ENCV_590_1 y P205>= 1 DBF_ENCV_591_1
2. Debe aceptar valores de 1 a 5";;Recolectada/Acopiada;Publicación no anonimizada;Encuesta Nacional de Calidad de Vida (ECV)
CAP_M;DBF_ENCV_591_9;M. ADQUISICIÓN DE BIENES Y SERVICIOS;P27_M1;P3359S7;Granos, fríjol, arveja, garbanzo, lenteja, etc.;No aplica (NA);;No;NUMBER;22;"1. Todos los días
2. Al menos una vez por semana pero no todos los días
3. Cada 15 días
4. Una vez al mes
5. No se compra ni se consume en el hogar";"1. Debe tener información cuando P5002= 1 tabla DBF_ENCV_591_1 y P70>=1 DBF_ENCV_590_1 y P205>= 1 DBF_ENCV_591_1
2. Debe aceptar valores de 1 a 5";;Recolectada/Acopiada;Publicación no anonimizada;Encuesta Nacional de Calidad de Vida (ECV)
CAP_M;DBF_ENCV_591_9;M. ADQUISICIÓN DE BIENES Y SERVICIOS;P28_M1;P3359S8;Tubérculos y plátanos;No aplica (NA);;No;NUMBER;22;"1. Todos los días
2. Al menos una vez por semana pero no todos los días
3. Cada 15 días
4. Una vez al mes
5. No se compra ni se consume en el hogar";"1. Debe tener información cuando P5002= 1 tabla DBF_ENCV_591_1 y P70>=1 DBF_ENCV_590_1 y P205>= 1 DBF_ENCV_591_1
2. Debe aceptar valores de 1 a 5";;Recolectada/Acopiada;Publicación no anonimizada;Encuesta Nacional de Calidad de Vida (ECV)
CAP_M;DBF_ENCV_591_9;M. ADQUISICIÓN DE BIENES Y SERVICIOS;P29_M1;P3360;6. ¿Cuáles de los siguientes alimentos tira o bota el hogar a la basura o a otro lugar (sanitario, lavaplatos, lote, río, quebrada)? No incluya los que se usan para alimentar animales o para abono ;No aplica (NA);;No;NUMBER;22;;Pertenece al titulo de la pregunta, no guarda ningún dato;;Recolectada/Acopiada;Publicación no anonimizada;Encuesta Nacional de Calidad de Vida (ECV)
CAP_M;DBF_ENCV_591_9;M. ADQUISICIÓN DE BIENES Y SERVICIOS;P30_M1;P3360S1;Carne, pollo y pescado;No aplica (NA);;No;NUMBER;8;"1. Nunca se tira o se bota 
2. Se tira o bota menos de una vez al mes
3. Se tira o bota varias veces al mes";"1. Debe tener información cuando P3359S1 < 5
2. Debe aceptar valores de 1 a 3";;Recolectada/Acopiada;Publicación no anonimizada;Encuesta Nacional de Calidad de Vida (ECV)
CAP_M;DBF_ENCV_591_9;M. ADQUISICIÓN DE BIENES Y SERVICIOS;P31_M1;P3360S2;Leche, queso y otros productos lácteos;No aplica (NA);;No;NUMBER;22;"1. Nunca se tira o se bota 
2. Se tira o bota menos de una vez al mes
3. Se tira o bota varias veces al mes";"1. Debe tener información cuando P3359S2 < 5
2. Debe aceptar valores de 1 a 3";;Recolectada/Acopiada;Publicación no anonimizada;Encuesta Nacional de Calidad de Vida (ECV)
CAP_M;DBF_ENCV_591_9;M. ADQUISICIÓN DE BIENES Y SERVICIOS;P32_M1;P3360S3;Frutas;No aplica (NA);;No;NUMBER;22;"1. Nunca se tira o se bota 
2. Se tira o bota menos de una vez al mes
3. Se tira o bota varias veces al mes";"1. Debe tener información cuando P3359S3 < 5
2. Debe aceptar valores de 1 a 3";;Recolectada/Acopiada;Publicación no anonimizada;Encuesta Nacional de Calidad de Vida (ECV)
CAP_M;DBF_ENCV_591_9;M. ADQUISICIÓN DE BIENES Y SERVICIOS;P33_M1;P3360S4;Huevos;No aplica (NA);;No;NUMBER;22;"1. Nunca se tira o se bota 
2. Se tira o bota menos de una vez al mes
3. Se tira o bota varias veces al mes";"1. Debe tener información cuando P3359S4 < 5
2. Debe aceptar valores de 1 a 3";;Recolectada/Acopiada;Publicación no anonimizada;Encuesta Nacional de Calidad de Vida (ECV)
CAP_M;DBF_ENCV_591_9;M. ADQUISICIÓN DE BIENES Y SERVICIOS;P34_M1;P3360S5;Verduras;No aplica (NA);;No;NUMBER;22;"1. Nunca se tira o se bota 
2. Se tira o bota menos de una vez al mes
3. Se tira o bota varias veces al mes";"1. Debe tener información cuando P3359S5 < 5
2. Debe aceptar valores de 1 a 3";;Recolectada/Acopiada;Publicación no anonimizada;Encuesta Nacional de Calidad de Vida (ECV)
CAP_M;DBF_ENCV_591_9;M. ADQUISICIÓN DE BIENES Y SERVICIOS;P35_M1;P3360S6;Arroz, pastas y otros cereales;No aplica (NA);;No;NUMBER;22;"1. Nunca se tira o se bota 
2. Se tira o bota menos de una vez al mes
3. Se tira o bota varias veces al mes";"1. Debe tener información cuando P3359S6 < 5
2. Debe aceptar valores de 1 a 3";;Recolectada/Acopiada;Publicación no anonimizada;Encuesta Nacional de Calidad de Vida (ECV)
CAP_M;DBF_ENCV_591_9;M. ADQUISICIÓN DE BIENES Y SERVICIOS;P36_M1;P3360S7;Granos, fríjol, arveja, garbanzo, lenteja, etc.;No aplica (NA);;No;NUMBER;22;"1. Nunca se tira o se bota 
2. Se tira o bota menos de una vez al mes
3. Se tira o bota varias veces al mes";"1. Debe tener información cuando P3359S7 < 5
2. Debe aceptar valores de 1 a 3";;Recolectada/Acopiada;Publicación no anonimizada;Encuesta Nacional de Calidad de Vida (ECV)
CAP_M;DBF_ENCV_591_9;M. ADQUISICIÓN DE BIENES Y SERVICIOS;P37_M1;P3360S8;Tubérculos y plátanos;No aplica (NA);;No;NUMBER;22;"1. Nunca se tira o se bota 
2. Se tira o bota menos de una vez al mes
3. Se tira o bota varias veces al mes";"1. Debe tener información cuando P3359S8 < 5
2. Debe aceptar valores de 1 a 3";;Recolectada/Acopiada;Publicación no anonimizada;Encuesta Nacional de Calidad de Vida (ECV)
CAP_M;DBF_ENCV_591_9;M. ADQUISICIÓN DE BIENES Y SERVICIOS;P38_M1;P3361;7. ¿Cuáles son las razones para que el hogar bote o tire a la basura o a otro lugar algunos(s) de esos alimentos? ;No aplica (NA);;No;NUMBER ;22;;Pertenece al titulo de la pregunta, no guarda ningún dato;;Recolectada/Acopiada;Publicación no anonimizada;Encuesta Nacional de Calidad de Vida (ECV)
CAP_M;DBF_ENCV_591_9;M. ADQUISICIÓN DE BIENES Y SERVICIOS;P39_M1;P3361S1;1. Se compra más de lo que necesita el hogar;No aplica (NA);;No;NUMBER ;22;;1. Pregunta de selección múltiple si tiene información debe ser cuando cuando P3360S1> 1 ó P3360S2> 1 ó P3360S3> 1 ó P3360S4> 1 ó P3360S5> 1 ó P3360S6> 1 or P3360S7> 1 ó P3360S8> 1  y debe ser 1;;Recolectada/Acopiada;Publicación no anonimizada;Encuesta Nacional de Calidad de Vida (ECV)
CAP_M;DBF_ENCV_591_9;M. ADQUISICIÓN DE BIENES Y SERVICIOS;P40_M1;P3361S2;2. Se prepara más de lo que necesita el hogar;No aplica (NA);;No;NUMBER ;22;;1. Pregunta de selección múltiple si tiene información debe ser cuando cuando P3360S1> 1 ó P3360S2> 1 ó P3360S3> 1 ó P3360S4> 1 ó P3360S5> 1 ó P3360S6> 1 or P3360S7> 1 ó P3360S8> 1  y debe ser 1;;Recolectada/Acopiada;Publicación no anonimizada;Encuesta Nacional de Calidad de Vida (ECV)
CAP_M;DBF_ENCV_591_9;M. ADQUISICIÓN DE BIENES Y SERVICIOS;P41_M1;P3361S3;3. Se cumplen las fechas de consumo o vencimiento;No aplica (NA);;No;NUMBER ;22;;1. Pregunta de selección múltiple si tiene información debe ser cuando cuando P3360S1> 1 ó P3360S2> 1 ó P3360S3> 1 ó P3360S4> 1 ó P3360S5> 1 ó P3360S6> 1 or P3360S7> 1 ó P3360S8> 1  y debe ser 1;;Recolectada/Acopiada;Publicación no anonimizada;Encuesta Nacional de Calidad de Vida (ECV)
CAP_M;DBF_ENCV_591_9;M. ADQUISICIÓN DE BIENES Y SERVICIOS;P42_M1;P3361S4;4. Daños en los alimentos (aspecto, sabor) por exceso de tiempo;No aplica (NA);;No;NUMBER ;22;;1. Pregunta de selección múltiple si tiene información debe ser cuando cuando P3360S1> 1 ó P3360S2> 1 ó P3360S3> 1 ó P3360S4> 1 ó P3360S5> 1 ó P3360S6> 1 or P3360S7> 1 ó P3360S8> 1  y debe ser 1;;Recolectada/Acopiada;Publicación no anonimizada;Encuesta Nacional de Calidad de Vida (ECV)
CAP_M;DBF_ENCV_591_9;M. ADQUISICIÓN DE BIENES Y SERVICIOS;P43_M1;P3361S5;5. Daños en los alimentos (aspecto, sabor) por mala conservación o almacenamiento;No aplica (NA);;No;NUMBER ;22;;1. Pregunta de selección múltiple si tiene información debe ser cuando cuando P3360S1> 1 ó P3360S2> 1 ó P3360S3> 1 ó P3360S4> 1 ó P3360S5> 1 ó P3360S6> 1 or P3360S7> 1 ó P3360S8> 1  y debe ser 1;;Recolectada/Acopiada;Publicación no anonimizada;Encuesta Nacional de Calidad de Vida (ECV)
CAP_M;DBF_ENCV_591_9;M. ADQUISICIÓN DE BIENES Y SERVICIOS;P44_M1;P3361S6;6. Falta de nevera o refrigerador  para conservación o cortes de energía que afectan refrigeración ;No aplica (NA);;No;NUMBER ;22;;1. Pregunta de selección múltiple si tiene información debe ser cuando cuando P3360S1> 1 ó P3360S2> 1 ó P3360S3> 1 ó P3360S4> 1 ó P3360S5> 1 ó P3360S6> 1 or P3360S7> 1 ó P3360S8> 1  y debe ser 1;;Recolectada/Acopiada;Publicación no anonimizada;Encuesta Nacional de Calidad de Vida (ECV)
CAP_M;DBF_ENCV_591_9;M. ADQUISICIÓN DE BIENES Y SERVICIOS;P45_M1;P3361S7;7. Humedad o temperaturas extremas;No aplica (NA);;No;NUMBER ;22;;1. Pregunta de selección múltiple si tiene información debe ser cuando cuando P3360S1> 1 ó P3360S2> 1 ó P3360S3> 1 ó P3360S4> 1 ó P3360S5> 1 ó P3360S6> 1 or P3360S7> 1 ó P3360S8> 1  y debe ser 1;;Recolectada/Acopiada;Publicación no anonimizada;Encuesta Nacional de Calidad de Vida (ECV)
CAP_M;DBF_ENCV_591_10;M. ADQUISICIÓN DE BIENES Y SERVICIOS POR ÍTEM;P01_M2;DIRECTORIO;DIRECTORIO;Llave Foránea (FK);DBF_ENCV_591_1;SI;NUMBER ;22;;1. Siempre debe tener información;;Recolectada/Acopiada;Publicación no anonimizada;Encuesta Nacional de Calidad de Vida (ECV)
CAP_M;DBF_ENCV_591_10;M. ADQUISICIÓN DE BIENES Y SERVICIOS POR ÍTEM;P02_M2;SECUENCIA_ENCUESTA;Número de alimento ó artículo ó servicio;Llave Foránea (FK);DBF_ENCV_591_1;SI;NUMBER ;22;;1. Siempre debe tener información;;Recolectada/Acopiada;Publicación no anonimizada;Encuesta Nacional de Calidad de Vida (ECV)
CAP_M;DBF_ENCV_591_10;M. ADQUISICIÓN DE BIENES Y SERVICIOS POR ÍTEM;P03_M2;SECUENCIA_P;Número del Hogar dentro de la vivienda;Llave Foránea (FK);DBF_ENCV_591_1;SI;NUMBER ;22;;1. Siempre debe tener información;;Recolectada/Acopiada;Publicación no anonimizada;Encuesta Nacional de Calidad de Vida (ECV)
CAP_M;DBF_ENCV_591_10;M. ADQUISICIÓN DE BIENES Y SERVICIOS POR ÍTEM;P04_M2;ORDEN;Consecutivo número de alimento ó artículo ó servicio adquirido en el hogar;Llave Foránea (FK);DBF_ENCV_591_1;SI;NUMBER;22;;1. Siempre debe tener información;;Recolectada/Acopiada;Publicación no anonimizada;Encuesta Nacional de Calidad de Vida (ECV)
CAP_M;DBF_ENCV_591_10;M. ADQUISICIÓN DE BIENES Y SERVICIOS POR ÍTEM;P07_M2;FEX_C;Factor de expansión ;No aplica (NA);;Sí;NUMBER;22;;;;Nueva;Publicación no anonimizada;Encuesta Nacional de Calidad de Vida (ECV)
CAP_M;DBF_ENCV_591_10;M. ADQUISICIÓN DE BIENES Y SERVICIOS POR ÍTEM;P08_M2;P3204;"1. ¿Cuáles de los siguientes alimentos compró el hogar o adquirió sin pago durante los ÚLTIMOS 7 DÍAS?
8. Durante los ÚLTIMOS 7 DÍAS, una o más personas del hogar compraron o adquirieron sin pago alguno de los siguientes artículos o servicios:
10. El PASADO MES de ____ los miembros de este hogar compraron o adquirieron sin pago alguno de los siguientes artículos o servicios:
12. Los ÚLTIMOS TRES MESES de ____ a ___ las personas de este hogar compraron o adquirieron sin pago alguno de los siguientes artículos o servicios
14. Durante los ÚLTIMOS DOCE MESES de ____ a ___ las personas de este hogar compraron o adquirieron sin pago alguno de los siguientes
artículos o servicios:";No aplica (NA);;No;NUMBER ;22;Ver hoja P3204;1. Pregunta de selección múltiple debe tener información cuando P5002=1 tabla DBF_ENCV_591_1 , P70>1 tabla DBF_ENCV_590_1 Y P2025>=1 tabla DBF_ENCV_591_1 y debe ser uno de los codigos de la pestaña inferior P3204;;Recolectada/Acopiada;Publicación no anonimizada;Encuesta Nacional de Calidad de Vida (ECV)
CAP_M;DBF_ENCV_591_10;M. ADQUISICIÓN DE BIENES Y SERVICIOS POR ÍTEM;P10_M2;P3205S1;"¿De dónde lo obtuvieron?
1. Compra o pago por parte de algún integrante del hogar";No aplica (NA);;No;NUMBER;22;"1. Si
2. No";"1. Debe tener informacion cuando P3204 <>9999
2. Debe aceptar valor 1 ó 2";;Recolectada/Acopiada;Publicación no anonimizada;Encuesta Nacional de Calidad de Vida (ECV)
CAP_M;DBF_ENCV_591_10;M. ADQUISICIÓN DE BIENES Y SERVICIOS POR ÍTEM;P11_M2;P3205S2;"¿De dónde lo obtuvieron?
2. Negocio del hogar";No aplica (NA);;No;NUMBER;22;"1. Si
2. No";"1. Debe tener informacion cuando P3204 <>9999
2. Debe aceptar valor 1 ó 2";;Recolectada/Acopiada;Publicación no anonimizada;Encuesta Nacional de Calidad de Vida (ECV)
CAP_M;DBF_ENCV_591_10;M. ADQUISICIÓN DE BIENES Y SERVICIOS POR ÍTEM;P12_M2;P3205S3;"¿De dónde lo obtuvieron?
3. Regalo";No aplica (NA);;No;NUMBER;22;"1. Si
2. No";"1. Debe tener informacion cuando P3204 <>9999
2. Debe aceptar valor 1 ó 2";;Recolectada/Acopiada;Publicación no anonimizada;Encuesta Nacional de Calidad de Vida (ECV)
CAP_M;DBF_ENCV_591_10;M. ADQUISICIÓN DE BIENES Y SERVICIOS POR ÍTEM;P13_M2;P3205S4;"¿De dónde lo obtuvieron?
4. Pago en especie";No aplica (NA);;No;NUMBER;22;"1. Si
2. No";"1. Debe tener informacion cuando P3204 <>9999
2. Debe aceptar valor 1 ó 2";;Recolectada/Acopiada;Publicación no anonimizada;Encuesta Nacional de Calidad de Vida (ECV)
CAP_M;DBF_ENCV_591_10;M. ADQUISICIÓN DE BIENES Y SERVICIOS POR ÍTEM;P14_M2;P3205S5;"¿De dónde lo obtuvieron?
5. Intercambio o trueque";No aplica (NA);;No;NUMBER;22;"1. Si
2. No";"1. Debe tener informacion cuando P3204 <>9999
2. Debe aceptar valor 1 ó 2";;Recolectada/Acopiada;Publicación no anonimizada;Encuesta Nacional de Calidad de Vida (ECV)
CAP_M;DBF_ENCV_591_10;M. ADQUISICIÓN DE BIENES Y SERVICIOS POR ÍTEM;P15_M2;P3205S6;"¿De dónde lo obtuvieron?
6. Autoconsumo";No aplica (NA);;No;NUMBER;22;"1. Si
2. No";"1. Debe tener informacion cuando P3204 <>9999
2. Debe aceptar valor 1 ó 2";;Recolectada/Acopiada;Publicación no anonimizada;Encuesta Nacional de Calidad de Vida (ECV)
CAP_D;DBF_ENCV_592_1;D. CARACTERISTICAS Y COMPOSICIÓN DEL HOGAR (PARA TODAS LAS PERSONAS DEL HOGAR);P01_D1;DIRECTORIO;DIRECTORIO;Llave Foránea (FK);DBF_ENCV_591_1;Si;NUMBER;22;;1. Siempre debe tener información;;Recolectada/Acopiada;Publicación no anonimizada;Encuesta Nacional de Calidad de Vida (ECV)
CAP_D;DBF_ENCV_592_1;D. CARACTERISTICAS Y COMPOSICIÓN DEL HOGAR (PARA TODAS LAS PERSONAS DEL HOGAR);P02_D1;SECUENCIA_ENCUESTA;Número de la persona dentro del hogar;No aplica (NA);;Si;NUMBER;22;;1. Siempre debe tener información;;Recolectada/Acopiada;Publicación no anonimizada;Encuesta Nacional de Calidad de Vida (ECV)
CAP_D;DBF_ENCV_592_1;D. CARACTERISTICAS Y COMPOSICIÓN DEL HOGAR (PARA TODAS LAS PERSONAS DEL HOGAR);P03_D1;SECUENCIA_P;Número del Hogar dentro de la vivienda;Llave Foránea (FK);DBF_ENCV_591_1;Si;NUMBER;22;;1. Siempre debe tener información;;Recolectada/Acopiada;Publicación no anonimizada;Encuesta Nacional de Calidad de Vida (ECV)
CAP_D;DBF_ENCV_592_1;D. CARACTERISTICAS Y COMPOSICIÓN DEL HOGAR (PARA TODAS LAS PERSONAS DEL HOGAR);P04_D1;ORDEN;Número de la persona dentro del hogar;Llave Primaria (PK);;No;NUMBER;22;;1. Siempre debe tener información;;Recolectada/Acopiada;Publicación no anonimizada;Encuesta Nacional de Calidad de Vida (ECV)
CAP_D;DBF_ENCV_592_1;D. CARACTERISTICAS Y COMPOSICIÓN DEL HOGAR (PARA TODAS LAS PERSONAS DEL HOGAR);P05_D1;FEX_C;Factor de expansión ;No aplica (NA);;Sí;NUMBER;22;;;;Nueva;Publicación no anonimizada;Encuesta Nacional de Calidad de Vida (ECV)
CAP_D;DBF_ENCV_592_1;D. CARACTERISTICAS Y COMPOSICIÓN DEL HOGAR (PARA TODAS LAS PERSONAS DEL HOGAR);P10_D1;P6016;Número de orden de la persona que proporciona la información:;No aplica (NA);;No;NUMBER;22;;"1. Debe tener información cuando P205>= 1 y P6001=1
2. Debe ser >= 1";;Recolectada/Acopiada;Publicación no anonimizada;Encuesta Nacional de Calidad de Vida (ECV)
CAP_D;DBF_ENCV_592_1;D. CARACTERISTICAS Y COMPOSICIÓN DEL HOGAR (PARA TODAS LAS PERSONAS DEL HOGAR);P11_D1;P1894;1. Tipo de documento de identidad ;No aplica (NA);;No;NUMBER;22;"1. Registro civil de nacimiento
2. Tarjeta de identidad
3. Cédula de ciudadanía 
4. Cédula de extranjería
5. Pasaporte
6. Certificado de nacido vivo
7. Salvoconducto de permanencia
8. Permiso especial de permanencia
9 Permiso por protección temporal
10. Carnet diplomático
11. No tiene documento de identidad";"1. Debe tener información cuando P205>= 1 y P6001=1
2. Debe aceptar valores e 1 a 11";;Identificación;Publicación no anonimizada;Encuesta Nacional de Calidad de Vida (ECV)
CAP_D;DBF_ENCV_592_1;D. CARACTERISTICAS Y COMPOSICIÓN DEL HOGAR (PARA TODAS LAS PERSONAS DEL HOGAR);P13_D1;P6020;2. Sexo al nacer:;No aplica (NA);;No;NUMBER;22;"1. Hombre
2. Mujer";"1. Debe tener información cuando P205>= 1 y P6001=1
2. Debe aceptar valor 1 ó 2";;Recolectada/Acopiada;Publicación no anonimizada;Encuesta Nacional de Calidad de Vida (ECV)
CAP_D;DBF_ENCV_592_1;D. CARACTERISTICAS Y COMPOSICIÓN DEL HOGAR (PARA TODAS LAS PERSONAS DEL HOGAR);P14_D1;P6034;3. ¿Cuál es la fecha de nacimiento de ...?;No aplica (NA);;No;NUMBER;22;"1. Digite Fecha
2. No sabe";"1. Debe tener información cuando P205>= 1 y P6001=1
2. Debe aceptar valor 1 ó 2";;Recolectada/Acopiada;Publicación no anonimizada;Encuesta Nacional de Calidad de Vida (ECV)
CAP_D;DBF_ENCV_592_1;D. CARACTERISTICAS Y COMPOSICIÓN DEL HOGAR (PARA TODAS LAS PERSONAS DEL HOGAR);P16_D1;P6040;4. ¿Cuántos años cumplidos tiene ...? ;No aplica (NA);;No;NUMBER;22;;"1. Debe tener información cuando P205>= 1 y P6001=1
2. Debe aceptar valores de 0 a 115";;Recolectada/Acopiada;Publicación no anonimizada;Encuesta Nacional de Calidad de Vida (ECV)
CAP_D;DBF_ENCV_592_1;D. CARACTERISTICAS Y COMPOSICIÓN DEL HOGAR (PARA TODAS LAS PERSONAS DEL HOGAR);P18_D1;P6051;5. ¿Cuál es el parentesco de ... con el jefe o la jefa de este hogar?;No aplica (NA);;No;NUMBER;22;"1. Jefe/a del hogar
2. Pareja, esposo/a, cónyuge,  compañero/a
3.  Hijo/a, hijastro/a
4.  Nieto/a
5.  Padre, madre, padrastro, madrastra
6.  Suegro o suegra
7.  Hermano/a, hemanastro/a
8.  Yerno, nuera
9.  Otro/a pariente del/de la jefe/a
10.  Empleado/a del servicio doméstico
11.  Parientes del servicio doméstico
12.  Trabajador/a
13.  Pensionista
14. Otro(a) no pariente";"1. Debe tener información cuando P205>= 1 y P6001=1
2. Debe aceptar valores de 1 a 14";;Recolectada/Acopiada;Publicación no anonimizada;Encuesta Nacional de Calidad de Vida (ECV)
CAP_D;DBF_ENCV_592_1;D. CARACTERISTICAS Y COMPOSICIÓN DEL HOGAR (PARA TODAS LAS PERSONAS DEL HOGAR);P19_D1;P5502;6. Actualmente  ...:;No aplica (NA);;No;NUMBER;22;"1. No está casado/a y vive en pareja hace menos de dos años
2. No está casado/a y vive en pareja hace dos años o más
3. Está viudo/a
4. Está separado/a o divorciado/a
5. Está soltero/a
6. Está casado/a";"1. Debe tener información cuando P6001=1 y P6040 > 9
2. Debe aceptar valores de 1 a 6";;Recolectada/Acopiada;Publicación no anonimizada;Encuesta Nacional de Calidad de Vida (ECV)
CAP_D;DBF_ENCV_592_1;D. CARACTERISTICAS Y COMPOSICIÓN DEL HOGAR (PARA TODAS LAS PERSONAS DEL HOGAR);P20_D1;P6071;7. El (la) cónyuge de ... ¿Vive en este hogar?;No aplica (NA);;No;NUMBER;22;"1. Sí
2. No";"1. Debe tener información cuando P5502< 3 ó P5502= 6 
2. Debe aceptar valor 1 ó 2";;Recolectada/Acopiada;Publicación no anonimizada;Encuesta Nacional de Calidad de Vida (ECV)
CAP_D;DBF_ENCV_592_1;D. CARACTERISTICAS Y COMPOSICIÓN DEL HOGAR (PARA TODAS LAS PERSONAS DEL HOGAR);P21_D1;P6071S1;No. de orden;No aplica (NA);;No;NUMBER;22;;1. Debe tener información cuando P6071= 1;;Recolectada/Acopiada;Publicación no anonimizada;Encuesta Nacional de Calidad de Vida (ECV)
CAP_D;DBF_ENCV_592_1;D. CARACTERISTICAS Y COMPOSICIÓN DEL HOGAR (PARA TODAS LAS PERSONAS DEL HOGAR);P22_D1;P756;8. ¿Dónde nació  ________? ;No aplica (NA);;No;NUMBER;22;"1. En este municipio
2. En otro municipio 
3. En otro país  ";"1. Debe tener información cuando P205>= 1 y P6001=1
2. Debe aceptar valores de 1 a 3";;Recolectada/Acopiada;Publicación no anonimizada;Encuesta Nacional de Calidad de Vida (ECV)
CAP_D;DBF_ENCV_592_1;D. CARACTERISTICAS Y COMPOSICIÓN DEL HOGAR (PARA TODAS LAS PERSONAS DEL HOGAR);P23_D1;P756S1;Departamento;No aplica (NA);;No;NUMBER;22;;"1. Debe tener información cuando P756=2
2. Debe tener un código de departamento de tabla DIVIPOLA";;Recolectada/Acopiada;Publicación no anonimizada;Encuesta Nacional de Calidad de Vida (ECV)
CAP_D;DBF_ENCV_592_1;D. CARACTERISTICAS Y COMPOSICIÓN DEL HOGAR (PARA TODAS LAS PERSONAS DEL HOGAR);P24_D1;P756S2;Municipio;No aplica (NA);;No;NUMBER;22;;"1. Debe tener información cuando P756=2
2. Debe tener un código de Municipio de tabla DIVIPOLA";;Recolectada/Acopiada;Publicación no anonimizada;Encuesta Nacional de Calidad de Vida (ECV)
CAP_D;DBF_ENCV_592_1;D. CARACTERISTICAS Y COMPOSICIÓN DEL HOGAR (PARA TODAS LAS PERSONAS DEL HOGAR);P25_D1;P756S3;En otro país;No aplica (NA);;No;NUMBER;22;"1. Estados Unidos 
2. España
3. Venezuela
4. Ecuador
5. Panamá
6. Perú
7. Costa Rica
8. Argentina
9. Francia
10. Italia
11. Otro país";"1. Debe tener información cuando P756=3
2. Debe tener valores entre 1 y 11";;Recolectada/Acopiada;Publicación no anonimizada;Encuesta Nacional de Calidad de Vida (ECV)
CAP_D;DBF_ENCV_592_1;D. CARACTERISTICAS Y COMPOSICIÓN DEL HOGAR (PARA TODAS LAS PERSONAS DEL HOGAR);P26_D1;P3510;8A. ¿Qué nacionalidad tiene? ;No aplica (NA);;No;NUMBER;10;"1. Colombiana
2. Colombiana y otras(s)
3. No tiene nacionalidad colombiana";"1. Debe tener información cuando P756=3
2. Debe tener valores entre 1 y 3";;Recolectada/Acopiada;Publicación no anonimizada;Encuesta Nacional de Calidad de Vida (ECV)
CAP_D;DBF_ENCV_592_1;D. CARACTERISTICAS Y COMPOSICIÓN DEL HOGAR (PARA TODAS LAS PERSONAS DEL HOGAR);P27_D1;P3510S1;País o países de nacionalidad (además de colombiana);No aplica (NA);;No;NUMBER;2;;Pertenece al titulo de la pregunta, no guarda ningún dato;;Recolectada/Acopiada;Publicación no anonimizada;Encuesta Nacional de Calidad de Vida (ECV)
CAP_D;DBF_ENCV_592_1;D. CARACTERISTICAS Y COMPOSICIÓN DEL HOGAR (PARA TODAS LAS PERSONAS DEL HOGAR);P28_D1;P3510S1A1;1. Estadounidense;No aplica (NA);;No;NUMBER;2;;1. Pregunta de selección múltiple si tiene información debe ser cuando P3510=2 y deber ser 1;;Recolectada/Acopiada;Publicación no anonimizada;Encuesta Nacional de Calidad de Vida (ECV)
CAP_D;DBF_ENCV_592_1;D. CARACTERISTICAS Y COMPOSICIÓN DEL HOGAR (PARA TODAS LAS PERSONAS DEL HOGAR);P29_D1;P3510S1A2;2. Española;No aplica (NA);;No;NUMBER;2;;1. Pregunta de selección múltiple si tiene información debe ser cuando P3510=2 y deber ser 1;;Recolectada/Acopiada;Publicación no anonimizada;Encuesta Nacional de Calidad de Vida (ECV)
CAP_D;DBF_ENCV_592_1;D. CARACTERISTICAS Y COMPOSICIÓN DEL HOGAR (PARA TODAS LAS PERSONAS DEL HOGAR);P30_D1;P3510S1A3;3. Venezolana;No aplica (NA);;No;NUMBER;2;;1. Pregunta de selección múltiple si tiene información debe ser cuando P3510=2 y deber ser 1;;Recolectada/Acopiada;Publicación no anonimizada;Encuesta Nacional de Calidad de Vida (ECV)
CAP_D;DBF_ENCV_592_1;D. CARACTERISTICAS Y COMPOSICIÓN DEL HOGAR (PARA TODAS LAS PERSONAS DEL HOGAR);P31_D1;P3510S1A4;4. Ecuatoriana;No aplica (NA);;No;NUMBER;2;;1. Pregunta de selección múltiple si tiene información debe ser cuando P3510=2 y deber ser 1;;Recolectada/Acopiada;Publicación no anonimizada;Encuesta Nacional de Calidad de Vida (ECV)
CAP_D;DBF_ENCV_592_1;D. CARACTERISTICAS Y COMPOSICIÓN DEL HOGAR (PARA TODAS LAS PERSONAS DEL HOGAR);P32_D1;P3510S1A5;5. Panameña;No aplica (NA);;No;NUMBER;2;;1. Pregunta de selección múltiple si tiene información debe ser cuando P3510=2 y deber ser 1;;Recolectada/Acopiada;Publicación no anonimizada;Encuesta Nacional de Calidad de Vida (ECV)
CAP_D;DBF_ENCV_592_1;D. CARACTERISTICAS Y COMPOSICIÓN DEL HOGAR (PARA TODAS LAS PERSONAS DEL HOGAR);P33_D1;P3510S1A6;6. Peruana;No aplica (NA);;No;NUMBER;2;;1. Pregunta de selección múltiple si tiene información debe ser cuando P3510=2 y deber ser 1;;Recolectada/Acopiada;Publicación no anonimizada;Encuesta Nacional de Calidad de Vida (ECV)
CAP_D;DBF_ENCV_592_1;D. CARACTERISTICAS Y COMPOSICIÓN DEL HOGAR (PARA TODAS LAS PERSONAS DEL HOGAR);P34_D1;P3510S1A7;7. Costarricense;No aplica (NA);;No;NUMBER;2;;1. Pregunta de selección múltiple si tiene información debe ser cuando P3510=2 y deber ser 1;;Recolectada/Acopiada;Publicación no anonimizada;Encuesta Nacional de Calidad de Vida (ECV)
CAP_D;DBF_ENCV_592_1;D. CARACTERISTICAS Y COMPOSICIÓN DEL HOGAR (PARA TODAS LAS PERSONAS DEL HOGAR);P35_D1;P3510S1A8;8. Argentina;No aplica (NA);;No;NUMBER;2;;1. Pregunta de selección múltiple si tiene información debe ser cuando P3510=2 y deber ser 1;;Recolectada/Acopiada;Publicación no anonimizada;Encuesta Nacional de Calidad de Vida (ECV)
CAP_D;DBF_ENCV_592_1;D. CARACTERISTICAS Y COMPOSICIÓN DEL HOGAR (PARA TODAS LAS PERSONAS DEL HOGAR);P36_D1;P3510S1A9;9. Francesa;No aplica (NA);;No;NUMBER;2;;1. Pregunta de selección múltiple si tiene información debe ser cuando P3510=2 y deber ser 1;;Recolectada/Acopiada;Publicación no anonimizada;Encuesta Nacional de Calidad de Vida (ECV)
CAP_D;DBF_ENCV_592_1;D. CARACTERISTICAS Y COMPOSICIÓN DEL HOGAR (PARA TODAS LAS PERSONAS DEL HOGAR);P37_D1;P3510S1A10;10. Italiana;No aplica (NA);;No;NUMBER;2;;1. Pregunta de selección múltiple si tiene información debe ser cuando P3510=2 y deber ser 1;;Recolectada/Acopiada;Publicación no anonimizada;Encuesta Nacional de Calidad de Vida (ECV)
CAP_D;DBF_ENCV_592_1;D. CARACTERISTICAS Y COMPOSICIÓN DEL HOGAR (PARA TODAS LAS PERSONAS DEL HOGAR);P38_D1;P3510S1A11;11. Otra;No aplica (NA);;No;NUMBER;2;;1. Pregunta de selección múltiple si tiene información debe ser cuando P3510=2 y deber ser 1;;Recolectada/Acopiada;Publicación no anonimizada;Encuesta Nacional de Calidad de Vida (ECV)
CAP_D;DBF_ENCV_592_1;D. CARACTERISTICAS Y COMPOSICIÓN DEL HOGAR (PARA TODAS LAS PERSONAS DEL HOGAR);P39_D1;P3510S2;País o países de nacionalidad (sin colombiana);No aplica (NA);;No;NUMBER;2;;Pertenece al titulo de la pregunta, no guarda ningún dato;;Recolectada/Acopiada;Publicación no anonimizada;Encuesta Nacional de Calidad de Vida (ECV)
CAP_D;DBF_ENCV_592_1;D. CARACTERISTICAS Y COMPOSICIÓN DEL HOGAR (PARA TODAS LAS PERSONAS DEL HOGAR);P40_D1;P3510S2A1;1. Estados Unidos ;No aplica (NA);;No;NUMBER;10;;1. Pregunta de selección múltiple si tiene información debe ser cuando P3510=3 y deber ser 1;;Recolectada/Acopiada;Publicación no anonimizada;Encuesta Nacional de Calidad de Vida (ECV)
CAP_D;DBF_ENCV_592_1;D. CARACTERISTICAS Y COMPOSICIÓN DEL HOGAR (PARA TODAS LAS PERSONAS DEL HOGAR);P41_D1;P3510S2A2;2. España;No aplica (NA);;No;NUMBER;10;;1. Pregunta de selección múltiple si tiene información debe ser cuando P3510=3 y deber ser 1;;Recolectada/Acopiada;Publicación no anonimizada;Encuesta Nacional de Calidad de Vida (ECV)
CAP_D;DBF_ENCV_592_1;D. CARACTERISTICAS Y COMPOSICIÓN DEL HOGAR (PARA TODAS LAS PERSONAS DEL HOGAR);P42_D1;P3510S2A3;3. Venezuela;No aplica (NA);;No;NUMBER;10;;1. Pregunta de selección múltiple si tiene información debe ser cuando P3510=3 y deber ser 1;;Recolectada/Acopiada;Publicación no anonimizada;Encuesta Nacional de Calidad de Vida (ECV)
CAP_D;DBF_ENCV_592_1;D. CARACTERISTICAS Y COMPOSICIÓN DEL HOGAR (PARA TODAS LAS PERSONAS DEL HOGAR);P43_D1;P3510S2A4;4. Ecuador;No aplica (NA);;No;NUMBER;10;;1. Pregunta de selección múltiple si tiene información debe ser cuando P3510=3 y deber ser 1;;Recolectada/Acopiada;Publicación no anonimizada;Encuesta Nacional de Calidad de Vida (ECV)
CAP_D;DBF_ENCV_592_1;D. CARACTERISTICAS Y COMPOSICIÓN DEL HOGAR (PARA TODAS LAS PERSONAS DEL HOGAR);P44_D1;P3510S2A5;5. Panamá;No aplica (NA);;No;NUMBER;10;;1. Pregunta de selección múltiple si tiene información debe ser cuando P3510=3 y deber ser 1;;Recolectada/Acopiada;Publicación no anonimizada;Encuesta Nacional de Calidad de Vida (ECV)
CAP_D;DBF_ENCV_592_1;D. CARACTERISTICAS Y COMPOSICIÓN DEL HOGAR (PARA TODAS LAS PERSONAS DEL HOGAR);P45_D1;P3510S2A6;6. Perú;No aplica (NA);;No;NUMBER;10;;1. Pregunta de selección múltiple si tiene información debe ser cuando P3510=3 y deber ser 1;;Recolectada/Acopiada;Publicación no anonimizada;Encuesta Nacional de Calidad de Vida (ECV)
CAP_D;DBF_ENCV_592_1;D. CARACTERISTICAS Y COMPOSICIÓN DEL HOGAR (PARA TODAS LAS PERSONAS DEL HOGAR);P45_D1;P3510S2A7;7. Costa Rica;No aplica (NA);;No;NUMBER;10;;1. Pregunta de selección múltiple si tiene información debe ser cuando P3510=3 y deber ser 1;;Recolectada/Acopiada;Publicación no anonimizada;Encuesta Nacional de Calidad de Vida (ECV)
CAP_D;DBF_ENCV_592_1;D. CARACTERISTICAS Y COMPOSICIÓN DEL HOGAR (PARA TODAS LAS PERSONAS DEL HOGAR);P47_D1;P3510S2A8;8. Argentina;No aplica (NA);;No;NUMBER;10;;1. Pregunta de selección múltiple si tiene información debe ser cuando P3510=3 y deber ser 1;;Recolectada/Acopiada;Publicación no anonimizada;Encuesta Nacional de Calidad de Vida (ECV)
CAP_D;DBF_ENCV_592_1;D. CARACTERISTICAS Y COMPOSICIÓN DEL HOGAR (PARA TODAS LAS PERSONAS DEL HOGAR);P48_D1;P3510S2A9;9. Francia;No aplica (NA);;No;NUMBER;10;;1. Pregunta de selección múltiple si tiene información debe ser cuando P3510=3 y deber ser 1;;Recolectada/Acopiada;Publicación no anonimizada;Encuesta Nacional de Calidad de Vida (ECV)
CAP_D;DBF_ENCV_592_1;D. CARACTERISTICAS Y COMPOSICIÓN DEL HOGAR (PARA TODAS LAS PERSONAS DEL HOGAR);P49_D1;P3510S2A10;10. Italia;No aplica (NA);;No;NUMBER;10;;1. Pregunta de selección múltiple si tiene información debe ser cuando P3510=3 y deber ser 1;;Recolectada/Acopiada;Publicación no anonimizada;Encuesta Nacional de Calidad de Vida (ECV)
CAP_D;DBF_ENCV_592_1;D. CARACTERISTICAS Y COMPOSICIÓN DEL HOGAR (PARA TODAS LAS PERSONAS DEL HOGAR);P50_D1;P3510S2A11;11. Otro país;No aplica (NA);;No;NUMBER;10;;1. Pregunta de selección múltiple si tiene información debe ser cuando P3510=3 y deber ser 1;;Recolectada/Acopiada;Publicación no anonimizada;Encuesta Nacional de Calidad de Vida (ECV)
CAP_D;DBF_ENCV_592_1;D. CARACTERISTICAS Y COMPOSICIÓN DEL HOGAR (PARA TODAS LAS PERSONAS DEL HOGAR);P51_D1;P6074;9. ¿... siempre ha vivido aquí en este municipio?;No aplica (NA);;No;NUMBER;22;"1. Sí
2. No";"1. Debe tener información cuando P756< 3
2. Debe aceptar valor 1 ó 2";;Recolectada/Acopiada;Publicación no anonimizada;Encuesta Nacional de Calidad de Vida (ECV)
CAP_D;DBF_ENCV_592_1;D. CARACTERISTICAS Y COMPOSICIÓN DEL HOGAR (PARA TODAS LAS PERSONAS DEL HOGAR);P52_D1;P755;10. ¿Dónde vivía ..., hace 5 años?;No aplica (NA);;No;NUMBER;22;"1. No había nacido
2. En este municipio
3. En otro Municipio 
4. En otro país";"1. Debe tener información cuando P6074= 2 ó P756=3
2. Debe aceptar valores de 1 a 4";;Recolectada/Acopiada;Publicación no anonimizada;Encuesta Nacional de Calidad de Vida (ECV)
CAP_D;DBF_ENCV_592_1;D. CARACTERISTICAS Y COMPOSICIÓN DEL HOGAR (PARA TODAS LAS PERSONAS DEL HOGAR);P53_D1;P755S1;Departamento;No aplica (NA);;No;VARCHAR2;2;;"1. Debe tener información cuando P755=3
2. Debe tener un código de Departamento de tabla DIVIPOLA";;Recolectada/Acopiada;Publicación no anonimizada;Encuesta Nacional de Calidad de Vida (ECV)
CAP_D;DBF_ENCV_592_1;D. CARACTERISTICAS Y COMPOSICIÓN DEL HOGAR (PARA TODAS LAS PERSONAS DEL HOGAR);P54_D1;P755S2;Municipio;No aplica (NA);;No;VARCHAR2;5;;"1. Debe tener información cuando P755=3
2. Debe tener un código de Municipio de tabla DIVIPOLA";;Recolectada/Acopiada;Publicación no anonimizada;Encuesta Nacional de Calidad de Vida (ECV)
CAP_D;DBF_ENCV_592_1;D. CARACTERISTICAS Y COMPOSICIÓN DEL HOGAR (PARA TODAS LAS PERSONAS DEL HOGAR);P55_D1;P755S3;En otro país;No aplica (NA);;No;VARCHAR2;2;"1. Estados Unidos
2. España
3. Venezuela
4. Ecuador
5. Panamá
6. Perú
7. Costa Rica
8. Argentina
9. Francia
10. Italia
11. Otro país";"1. Debe tener información cuando P755=4
2. Debe tener valores entre 1 y 11";;Recolectada/Acopiada;Publicación no anonimizada;Encuesta Nacional de Calidad de Vida (ECV)
CAP_D;DBF_ENCV_592_1;D. CARACTERISTICAS Y COMPOSICIÓN DEL HOGAR (PARA TODAS LAS PERSONAS DEL HOGAR);P56_D1;P754;11. El lugar donde vivía ... hace 5 años era:;No aplica (NA);;No;NUMBER;22;"1. El centro urbano donde está la alcaldía
2. Un corregimiento, inspección de policía, caserío, vereda o campo";"1. Debe tener información cuando P755= 2
2. Debe aceptar valor 1 ó 2";;Recolectada/Acopiada;Publicación no anonimizada;Encuesta Nacional de Calidad de Vida (ECV)
CAP_D;DBF_ENCV_592_1;D. CARACTERISTICAS Y COMPOSICIÓN DEL HOGAR (PARA TODAS LAS PERSONAS DEL HOGAR);P57_D1;P753;12. ¿Dónde vivía ..., hace 12 meses?;No aplica (NA);;No;NUMBER;22;"1. No había nacido
2. En este municipio
3. En otro Municipio 
4. En otro país";"1. Debe tener información cuando P6074= 2 ó P756=3
2. Debe aceptar valores de 1 a 4";;Recolectada/Acopiada;Publicación no anonimizada;Encuesta Nacional de Calidad de Vida (ECV)
CAP_D;DBF_ENCV_592_1;D. CARACTERISTICAS Y COMPOSICIÓN DEL HOGAR (PARA TODAS LAS PERSONAS DEL HOGAR);P58_D1;P753S1;Departamento;No aplica (NA);;No;VARCHAR2;2;;"1. Debe tener información cuando P753= 3
2. Debe tener un código de Departamento de tabla DIVIPOLA";;Recolectada/Acopiada;Publicación no anonimizada;Encuesta Nacional de Calidad de Vida (ECV)
CAP_D;DBF_ENCV_592_1;D. CARACTERISTICAS Y COMPOSICIÓN DEL HOGAR (PARA TODAS LAS PERSONAS DEL HOGAR);P59_D1;P753S2;Municipio;No aplica (NA);;No;VARCHAR2;5;;"1. Debe tener información cuando P753= 3
2. Debe tener un código de Municipio de tabla DIVIPOLA";;Recolectada/Acopiada;Publicación no anonimizada;Encuesta Nacional de Calidad de Vida (ECV)
CAP_D;DBF_ENCV_592_1;D. CARACTERISTICAS Y COMPOSICIÓN DEL HOGAR (PARA TODAS LAS PERSONAS DEL HOGAR);P60_D1;P753S3;En otro país;No aplica (NA);;No;VARCHAR2;2;"1. Estados Unidos
2. España
3. Venezuela
4. Ecuador
5. Panamá
6. Perú
7. Costa Rica
8. Argentina
9. Francia
10. Italia
11. Otro país";"1. Debe tener información cuando P753= 4
2. Debe aceptar valores de 1 a 11";;Recolectada/Acopiada;Publicación no anonimizada;Encuesta Nacional de Calidad de Vida (ECV)
CAP_D;DBF_ENCV_592_1;D. CARACTERISTICAS Y COMPOSICIÓN DEL HOGAR (PARA TODAS LAS PERSONAS DEL HOGAR);P61_D1;P752;12A. El lugar donde vivía ... hace 12 meses era:;No aplica (NA);;No;NUMBER;22;"1. El centro urbano donde está la alcaldía
2. Un corregimiento, inspección de policía, caserío, vereda o campo";"1. Debe tener información cuando P753= 2 
2. Debe aceptar valor 1 ó 2";;Recolectada/Acopiada;Publicación no anonimizada;Encuesta Nacional de Calidad de Vida (ECV)
CAP_D;DBF_ENCV_592_1;D. CARACTERISTICAS Y COMPOSICIÓN DEL HOGAR (PARA TODAS LAS PERSONAS DEL HOGAR);P62_D1;P1662;13. ¿Cuál fue el principal motivo por el que ... Cambió el lugar donde residia hace 12 meses?;No aplica (NA);;No;NUMBER;22;"1. Trabajo
2. Estudio
3. Salud
4. Amenaza o riesgo para su vida o integridad física ocasionada por conflicto armado o grupos armados
5. Amenaza o riesgo para su vida o integridad física por violencia NO asociada al conflicto armado (inseguridad, delincuencia común)
6. Desastres naturales
7. Conformación de un nuevo hogar
8. Acompañar a otros miembros del hogar
9. Motivos culturales asociados a grupos étnicos
10. Adquisición de vivienda propia 
11. Mejorar calidad de vida
12. Otro ¿cuál?";"1. Debe tener información cuando P753= 3 ó  P753= 4
2. Debe aceptar valores de 1 a 12";;Recolectada/Acopiada;Publicación no anonimizada;Encuesta Nacional de Calidad de Vida (ECV)
CAP_D;DBF_ENCV_592_1;D. CARACTERISTICAS Y COMPOSICIÓN DEL HOGAR (PARA TODAS LAS PERSONAS DEL HOGAR);P64_D1;P6081;14. El padre de ... ¿vive en este hogar?;No aplica (NA);;No;NUMBER;22;"1. Si
2. No
3. Fallecido(a)";"1. Debe tener información cuando P6001=1
2. Debe aceptar valores de 1 a 3";;Recolectada/Acopiada;Publicación no anonimizada;Encuesta Nacional de Calidad de Vida (ECV)
CAP_D;DBF_ENCV_592_1;D. CARACTERISTICAS Y COMPOSICIÓN DEL HOGAR (PARA TODAS LAS PERSONAS DEL HOGAR);P65_D1;P6081S1;No. de orden;No aplica (NA);;No;NUMBER;22;;"1. Debe tener información cuando P6081= 1
2. No puede ser mayor a P205 Tabla DBF_ENCV_591_1";;Recolectada/Acopiada;Publicación no anonimizada;Encuesta Nacional de Calidad de Vida (ECV)
CAP_D;DBF_ENCV_592_1;D. CARACTERISTICAS Y COMPOSICIÓN DEL HOGAR (PARA TODAS LAS PERSONAS DEL HOGAR);P66_D1;P6087;15. ¿Cuál es o fue el nivel de educación más alto alcanzado por el padre de ...?;No aplica (NA);;No;NUMBER;22;"1.  Algunos años de primaria
2.  Toda la primaria
3.  Algunos años de secundaria
4.  Toda la secundaria
5.  Uno o más años de técnica o tecnológica
6.  Técnica o tecnológica completa
7.  Uno o más años de universidad
8.  Universitaria completa
9.  Ninguno
10. No sabe";"1. Debe tener información cuando P6081>1
2. Debe aceptar valores de 1 a 10";;Recolectada/Acopiada;Publicación no anonimizada;Encuesta Nacional de Calidad de Vida (ECV)
CAP_D;DBF_ENCV_592_1;D. CARACTERISTICAS Y COMPOSICIÓN DEL HOGAR (PARA TODAS LAS PERSONAS DEL HOGAR);P67_D1;P6083;16. La madre de ... ¿vive en este hogar?;No aplica (NA);;No;NUMBER;22;"1. Si
2. No
3. Fallecida";"1. Debe tener información cuando P6001=1
2. Debe aceptar valores de 1 a 3";;Recolectada/Acopiada;Publicación no anonimizada;Encuesta Nacional de Calidad de Vida (ECV)
CAP_D;DBF_ENCV_592_1;D. CARACTERISTICAS Y COMPOSICIÓN DEL HOGAR (PARA TODAS LAS PERSONAS DEL HOGAR);P68_D1;P6083S1;No. de orden;No aplica (NA);;No;NUMBER;22;;"1. Debe tener información cuando P6083=1
2. No puede ser mayor a P205 tabla DBF_ENCV_591_1";;Recolectada/Acopiada;Publicación no anonimizada;Encuesta Nacional de Calidad de Vida (ECV)
CAP_D;DBF_ENCV_592_1;D. CARACTERISTICAS Y COMPOSICIÓN DEL HOGAR (PARA TODAS LAS PERSONAS DEL HOGAR);P69_D1;P6088;17. ¿Cuál es o fue el nivel de educación más alto alcanzado por la madre de ...?;No aplica (NA);;No;NUMBER;22;"1.  Algunos años de primaria
2.  Toda la primaria
3.  Algunos años de secundaria
4.  Toda la secundaria
5.  Uno o más años de técnica o tecnológica
6.  Técnica o tecnológica completa
7.  Uno o más años de universidad
8.  Universitaria completa
9.  Ninguno
10. No sabe";"1. Debe tener información cuando P6083>1
2. Debe aceptar valores de 1 a 10";;Recolectada/Acopiada;Publicación no anonimizada;Encuesta Nacional de Calidad de Vida (ECV)
CAP_D;DBF_ENCV_592_1;D. CARACTERISTICAS Y COMPOSICIÓN DEL HOGAR (PARA TODAS LAS PERSONAS DEL HOGAR);P70_D1;P6080;18. De acuerdo con su cultura, pueblo o rasgos físicos, ... es o se reconoce comó:;No aplica (NA);;No;NUMBER;22;"1.  Indígena
2.  Gitano/a (Rom)
3. Raizal del archipiélago de San Andrés, Providencia y Santa Catalina
4. Palenquero/a de San Basilio
5. Negro/a, mulato/a, afrodescendiente, afrocolombiano/a
6.  Ningún grupo étnico ";"1. Debe tener información cuando P6001=1
2. Debe aceptar valores de 1 a 6";;Recolectada/Acopiada;Publicación no anonimizada;Encuesta Nacional de Calidad de Vida (ECV)
CAP_D;DBF_ENCV_592_1;D. CARACTERISTICAS Y COMPOSICIÓN DEL HOGAR (PARA TODAS LAS PERSONAS DEL HOGAR);P72_D1;P2057;20. ¿Usted se considera campesino/a? ;No aplica (NA);;No;NUMBER;22;"1. Si
2. No
9. No informa";"1. Debe tener información cuando P6040>= 15
2. Debe aceptar valores 1 ó 2 ó 9";;Recolectada/Acopiada;Publicación no anonimizada;Encuesta Nacional de Calidad de Vida (ECV)
CAP_D;DBF_ENCV_592_1;D. CARACTERISTICAS Y COMPOSICIÓN DEL HOGAR (PARA TODAS LAS PERSONAS DEL HOGAR);P73_D1;P2059;21. ¿Usted considera que alguna vez fue campesino/a? ;No aplica (NA);;No;NUMBER;22;"1. Si
2. No
9. No informa";"1. Debe tener información cuando P2057=2
2. Debe aceptar valores 1 ó 2 ó 9";;Recolectada/Acopiada;Publicación no anonimizada;Encuesta Nacional de Calidad de Vida (ECV)
CAP_D;DBF_ENCV_592_1;D. CARACTERISTICAS Y COMPOSICIÓN DEL HOGAR (PARA TODAS LAS PERSONAS DEL HOGAR);P74_D1;P2061;22. ¿Usted considera que la comunidad en que vive es campesina? ;No aplica (NA);;No;NUMBER;22;"1. Si
2. No
9. No informa";"1. Debe tener información cuando P6040>= 15
2. Debe aceptar valores 1 ó 2 ó 9";;Recolectada/Acopiada;Publicación no anonimizada;Encuesta Nacional de Calidad de Vida (ECV)
CAP_D;DBF_ENCV_592_1;D. CARACTERISTICAS Y COMPOSICIÓN DEL HOGAR (PARA TODAS LAS PERSONAS DEL HOGAR);P75_D1;P1895;23. En general, ¿qué tan satisfecho/a se siente ... con su vida actualmente?;No aplica (NA);;No;NUMBER;22;"10 Totalmente satisfecho/a
9 
8 
7 
6 
5 
4 
3 
2 
1 
0  Totalmente insatisfecho/a";"1. Debe tener información cuando P6040>= 15
2. Debe aceptar valores entre 0 y 10";;Recolectada/Acopiada;Publicación no anonimizada;Encuesta Nacional de Calidad de Vida (ECV)
CAP_D;DBF_ENCV_592_1;D. CARACTERISTICAS Y COMPOSICIÓN DEL HOGAR (PARA TODAS LAS PERSONAS DEL HOGAR);P76_D1;P1896;24. En general, ¿qué tan satisfecho/a se siente ... con su ingreso actualmente?;No aplica (NA);;No;NUMBER;22;"10 Totalmente satisfecho/a
9 
8 
7 
6 
5 
4 
3 
2 
1 
0 Totalmente insatisfecho/a
99 No recibe ingresos";"1. Debe tener información cuando P6040>= 15
2. Debe aceptar valores entre 0 y 10 ó 99";;Recolectada/Acopiada;Publicación no anonimizada;Encuesta Nacional de Calidad de Vida (ECV)
CAP_D;DBF_ENCV_592_1;D. CARACTERISTICAS Y COMPOSICIÓN DEL HOGAR (PARA TODAS LAS PERSONAS DEL HOGAR);P77_D1;P1897;25. En general, ¿qué tan satisfecho/a se siente ... con su salud actualmente?;No aplica (NA);;No;NUMBER;22;"10 Totalmente satisfecho/a
9 
8 
7 
6 
5 
4 
3 
2 
1 
0 Totalmente insatisfecho/a";"1. Debe tener información cuando P6040>= 15
2. Debe aceptar valores entre 0 y 10";;Recolectada/Acopiada;Publicación no anonimizada;Encuesta Nacional de Calidad de Vida (ECV)
CAP_D;DBF_ENCV_592_1;D. CARACTERISTICAS Y COMPOSICIÓN DEL HOGAR (PARA TODAS LAS PERSONAS DEL HOGAR);P78_D1;P1898;26. En general, ¿qué tan satisfecho/a se siente ... con su nivel de seguridad actualmente?;No aplica (NA);;No;NUMBER;22;"10 Totalmente satisfecho/a
9 
8 
7 
6 
5 
4 
3 
2 
1 
0 Totalmente insatisfecho/a";"1. Debe tener información cuando P6040>= 15
2. Debe aceptar valores entre 0 y 10";;Recolectada/Acopiada;Publicación no anonimizada;Encuesta Nacional de Calidad de Vida (ECV)
CAP_D;DBF_ENCV_592_1;D. CARACTERISTICAS Y COMPOSICIÓN DEL HOGAR (PARA TODAS LAS PERSONAS DEL HOGAR);P79_D1;P1899;27. En general, ¿qué tan satisfecho/a se siente ... con su trabajo/actividad actualmente?;No aplica (NA);;No;NUMBER;22;"10 Totalmente satisfecho/a
9 
8 
7 
6 
5 
4 
3 
2 
1 
0 Totalmente insatisfecho/a";"1. Debe tener información cuando P6040>= 15
2. Debe aceptar valores entre 0 y 10";;Recolectada/Acopiada;Publicación no anonimizada;Encuesta Nacional de Calidad de Vida (ECV)
CAP_D;DBF_ENCV_592_1;D. CARACTERISTICAS Y COMPOSICIÓN DEL HOGAR (PARA TODAS LAS PERSONAS DEL HOGAR);P80_D1;P3175;28.  En general, ¿qué tan satisfecho/a se siente _____ con su tiempo libre?;No aplica (NA);;No;NUMBER;22;"10 Totalmente satisfecho/a
9 
8 
7 
6 
5 
4 
3 
2 
1 
0 Totalmente insatisfecho/a";"1. Debe tener información cuando P6040>= 15
2. Debe aceptar valores entre 0 y 10";;Recolectada/Acopiada;Publicación no anonimizada;Encuesta Nacional de Calidad de Vida (ECV)
CAP_D;DBF_ENCV_592_1;D. CARACTERISTICAS Y COMPOSICIÓN DEL HOGAR (PARA TODAS LAS PERSONAS DEL HOGAR);P81_D1;P1901;29.  ¿Qué tan feliz se sintió ... el día de ayer? ;No aplica (NA);;No;NUMBER;22;"10 Todo el tiempo feliz
9 
8 
7 
6 
5 
4 
3 
2 
1 
0 Para nada feliz";"1. Debe tener información cuando P6040>= 15
2. Debe aceptar valores entre 0 y 10";;Recolectada/Acopiada;Publicación no anonimizada;Encuesta Nacional de Calidad de Vida (ECV)
CAP_D;DBF_ENCV_592_1;D. CARACTERISTICAS Y COMPOSICIÓN DEL HOGAR (PARA TODAS LAS PERSONAS DEL HOGAR);P82_D1;P1903;30. ¿Qué tan preocupado/a se sintió ... el día de ayer?;No aplica (NA);;No;NUMBER;22;"10 Todo el tiempo preocupado/a
9 
8 
7 
6 
5 
4 
3 
2 
1 
0 Para nada  preocupado/a";"1. Debe tener información cuando P6040>= 15
2. Debe aceptar valores entre 0 y 10";;Recolectada/Acopiada;Publicación no anonimizada;Encuesta Nacional de Calidad de Vida (ECV)
CAP_D;DBF_ENCV_592_1;D. CARACTERISTICAS Y COMPOSICIÓN DEL HOGAR (PARA TODAS LAS PERSONAS DEL HOGAR);P83_D1;P1904;31. ¿Qué tan triste se sintió ... el día de ayer?;No aplica (NA);;No;NUMBER;22;"10 Todo el tiempo triste
9 
8 
7 
6 
5 
4 
3 
2 
1 
0 Para nada  triste";"1. Debe tener información cuando P6040>= 15
2. Debe aceptar valores entre 0 y 10";;Recolectada/Acopiada;Publicación no anonimizada;Encuesta Nacional de Calidad de Vida (ECV)
CAP_D;DBF_ENCV_592_1;D. CARACTERISTICAS Y COMPOSICIÓN DEL HOGAR (PARA TODAS LAS PERSONAS DEL HOGAR);P84_D1;P1905;32. ¿Qué tanto considera ... que las cosas que hace en su vida valen la pena?;No aplica (NA);;No;NUMBER;22;"10 Valen totalmente la pena
9 
8 
7 
6 
5 
4 
3 
2 
1 
0 No valen la pena";"1. Debe tener información cuando P6040>= 15
2. Debe aceptar valores entre 0 y 10";;Recolectada/Acopiada;Publicación no anonimizada;Encuesta Nacional de Calidad de Vida (ECV)
CAP_D;DBF_ENCV_592_1;D. CARACTERISTICAS Y COMPOSICIÓN DEL HOGAR (PARA TODAS LAS PERSONAS DEL HOGAR);P85_D1;P1927;33. ¿En cuál escalón diría usted que se encuentra parado/a en este momento?;No aplica (NA);;No;NUMBER;22;"10 Mejor vida
9 
8 
7 
6 
5 
4 
3 
2 
1 
0 Peor vida";"1. Debe tener información cuando P6040>= 15
2. Debe aceptar valores entre 0 y 10";;Recolectada/Acopiada;Publicación no anonimizada;Encuesta Nacional de Calidad de Vida (ECV)
CAP_D;DBF_ENCV_592_1;D. CARACTERISTICAS Y COMPOSICIÓN DEL HOGAR (PARA TODAS LAS PERSONAS DEL HOGAR);P86_D1;P3038;34. ¿Usted siente atracción sexual o romántica por? ;No aplica (NA);;No;NUMBER;10;"1. Hombres
2. Mujeres
3. Ambos sexos
4. Otro, ¿cuál? 
9. Prefiero no responder";"1. Debe tener información cuando P6040>= 18
2. Debe aceptar valores entre 1 y 4 ó 9";;Recolectada/Acopiada;Publicación no anonimizada;Encuesta Nacional de Calidad de Vida (ECV)
CAP_D;DBF_ENCV_592_1;D. CARACTERISTICAS Y COMPOSICIÓN DEL HOGAR (PARA TODAS LAS PERSONAS DEL HOGAR);P88_D1;P3039;35. ¿Usted se reconoce como?;No aplica (NA);;No;NUMBER;10;"1. Hombre
2. Mujer
3. Hombre trans
4. Mujer trans
5. Otro, ¿cuál? 
9. Prefiero no responder";"1. Debe tener información cuando P6040>= 18
2. Debe aceptar valores entre 1 y 5 ó 9";;Recolectada/Acopiada;Publicación no anonimizada;Encuesta Nacional de Calidad de Vida (ECV)
CAP_E;DBF_ENCV_592_2;E. SALUD;P01_E1;DIRECTORIO;DIRECTORIO;Llave Foránea (FK);DBF_ENCV_592_1;Si;NUMBER;;;1. Siempre debe tener información;;Recolectada/Acopiada;Publicación no anonimizada;Encuesta Nacional de Calidad de Vida (ECV)
CAP_E;DBF_ENCV_592_2;E. SALUD;P02_E1;SECUENCIA_ENCUESTA;Número de la persona dentro del hogar;Llave Foránea (FK);DBF_ENCV_592_1;Si;NUMBER;;;1. Siempre debe tener información;;Recolectada/Acopiada;Publicación no anonimizada;Encuesta Nacional de Calidad de Vida (ECV)
CAP_E;DBF_ENCV_592_2;E. SALUD;P03_E1;SECUENCIA_P;Número del Hogar dentro de la vivienda;Llave Foránea (FK);DBF_ENCV_592_1;Si;NUMBER;;;1. Siempre debe tener información;;Recolectada/Acopiada;Publicación no anonimizada;Encuesta Nacional de Calidad de Vida (ECV)
CAP_E;DBF_ENCV_592_2;E. SALUD;P04_E1;ORDEN;Número de la persona dentro del hogar;Llave Foránea (FK);DBF_ENCV_592_1;No;NUMBER;;;1. Siempre debe tener información;;Recolectada/Acopiada;Publicación no anonimizada;Encuesta Nacional de Calidad de Vida (ECV)
CAP_E;DBF_ENCV_592_2;E. SALUD;P05_E1;FEX_C;Factor de expansión ;No aplica (NA);;Sí;NUMBER;22;;;;Nueva;Publicación no anonimizada;Encuesta Nacional de Calidad de Vida (ECV)
CAP_E;DBF_ENCV_592_2;E. SALUD;P06_E1;P6090;1. ¿ ... está afiliado/a,  (cotizante o es beneficiario/a) a alguna entidad de seguridad social en salud? (Entidad promotora de salud [EPS] o entidad promotora de salud subsidiada [EPS-S] );No aplica (NA);;No;NUMBER;;"1. Sí
2. No
9.  No sabe, no informa";"1. Debe tener información cuando P6001=1
2. Debe aceptar valores 1 ó 2 ó 9";;Recolectada/Acopiada;Publicación no anonimizada;Encuesta Nacional de Calidad de Vida (ECV)
CAP_E;DBF_ENCV_592_2;E. SALUD;P07_E1;P768;2. ¿Por qué razón principal no está afiliado/a de una entidad de seguridad social en salud? (Entidad promotora de salud [EPS] o entidad promotora de salud subsidiada [EPS-S] ;No aplica (NA);;No;NUMBER;;"1. Por falta de dinero
2. Muchos trámites
3. No le interesa o descuido
4. No sabe que debe afiliarse
5. No está vinculado/a laboralmente a una empresa o entidad (Usted o la persona de la que es beneficiario/a)
6. Está en trámite de afiliación
7. Problemas con el Sisben (no lo/a han visitado, afiliado/a en otro municipio, lo/a desvincularon, le asignaron puntaje alto) 
8. Falta de documentación 
9. Otra razón";"1. Debe tener información cuando P6090=2
2. Debe aceptar valores entre 1 y 9";;Recolectada/Acopiada;Publicación no anonimizada;Encuesta Nacional de Calidad de Vida (ECV)
CAP_E;DBF_ENCV_592_2;E. SALUD;P09_E1;P6100;3. ¿A cuál de los siguientes regímenes de seguridad social en salud está afiliado/a?;No aplica (NA);;No;NUMBER;;"1. Contributivo (EPS)
2. Especial (Fuerzas Armadas, Ecopetrol, universidades públicas, magisterio)
3. Subsidiado (EPS-S )
9. No sabe, no informa";"1. Debe tener información cuando P6090=1
2. Debe aceptar valores entre 1 y 3 ó 9";;Recolectada/Acopiada;Publicación no anonimizada;Encuesta Nacional de Calidad de Vida (ECV)
CAP_E;DBF_ENCV_592_2;E. SALUD;P10_E1;P6115;4. ¿Quién paga mensualmente por la afiliación de ...?;No aplica (NA);;No;NUMBER;;"1. ... paga una parte y otra la empresa o patrón 
2. Le descuentan de la pensión
3. ... paga la totalidad de la afiliación
4. Paga completamente la empresa o patrón donde trabaja o trabajó
5. No paga, es beneficiario/a";"1. Debe tener información cuando P6100< 3
2. Debe aceptar valores de 1 a 5";;Recolectada/Acopiada;Publicación no anonimizada;Encuesta Nacional de Calidad de Vida (ECV)
CAP_E;DBF_ENCV_592_2;E. SALUD;P11_E1;P5669;5. ¿De quién es beneficiario/a ...?:;No aplica (NA);;No;NUMBER;;"1.  De una persona de este hogar
2. De una persona de otro hogar";"1. Debe tener información cuando P6115=5
2. Debe aceptar valor 1 ó 2";;Recolectada/Acopiada;Publicación no anonimizada;Encuesta Nacional de Calidad de Vida (ECV)
CAP_E;DBF_ENCV_592_2;E. SALUD;P12_E1;P5669S1;No. Orden;No aplica (NA);;No;NUMBER;;;"1. Debe tener información cuando P5669=1
2. Debe ser menor a P205 tabla DBF_ENCV_591_1";;Recolectada/Acopiada;Publicación no anonimizada;Encuesta Nacional de Calidad de Vida (ECV)
CAP_E;DBF_ENCV_592_2;E. SALUD;P13_E1;P8551;6. ¿Cuánto paga o cuánto le descuentan mensualmente a ... para estar cubierto/a por una entidad de seguridad social en salud? ;No aplica (NA);;No;NUMBER;;;"1. Debe tener informacion cuando P6115<4
2. Debe aceptar valores entre 5.000 y 2'000.000 o 99";;Recolectada/Acopiada;Publicación no anonimizada;Encuesta Nacional de Calidad de Vida (ECV)
CAP_E;DBF_ENCV_592_2;E. SALUD;P15_E1;P3511;6A. ¿Dónde está ubicada la entidad donde recibe los servicios de salud?  ;No aplica (NA);;No;NUMBER;10;"1. Este municipio
2. Otro municipio";"1. Debe tener informacion cuando P6090=1
2. Debe aceptar valor 1 ó 2";;Recolectada/Acopiada;Publicación no anonimizada;Encuesta Nacional de Calidad de Vida (ECV)
CAP_E;DBF_ENCV_592_2;E. SALUD;P16_E1;P3511S1;Departamento;No aplica (NA);;No;NUMBER;10;;"1. Debe tener información cuando P3511=2
2. Debe tener un código de Departamento de DIVIPOLA";;Recolectada/Acopiada;Publicación no anonimizada;Encuesta Nacional de Calidad de Vida (ECV)
CAP_E;DBF_ENCV_592_2;E. SALUD;P17_E1;P3511S2;Municipio;No aplica (NA);;No;NUMBER;10;;"1. Debe tener información cuando P3511=2
2. Debe tener un código de Municipio de DIVIPOLA";;Recolectada/Acopiada;Publicación no anonimizada;Encuesta Nacional de Calidad de Vida (ECV)
CAP_E;DBF_ENCV_592_2;E. SALUD;P18_E1;P6181;7.  En general, considera que la calidad del servicio de su EPS o de la entidad de seguridad social en salud en la cual ... está afiliado/a es: ;No aplica (NA);;No;NUMBER;;"1. Muy buena
2. Buena
3. Mala
4. Muy mala
9.  No sabe";"1. Debe tener información cuando P6100<9 
2. Debe aceptar valores entre 1 y 4 ó 9";;Recolectada/Acopiada;Publicación no anonimizada;Encuesta Nacional de Calidad de Vida (ECV)
CAP_E;DBF_ENCV_592_2;E. SALUD;P19_E1;P798;8. ¿Cuál es el aspecto que más influye en su percepción sobre la calidad del servicio de su EPS o de la entidad de seguridad social en salud en la cual se encuentra afiliado/a? ;No aplica (NA);;No;NUMBER;;"1. Trámites excesivos o dispendiosos
2. Mala atención del personal administrativo o asistencial (médicos, enfermeras, etc.)
3. Falta de capacidad, conocimientos o habilidad del personal asistencial
4. Condiciones deficientes de infraestructura, dotación, mobiliario o accesibilidad para personas con discapacidad
5. Demora en la asignación de citas
6. Demora en la atención por parte del personal médico
7. Problemas relacionados con los medicamentos
8. Otro";"1. Debe tener información cuando P6181=3 ó P6181=4
2. Debe aceptar valores entre 1 y 8";;Recolectada/Acopiada;Publicación no anonimizada;Encuesta Nacional de Calidad de Vida (ECV)
CAP_E;DBF_ENCV_592_2;E. SALUD;P21_E1;P799;9. ¿Cuáles de los siguientes planes o seguros VOLUNTARIOS de salud tiene_________?;No aplica (NA);;No;NUMBER;;;Pertenece al titulo de la pregunta, no guarda ningún dato;;Recolectada/Acopiada;Publicación no anonimizada;Encuesta Nacional de Calidad de Vida (ECV)
CAP_E;DBF_ENCV_592_2;E. SALUD;P22_E1;P799S2;1. Medicina prepagada;No aplica (NA);;No;NUMBER;;"1. Sí
2. No";"1. Debe tener informacion cuando P6001=1 y P6100< 3
2. Debe aceptar valor 1 ó 2";;Recolectada/Acopiada;Publicación no anonimizada;Encuesta Nacional de Calidad de Vida (ECV)
CAP_E;DBF_ENCV_592_2;E. SALUD;P23_E1;P799S3;2. Plan complementario de salud con una EPS;No aplica (NA);;No;NUMBER;;"1. Sí
2. No";"1. Debe tener informacion cuando P6001=1 y P6100< 3
2. Debe aceptar valor 1 ó 2";;Recolectada/Acopiada;Publicación no anonimizada;Encuesta Nacional de Calidad de Vida (ECV)
CAP_E;DBF_ENCV_592_2;E. SALUD;P24_E1;P799S1;3. Póliza de hospitalización o cirugía;No aplica (NA);;No;NUMBER;;"1. Sí
2. No";"1. Debe tener informacion cuando P6001=1 y P6100< 3
2. Debe aceptar valor 1 ó 2";;Recolectada/Acopiada;Publicación no anonimizada;Encuesta Nacional de Calidad de Vida (ECV)
CAP_E;DBF_ENCV_592_2;E. SALUD;P25_E1;P799S4;4. Seguros médicos estudiantiles;No aplica (NA);;No;NUMBER;;"1. Sí
2. No";"1. Debe tener informacion cuando P6001=1
2. Debe aceptar valor 1 ó 2";;Recolectada/Acopiada;Publicación no anonimizada;Encuesta Nacional de Calidad de Vida (ECV)
CAP_E;DBF_ENCV_592_2;E. SALUD;P26_E1;P799S5;5. Otro (ambulancia, asistencia medica domiciliaria, etc.) ;No aplica (NA);;No;NUMBER;;"1. Sí
2. No";"1. Debe tener informacion cuando P6001=1
2. Debe aceptar valor 1 ó 2";;Recolectada/Acopiada;Publicación no anonimizada;Encuesta Nacional de Calidad de Vida (ECV)
CAP_E;DBF_ENCV_592_2;E. SALUD;P27_E1;P3176;10. ¿Cuánto paga o  le descuentan mensualmente a ________ por concepto de estos planes o seguros voluntarios de salud?;No aplica (NA);;No;NUMBER;;;"1. Debe tener información  cuando P799S2= 1 ó P799S1=1 ó P799S3=1 ó P799S4= 1 ó P799S5=1
2. Debe aceptar valores entre 5.000 hasta 5.000.000  98 y 99 ó 0";;Recolectada/Acopiada;Publicación no anonimizada;Encuesta Nacional de Calidad de Vida (ECV)
CAP_E;DBF_ENCV_592_2;E. SALUD;P28_E1;P6127;11. El estado de salud de ... en general, es:;No aplica (NA);;No;NUMBER;;"1.  Muy bueno
2.  Bueno
3.  Regular
4.  Malo";"1. Debe tener información cuando P6001=1
2. Debe aceptar valores entre 1 y 4";;Recolectada/Acopiada;Publicación no anonimizada;Encuesta Nacional de Calidad de Vida (ECV)
CAP_E;DBF_ENCV_592_2;E. SALUD;P29_E1;P1930;12. En los últimos 12 meses, ¿a ... le han diagnosticado alguna enfermedad crónica?;No aplica (NA);;No;NUMBER;;"1. Sí
2. No";"1. Debe tener información cuando P6001=1
2. Debe aceptar valor 1 ó 2";;Recolectada/Acopiada;Publicación no anonimizada;Encuesta Nacional de Calidad de Vida (ECV)
CAP_E;DBF_ENCV_592_2;E. SALUD;P30_E1;P1930S1;¿Actualmente está recibiendo tratamiento para esa enfermedad?;No aplica (NA);;No;NUMBER;;"1. Sí
2. No";"1. Debe tener información cuando P1930=1
2. Debe aceptar valor 1 ó 2
";;Recolectada/Acopiada;Publicación no anonimizada;Encuesta Nacional de Calidad de Vida (ECV)
CAP_E;DBF_ENCV_592_2;E. SALUD;P31_E1;P1699;12A. Sin estar enfermo(a) y por prevención, ¿______consulta por lo menos una vez al año: ;No aplica (NA);;No;NUMBER;;;Pertenece al titulo de la pregunta, no guarda ningún dato;;Recolectada/Acopiada;Publicación no anonimizada;Encuesta Nacional de Calidad de Vida (ECV)
CAP_E;DBF_ENCV_592_2;E. SALUD;P32_E1;P1699S1;1. Medicina general?;No aplica (NA);;No;NUMBER;;"1. Sí
2. No";"1. Debe tener información cuando P6001=1 
2. Debe aceptar valor 1 ó 2";;Recolectada/Acopiada;Publicación no anonimizada;Encuesta Nacional de Calidad de Vida (ECV)
CAP_E;DBF_ENCV_592_2;E. SALUD;P33_E1;P1699S3;2. Medicina especializada?;No aplica (NA);;No;NUMBER;;"1. Sí
2. No";"1. Debe tener información cuando P6001=1 
2. Debe aceptar valor 1 ó 2";;Recolectada/Acopiada;Publicación no anonimizada;Encuesta Nacional de Calidad de Vida (ECV)
CAP_E;DBF_ENCV_592_2;E. SALUD;P34_E1;P1699S2;3. Odontología?;No aplica (NA);;No;NUMBER;;"1. Sí
2. No";"1. Debe tener información cuando P6001=1 
2. Debe aceptar valor 1 ó 2";;Recolectada/Acopiada;Publicación no anonimizada;Encuesta Nacional de Calidad de Vida (ECV)
CAP_E;DBF_ENCV_592_2;E. SALUD;P35_E1;P1699S4;4. Medicina alternativa?;No aplica (NA);;No;NUMBER;;"1. Sí
2. No";"1. Debe tener información cuando P6001=1 
2. Debe aceptar valor 1 ó 2";;Recolectada/Acopiada;Publicación no anonimizada;Encuesta Nacional de Calidad de Vida (ECV)
CAP_E;DBF_ENCV_592_2;E. SALUD;P36_E1;P1699S5;5. Psicología?;No aplica (NA);;No;NUMBER;;"1. Sí
2. No";"1. Debe tener información cuando P6001=1 
2. Debe aceptar valor 1 ó 2";;Recolectada/Acopiada;Publicación no anonimizada;Encuesta Nacional de Calidad de Vida (ECV)
CAP_E;DBF_ENCV_592_2;E. SALUD;P37_E1;P1906;13. Dada su condición física y mental, en su vida diaria ______ tiene dificultades para realizar las siguientes actividades:;No aplica (NA);;No;NUMBER;;;Pertenece al titulo de la pregunta, no guarda ningún dato;;Recolectada/Acopiada;Publicación no anonimizada;Encuesta Nacional de Calidad de Vida (ECV)
CAP_E;DBF_ENCV_592_2;E. SALUD;P38_E1;P1906S1; 1.Oír, aun usando audífonos medicados?;No aplica (NA);;No;NUMBER;;"1. No puede hacerlo
2. Sí, con mucha dificultad
3. Sí, con alguna dificultad
4. Sin dificultad";"1. Debe tener información cuando P6001=1
2. Debe aceptar valores entre 1 y 4";;Recolectada/Acopiada;Publicación no anonimizada;Encuesta Nacional de Calidad de Vida (ECV)
CAP_E;DBF_ENCV_592_2;E. SALUD;P39_E1;P1906S2;2. Hablar o conversar?;No aplica (NA);;No;NUMBER;;"1. No puede hacerlo
2. Sí, con mucha dificultad
3. Sí, con alguna dificultad
4. Sin dificultad";"1. Debe tener información cuando P6001=1
2. Debe aceptar valores entre 1 y 4";;Recolectada/Acopiada;Publicación no anonimizada;Encuesta Nacional de Calidad de Vida (ECV)
CAP_E;DBF_ENCV_592_2;E. SALUD;P40_E1;P1906S3;3. Ver, aun usando lentes o gafas?;No aplica (NA);;No;NUMBER;;"1. No puede hacerlo
2. Sí, con mucha dificultad
3. Sí, con alguna dificultad
4. Sin dificultad";"1. Debe tener información cuando P6001=1
2. Debe aceptar valores entre 1 y 4";;Recolectada/Acopiada;Publicación no anonimizada;Encuesta Nacional de Calidad de Vida (ECV)
CAP_E;DBF_ENCV_592_2;E. SALUD;P41_E1;P1906S4;4. Mover el cuerpo, caminar o subir y bajar escaleras?;No aplica (NA);;No;NUMBER;;"1. No puede hacerlo
2. Sí, con mucha dificultad
3. Sí, con alguna dificultad
4. Sin dificultad";"1. Debe tener información cuando P6001=1
2. Debe aceptar valores entre 1 y 4";;Recolectada/Acopiada;Publicación no anonimizada;Encuesta Nacional de Calidad de Vida (ECV)
CAP_E;DBF_ENCV_592_2;E. SALUD;P42_E1;P1906S5;5. Agarrar o mover objetos con las manos?;No aplica (NA);;No;NUMBER;;"1. No puede hacerlo
2. Sí, con mucha dificultad
3. Sí, con alguna dificultad
4. Sin dificultad";"1. Debe tener información cuando P6001=1
2. Debe aceptar valores entre 1 y 4";;Recolectada/Acopiada;Publicación no anonimizada;Encuesta Nacional de Calidad de Vida (ECV)
CAP_E;DBF_ENCV_592_2;E. SALUD;P43_E1;P1906S6;6. Entender, aprender, recordar o tomar decisiones por sí mismo/a?;No aplica (NA);;No;NUMBER;;"1. No puede hacerlo
2. Sí, con mucha dificultad
3. Sí, con alguna dificultad
4. Sin dificultad";"1. Debe tener información cuando P6001=1
2. Debe aceptar valores entre 1 y 4";;Recolectada/Acopiada;Publicación no anonimizada;Encuesta Nacional de Calidad de Vida (ECV)
CAP_E;DBF_ENCV_592_2;E. SALUD;P44_E1;P1906S7;7. Comer, vestirse o bañarse por sí mismo/a?;No aplica (NA);;No;NUMBER;;"1. No puede hacerlo
2. Sí, con mucha dificultad
3. Sí, con alguna dificultad
4. Sin dificultad";"1. Debe tener información cuando P6001=1
2. Debe aceptar valores entre 1 y 4";;Recolectada/Acopiada;Publicación no anonimizada;Encuesta Nacional de Calidad de Vida (ECV)
CAP_E;DBF_ENCV_592_2;E. SALUD;P45_E1;P1906S8;8. Relacionarse o interactuar con las demás personas?;No aplica (NA);;No;NUMBER;;"1. No puede hacerlo
2. Sí, con mucha dificultad
3. Sí, con alguna dificultad
4. Sin dificultad";"1. Debe tener información cuando P6001=1
2. Debe aceptar valores entre 1 y 4";;Recolectada/Acopiada;Publicación no anonimizada;Encuesta Nacional de Calidad de Vida (ECV)
CAP_E;DBF_ENCV_592_2;E. SALUD;P46_E1;P1908;¿Esta dificultad de ... fue ocasionada:;No aplica (NA);;No;NUMBER;;;Pertenece al titulo de la pregunta, no guarda ningún dato;;Recolectada/Acopiada;Publicación no anonimizada;Encuesta Nacional de Calidad de Vida (ECV)
CAP_E;DBF_ENCV_592_2;E. SALUD;P47_E1;P1908S1;14. ¿Esta dificultad (Oír la voz o los sonidos) de ... fue ocasionada:;No aplica (NA);;No;NUMBER;;"1. Porque nació así?
2. Por enfermedad?
3. Por accidente laboral o enfermedad profesional?
4. Por otro tipo de accidente?
5. Por edad avanzada?
6. Por el conflicto armado?
7. Por violencia NO asociada al conflicto armado?
8. Por otra causa?
9. No sabe";"1. Debe tener información cuando P1906S1= 1 ó P1906S1= 2
2. Debe aceptar valores entre 1 y 9";;Recolectada/Acopiada;Publicación no anonimizada;Encuesta Nacional de Calidad de Vida (ECV)
CAP_E;DBF_ENCV_592_2;E. SALUD;P48_E1;P1908S2;14. ¿Esta dificultad (Hablar o conversar) de ... fue ocasionada:;No aplica (NA);;No;NUMBER;;"1. Porque nació así?
2. Por enfermedad?
3. Por accidente laboral o enfermedad profesional?
4. Por otro tipo de accidente?
5. Por edad avanzada?
6. Por el conflicto armado?
7. Por violencia NO asociada al conflicto armado?
8. Por otra causa?
9. No sabe";"1. Debe tener información cuando P1906S2= 1 ó P1906S2= 2
2. Debe aceptar valores entre 1 y 9";;Recolectada/Acopiada;Publicación no anonimizada;Encuesta Nacional de Calidad de Vida (ECV)
CAP_E;DBF_ENCV_592_2;E. SALUD;P49_E1;P1908S3;14. ¿Esta dificultad (Ver de cerca, de lejos o alrededor) de ... fue ocasionada:;No aplica (NA);;No;NUMBER;;"1. Porque nació así?
2. Por enfermedad?
3. Por accidente laboral o enfermedad profesional?
4. Por otro tipo de accidente?
5. Por edad avanzada?
6. Por el conflicto armado?
7. Por violencia NO asociada al conflicto armado?
8. Por otra causa?
9. No sabe";"1. Debe tener información cuando P1906S3= 1 ó P1906S3= 2
2. Debe aceptar valores entre 1 y 9";;Recolectada/Acopiada;Publicación no anonimizada;Encuesta Nacional de Calidad de Vida (ECV)
CAP_E;DBF_ENCV_592_2;E. SALUD;P50_E1;P1908S4;14. ¿Esta dificultad (Mover el cuerpo, caminar o subir y bajar escaleras) de ... fue ocasionada:;No aplica (NA);;No;NUMBER;;"1. Porque nació así?
2. Por enfermedad?
3. Por accidente laboral o enfermedad profesional?
4. Por otro tipo de accidente?
5. Por edad avanzada?
6. Por el conflicto armado?
7. Por violencia NO asociada al conflicto armado?
8. Por otra causa?
9. No sabe";"1. Debe tener información cuando P1906S4= 1 ó P1906S4= 2
2. Debe aceptar valores entre 1 y 9";;Recolectada/Acopiada;Publicación no anonimizada;Encuesta Nacional de Calidad de Vida (ECV)
CAP_E;DBF_ENCV_592_2;E. SALUD;P51_E1;P1908S5;14. ¿Esta dificultad (Agarrar o mover objetos con las manos) de ... fue ocasionada:;No aplica (NA);;No;NUMBER;;"1. Porque nació así?
2. Por enfermedad?
3. Por accidente laboral o enfermedad profesional?
4. Por otro tipo de accidente?
5. Por edad avanzada?
6. Por el conflicto armado?
7. Por violencia NO asociada al conflicto armado?
8. Por otra causa?
9. No sabe";"1. Debe tener información cuando P1906S5= 1 ó P1906S5= 2
2. Debe aceptar valores entre 1 y 9";;Recolectada/Acopiada;Publicación no anonimizada;Encuesta Nacional de Calidad de Vida (ECV)
CAP_E;DBF_ENCV_592_2;E. SALUD;P52_E1;P1908S6;14. ¿Esta dificultad (Entender, aprender, recordar o tomar decisiones por sí mismo/a) de ... fue ocasionada:;No aplica (NA);;No;NUMBER;;"1. Porque nació así?
2. Por enfermedad?
3. Por accidente laboral o enfermedad profesional?
4. Por otro tipo de accidente?
5. Por edad avanzada?
6. Por el conflicto armado?
7. Por violencia NO asociada al conflicto armado?
8. Por otra causa?
9. No sabe";"1. Debe tener información cuando P1906S6= 1 ó P1906S6= 2
2. Debe aceptar valores entre 1 y 9";;Recolectada/Acopiada;Publicación no anonimizada;Encuesta Nacional de Calidad de Vida (ECV)
CAP_E;DBF_ENCV_592_2;E. SALUD;P53_E1;P1908S7;14. ¿Esta dificultad (Comer, vestirse o bañarse por sí mismo/a) de ... fue ocasionada:;No aplica (NA);;No;NUMBER;;"1. Porque nació así?
2. Por enfermedad?
3. Por accidente laboral o enfermedad profesional?
4. Por otro tipo de accidente?
5. Por edad avanzada?
6. Por el conflicto armado?
7. Por violencia NO asociada al conflicto armado?
8. Por otra causa?
9. No sabe";"1. Debe tener información cuando P1906S7= 1 ó P1906S7= 2
2. Debe aceptar valores entre 1 y 9";;Recolectada/Acopiada;Publicación no anonimizada;Encuesta Nacional de Calidad de Vida (ECV)
CAP_E;DBF_ENCV_592_2;E. SALUD;P54_E1;P1908S8;14. ¿Esta dificultad (Relacionarse o interactuar con las demás personas?) de ... fue ocasionada:;No aplica (NA);;No;NUMBER;;"1. Porque nació así?
2. Por enfermedad?
3. Por accidente laboral o enfermedad profesional?
4. Por otro tipo de accidente?
5. Por edad avanzada?
6. Por el conflicto armado?
7. Por violencia NO asociada al conflicto armado?
8. Por otra causa?
9. No sabe";"1. Debe tener información cuando P1906S8= 1 ó P1906S8= 2
2. Debe aceptar valores entre 1 y 9";;Recolectada/Acopiada;Publicación no anonimizada;Encuesta Nacional de Calidad de Vida (ECV)
CAP_E;DBF_ENCV_592_2;E. SALUD;P55_E1;P1909;15. ¿Para estas dificultades ____ cuenta con:;No aplica (NA);;No;NUMBER;;;Pertenece al titulo de la pregunta, no guarda ningún dato;;Recolectada/Acopiada;Publicación no anonimizada;Encuesta Nacional de Calidad de Vida (ECV)
CAP_E;DBF_ENCV_592_2;E. SALUD;P56_E1;P1909S1;1. Gafas, lentes de contacto, lentes intraoculares, programa computacional adaptado, regleta Braille, perro guía, otros?;No aplica (NA);;No;NUMBER;;"1. Sí
2. No";"1. Debe tener información cuando P1906S1=1 ó  P1906S1=2 ó  P1906S2=1 ó  P1906S2=2 ó  P1906S3=1 ó  P1906S3=2 ó  P1906S4=1 ó  P1906S4=2  ó P1906S5=1 ó  P1906S5=2  ó P1906S6=1 ó  P1906S6=2   ó P1906S7=1 ó  P1906S7=2 ó  P1906S8=1 ó  P1906S8=2  
2. Debe aceptar valor 1 ó 2";;Recolectada/Acopiada;Publicación no anonimizada;Encuesta Nacional de Calidad de Vida (ECV)
CAP_E;DBF_ENCV_592_2;E. SALUD;P57_E1;P1909S2;2. Bastón, silla de ruedas, muletas, caminador?;No aplica (NA);;No;NUMBER;;"1. Sí
2. No";"1. Debe tener información cuando P1906S1=1 ó  P1906S1=2 ó  P1906S2=1 ó  P1906S2=2 ó  P1906S3=1 ó  P1906S3=2 ó  P1906S4=1 ó  P1906S4=2  ó P1906S5=1 ó  P1906S5=2  ó P1906S6=1 ó  P1906S6=2   ó P1906S7=1 ó  P1906S7=2 ó  P1906S8=1 ó  P1906S8=2  
2. Debe aceptar valor 1 ó 2";;Recolectada/Acopiada;Publicación no anonimizada;Encuesta Nacional de Calidad de Vida (ECV)
CAP_E;DBF_ENCV_592_2;E. SALUD;P58_E1;P1909S3;3. Audífonos medicados, implantes cocleares, otros?;No aplica (NA);;No;NUMBER;;"1. Sí
2. No";"1. Debe tener información cuando P1906S1=1 ó  P1906S1=2 ó  P1906S2=1 ó  P1906S2=2 ó  P1906S3=1 ó  P1906S3=2 ó  P1906S4=1 ó  P1906S4=2  ó P1906S5=1 ó  P1906S5=2  ó P1906S6=1 ó  P1906S6=2   ó P1906S7=1 ó  P1906S7=2 ó  P1906S8=1 ó  P1906S8=2  
2. Debe aceptar valor 1 ó 2";;Recolectada/Acopiada;Publicación no anonimizada;Encuesta Nacional de Calidad de Vida (ECV)
CAP_E;DBF_ENCV_592_2;E. SALUD;P59_E1;P1909S4;4. Ayuda de otras personas?;No aplica (NA);;No;NUMBER;;"1. Sí
2. No";"1. Debe tener información cuando P1906S1=1 ó  P1906S1=2 ó  P1906S2=1 ó  P1906S2=2 ó  P1906S3=1 ó  P1906S3=2 ó  P1906S4=1 ó  P1906S4=2  ó P1906S5=1 ó  P1906S5=2  ó P1906S6=1 ó  P1906S6=2   ó P1906S7=1 ó  P1906S7=2 ó  P1906S8=1 ó  P1906S8=2  
2. Debe aceptar valor 1 ó 2";;Recolectada/Acopiada;Publicación no anonimizada;Encuesta Nacional de Calidad de Vida (ECV)
CAP_E;DBF_ENCV_592_2;E. SALUD;P60_E1;P1909S5;5. Medicamentos o terapias?;No aplica (NA);;No;NUMBER;;"1. Sí
2. No";"1. Debe tener información cuando P1906S1=1 ó  P1906S1=2 ó  P1906S2=1 ó  P1906S2=2 ó  P1906S3=1 ó  P1906S3=2 ó  P1906S4=1 ó  P1906S4=2  ó P1906S5=1 ó  P1906S5=2  ó P1906S6=1 ó  P1906S6=2   ó P1906S7=1 ó  P1906S7=2 ó  P1906S8=1 ó  P1906S8=2  
2. Debe aceptar valor 1 ó 2";;Recolectada/Acopiada;Publicación no anonimizada;Encuesta Nacional de Calidad de Vida (ECV)
CAP_E;DBF_ENCV_592_2;E. SALUD;P61_E1;P1909S6;6. Prácticas de medicina ancestral?;No aplica (NA);;No;NUMBER;;"1. Sí
2. No";"1. Debe tener información cuando P1906S1=1 ó  P1906S1=2 ó  P1906S2=1 ó  P1906S2=2 ó  P1906S3=1 ó  P1906S3=2 ó  P1906S4=1 ó  P1906S4=2  ó P1906S5=1 ó  P1906S5=2  ó P1906S6=1 ó  P1906S6=2   ó P1906S7=1 ó  P1906S7=2 ó  P1906S8=1 ó  P1906S8=2  
2. Debe aceptar valor 1 ó 2";;Recolectada/Acopiada;Publicación no anonimizada;Encuesta Nacional de Calidad de Vida (ECV)
CAP_E;DBF_ENCV_592_2;E. SALUD;P62_E1;P6126;16.  ¿Quién se ocupa principalmente del cuidado de ...?;No aplica (NA);;No;NUMBER;;"1. Una persona del hogar 
2. Una persona de otro hogar no remunerada
3. Una persona de otro hogar remunerada
4. Permanece solo/a
5. No requiere cuidado";"1. Debe tener información cuando P1906S1=1 ó  P1906S1=2 ó  P1906S2=1 ó  P1906S2=2 ó  P1906S3=1 ó  P1906S3=2 ó  P1906S4=1 ó  P1906S4=2  ó P1906S5=1 ó  P1906S5=2  ó P1906S6=1 ó  P1906S6=2   ó P1906S7=1 ó  P1906S7=2 ó  P1906S8=1 ó  P1906S8=2  
2. Debe aceptar valores entre 1 y 5";;Recolectada/Acopiada;Publicación no anonimizada;Encuesta Nacional de Calidad de Vida (ECV)
CAP_E;DBF_ENCV_592_2;E. SALUD;P63_E1;P6126S1;No. Orden ;No aplica (NA);;No;NUMBER;;;"1. Debe tener información cuando P6126= 1
2. Debe ser menor a P205 tabla DBF_ENCV_591_1";;Recolectada/Acopiada;Publicación no anonimizada;Encuesta Nacional de Calidad de Vida (ECV)
CAP_E;DBF_ENCV_592_2;E. SALUD;P64_E1;P6126S2;Sexo:;No aplica (NA);;No;NUMBER;;"1. Hombre
2. Mujer";"1. Debe tener información cuando P6126=2  ó P6126=3
2. Debe aceptar valor 1 ó 2";;Recolectada/Acopiada;Publicación no anonimizada;Encuesta Nacional de Calidad de Vida (ECV)
CAP_E;DBF_ENCV_592_2;E. SALUD;P65_E1;P6126S3;¿Esta persona tuvo que dejar de trabajar para dedicarse al cuidado de…?;No aplica (NA);;No;NUMBER;;"1. Sí
2. No";"1. Debe tener información cuando P6126= 1
2. Debe aceptar valor 1 ó 2";;Recolectada/Acopiada;Publicación no anonimizada;Encuesta Nacional de Calidad de Vida (ECV)
CAP_E;DBF_ENCV_592_2;E. SALUD;P66_E1;P5665;17. En los últimos 30 días, ... ¿tuvo alguna enfermedad, accidente , problema odontológico o algún otro problema de salud que no haya implicado hospitalización?;No aplica (NA);;No;NUMBER;;"1. Sí
2. No";"1. Debe tener información cuando P6001=1
2. Debe aceptar valor 1 ó 2";;Recolectada/Acopiada;Publicación no anonimizada;Encuesta Nacional de Calidad de Vida (ECV)
CAP_E;DBF_ENCV_592_2;E. SALUD;P67_E1;P6134;18. Por ese problema de salud, ¿durante cuántos días en total dejó ... de realizar sus actividades normales? Número de dias;No aplica (NA);;No;NUMBER;;;"1. Debe tener información cuando P5665=1
2. Debe aceptar valores entre 0 y 120";;Recolectada/Acopiada;Publicación no anonimizada;Encuesta Nacional de Calidad de Vida (ECV)
CAP_E;DBF_ENCV_592_2;E. SALUD;P68_E1;P8563;19. Para tratar ese problema de salud, ¿que hizo principalmente ...?:;No aplica (NA);;No;NUMBER;;"1. Acudió a Ia entidad de seguridad social en salud de la cual es afiliado/a
2. Acudió de forma particular  a un médico general, especialista, odontólogo, terapeuta o profesional de la salud
3. Acudió a un boticario, farmaceuta, droguista
4. Consultó a un empírico, curandero, yerbatero, comadrona
5. Asistió a terapias alternativas (acupuntura, esencias florales, musicoterapias, homeópata etc.)
6. Usó remedios caseros 
7. Se autorecetó
8. Nada ";"1. Debe tener información cuando P5665=1
2. Debe aceptar valores entre 1 y 8";;Recolectada/Acopiada;Publicación no anonimizada;Encuesta Nacional de Calidad de Vida (ECV)
CAP_E;DBF_ENCV_592_2;E. SALUD;P69_E1;P1092;20. ¿Acudió al servicio de urgencias en la institución prestadora de servicios (hospital o clínica) pública o privada?;No aplica (NA);;No;NUMBER;;"1. Sí
2. No";"1. Debe tener información cuando P8563=1
2. Debe aceptar valor 1 ó 2";;Recolectada/Acopiada;Publicación no anonimizada;Encuesta Nacional de Calidad de Vida (ECV)
CAP_E;DBF_ENCV_592_2;E. SALUD;P70_E1;P8573;21. ¿A ... le brindaron asistencia médica en el servicio de urgencias para solucionar el problema de salud?;No aplica (NA);;No;NUMBER;;"1. Sí
2. No";"1. Debe tener información cuando P1092=1
2. Debe aceptar valor 1 ó 2";;Recolectada/Acopiada;Publicación no anonimizada;Encuesta Nacional de Calidad de Vida (ECV)
CAP_E;DBF_ENCV_592_2;E. SALUD;P71_E1;P8575;22. ¿Cuál fue la razón principal por la que ... no recibió atención médica en el servicio de urgencias?;No aplica (NA);;No;NUMBER;;"1. El caso era leve
2. Esperó demasiado tiempo y no lo atendieron
3. Indicaron que allí no lo podían atender porque no estaba afiliado a alguna entidad que tuviera contrato con ellos
4. No tenía identificación y por eso lo rechazaron
5. Indicaron que debían remitirlo a otra institución prestadora de servicios que tuviera los servicios requeridos para atenderlo
6. No le dieron información
9. No sabe/no responde.";"1. Debe tener información cuando P8573=2
2. Debe aceptar valores entre 1 y 6 ó 9";;Recolectada/Acopiada;Publicación no anonimizada;Encuesta Nacional de Calidad de Vida (ECV)
CAP_E;DBF_ENCV_592_2;E. SALUD;P72_E1;P8577;23.¿Cuánto tiempo transcurrió entre el momento de llegar al servicio de urgencias y el momento de ser atendido/a por personal médico?;No aplica (NA);;No;NUMBER;;"1. Lo atendieron inmediatamente
2.  En máximo 30 minutos
3.  Entre 31 minutos y una hora
4. Más de una hora hasta dos horas
5.  Más de dos horas";"1. Debe tener información cuando P8573=1
2. Debe aceptar valores entre 1 y 5";;Recolectada/Acopiada;Publicación no anonimizada;Encuesta Nacional de Calidad de Vida (ECV)
CAP_E;DBF_ENCV_592_2;E. SALUD;P73_E1;P770;24. En el servicio de urgencias…………….. fue atendido/a por:;No aplica (NA);;No;NUMBER;;"1.  Médico/a general
2. Odontólogo/a
3. Especialista";"1. Debe tener información cuando P8573=1
2. Debe aceptar valores entre 1 y 3";;Recolectada/Acopiada;Publicación no anonimizada;Encuesta Nacional de Calidad de Vida (ECV)
CAP_E;DBF_ENCV_592_2;E. SALUD;P74_E1;P6153;25. ¿Cuál fue la razón principal por la que ... no solicitó o no recibió atención médica?;No aplica (NA);;No;NUMBER;;"1. El caso era leve 
2. No tuvo tiempo 
3. El centro de atención queda lejos
4. Falta de dinero
5. Mal servicio o cita distanciada en el tiempo
6. No lo atendieron
7. No confía en los médicos
8. Consulto antes y no le resolvieron el problema
9. Muchos trámites para la cita
10. No le cubrían o no le autorizaron la atención         
11. Le hacen esperar mucho para atenderlo           
12. Dificultad para viajar
13. Otro";"1. Debe tener información cuando P8563>2
2. Debe aceptar valores entre 1 y 13";;Recolectada/Acopiada;Publicación no anonimizada;Encuesta Nacional de Calidad de Vida (ECV)
CAP_E;DBF_ENCV_592_2;E. SALUD;P75_E1;P6199;26. ¿Cuántos días transcurrieron entre el momento de pedir la cita y el momento de la consulta con el medico/a general u odontólogo/a?;No aplica (NA);;No;NUMBER;;"1. Médico/a general
2. Odontólogo/a
3. Acudió directo al especialista";"1. Debe tener información cuando P8563=2 ó P1092=2
2. Debe aceptar valores entre 1 y 3";;Recolectada/Acopiada;Publicación no anonimizada;Encuesta Nacional de Calidad de Vida (ECV)
CAP_E;DBF_ENCV_592_2;E. SALUD;P76_E1;P6199S1;No. de días;No aplica (NA);;No;NUMBER;;;"1. Debe tener información cuando P6199=1 ó P6199=2
2. Debe aceptar valores entre 0 y 120";;Recolectada/Acopiada;Publicación no anonimizada;Encuesta Nacional de Calidad de Vida (ECV)
CAP_E;DBF_ENCV_592_2;E. SALUD;P77_E1;P6145;27. ... ¿fue remitido(a) a especialista?;No aplica (NA);;No;NUMBER;;"1. Sí
2. No";"1. Debe tener información cuando P770<3 ó P6199<3
2. Debe aceptar valor 1 ó 2";;Recolectada/Acopiada;Publicación no anonimizada;Encuesta Nacional de Calidad de Vida (ECV)
CAP_E;DBF_ENCV_592_2;E. SALUD;P78_E1;P8554;28. En general, considera que la calidad de la prestación del servicio de salud (medicina general, medicina especializada, odontología, etc.) fue:;No aplica (NA);;No;NUMBER;;"1. Muy buena
2.  Buena
3.  Mala
4. Muy mala";"1. Debe tener información cuando P8563=2 ó (P8563=1 y P1092=2) ó (P8563=1 y P1092=1 y P8573=1) 
2. Debe aceptar valor entre 1 y 4";;Recolectada/Acopiada;Publicación no anonimizada;Encuesta Nacional de Calidad de Vida (ECV)
CAP_E;DBF_ENCV_592_2;E. SALUD;P79_E1;P801;29. ¿Cuál es el aspecto que más influyó en su percepción sobre la calidad de la prestación del servicio?;No aplica (NA);;No;NUMBER;;"1. Trámites excesivos o dispendiosos
2. Mala atención del personal administrativo o asistencial (médicos, enfermeras, etc.)
3. Falta de capacidad, conocimientos o habilidad del personal asistencial
4. Condiciones deficientes de infraestructura, dotación, mobiliario o accesibilidad para personas con discapacidad
5. Demora en la asignación de citas
6. Demora en la atención por parte del personal médico
7. Problemas relacionados con los medicamentos
8. Otro";"1. Debe tener información cuando P8554>2
2. Debe aceptar valores entre 1 y 8";;Recolectada/Acopiada;Publicación no anonimizada;Encuesta Nacional de Calidad de Vida (ECV)
CAP_E;DBF_ENCV_592_2;E. SALUD;P81_E1;P8556;30. ¿Cuáles de las siguientes fuentes utilizó ... para cubrir los costos de atención en salud en los últimos 30 días? (incluya consulta médica , exámenes y medicamentos);No aplica (NA);;No;VARCHAR2;2000;;Pertenece al titulo de la pregunta, no guarda ningún dato;;Recolectada/Acopiada;Publicación no anonimizada;Encuesta Nacional de Calidad de Vida (ECV)
CAP_E;DBF_ENCV_592_2;E. SALUD;P82_E1;P8556S1;1. EPS o entidad de seguridad social en salud  en la cual está afiliado/a;No aplica (NA);;No;NUMBER;;;1. Pregunta de selección múltiple si tiene información debe ser cuando P8554>=1 y debe ser 1;;Recolectada/Acopiada;Publicación no anonimizada;Encuesta Nacional de Calidad de Vida (ECV)
CAP_E;DBF_ENCV_592_2;E. SALUD;P83_E1;P8556S2;2. Plan o seguro voluntario (Seguro médico, plan complementario o medicina prepagada);No aplica (NA);;No;NUMBER;;;1. Pregunta de selección múltiple si tiene información debe ser cuando P8554>=1 y debe ser 1;;Recolectada/Acopiada;Publicación no anonimizada;Encuesta Nacional de Calidad de Vida (ECV)
CAP_E;DBF_ENCV_592_2;E. SALUD;P84_E1;P8556S4;3. Seguro obligatorio de accidentes de tránsito (SOAT);No aplica (NA);;No;NUMBER;;;1. Pregunta de selección múltiple si tiene información debe ser cuando P8554>=1 y debe ser 1;;Recolectada/Acopiada;Publicación no anonimizada;Encuesta Nacional de Calidad de Vida (ECV)
CAP_E;DBF_ENCV_592_2;E. SALUD;P85_E1;P8556S5;4. Secretaria de salud o la alcaldía;No aplica (NA);;No;NUMBER;;;1. Pregunta de selección múltiple si tiene información debe ser cuando P8554>=1 y debe ser 1;;Recolectada/Acopiada;Publicación no anonimizada;Encuesta Nacional de Calidad de Vida (ECV)
CAP_E;DBF_ENCV_592_2;E. SALUD;P86_E1;P8556S6;5. Recursos propios o familiares;No aplica (NA);;No;NUMBER;;;1. Pregunta de selección múltiple si tiene información debe ser cuando P8554>=1 y debe ser 1;;Recolectada/Acopiada;Publicación no anonimizada;Encuesta Nacional de Calidad de Vida (ECV)
CAP_E;DBF_ENCV_592_2;E. SALUD;P87_E1;P8556S9;6. Recursos de otras personas ;No aplica (NA);;No;NUMBER;;;1. Pregunta de selección múltiple si tiene información debe ser cuando P8554>=1 y debe ser 1;;Recolectada/Acopiada;Publicación no anonimizada;Encuesta Nacional de Calidad de Vida (ECV)
CAP_E;DBF_ENCV_592_2;E. SALUD;P88_E1;P8556S10;7. No se requirió pago;No aplica (NA);;No;NUMBER;;;1. Pregunta de selección múltiple si tiene información debe ser cuando P8554>=1 y debe ser 1;;Recolectada/Acopiada;Publicación no anonimizada;Encuesta Nacional de Calidad de Vida (ECV)
CAP_E;DBF_ENCV_592_2;E. SALUD;P89_E1;P6147;31. Por esta enfermedad , ¿a ... le formularon medicamentos?;No aplica (NA);;No;NUMBER;;"1. Sí
2.  No";"1. Debe tener información cuando P8554>=1
2. Debe aceptar valor 1 ó 2";;Recolectada/Acopiada;Publicación no anonimizada;Encuesta Nacional de Calidad de Vida (ECV)
CAP_E;DBF_ENCV_592_2;E. SALUD;P90_E1;P6148;32. ¿Estos medicamentos o remedios le fueron entregados a ... por cuenta de la institución a la cual está afiliado(a)?;No aplica (NA);;No;NUMBER;;"1. Si, todos
2.  Si, algunos
3. No";"1. Debe tener información cuando P6147=1
2. Debe aceptar valores entre 1 y 3";;Recolectada/Acopiada;Publicación no anonimizada;Encuesta Nacional de Calidad de Vida (ECV)
CAP_E;DBF_ENCV_592_2;E. SALUD;P91_E1;P6149;33. ¿Por qué razón no le fueron entregados los medicamentos  (todos o algunos)?;No aplica (NA);;No;NUMBER;;"1. No están incluidos en el plan de beneficios en salud o POS o no le autorizaron
2. No había los medicamentos recetados
3. No había la cantidad requerida
4. Por errores o deficiencias en la expedición de la fórmula medica
5. No hizo las gestiones para reclamarlos
6. No tenía dinero
7. Acudió a médico particular 
8. Otra ";"1. Debe tener información cuando P6148>1
2. Debe aceptar valores entre 1 y 8";;Recolectada/Acopiada;Publicación no anonimizada;Encuesta Nacional de Calidad de Vida (ECV)
CAP_E;DBF_ENCV_592_2;E. SALUD;P93_E1;P3178;"34. Durante los últimos 30 días ....realizó pagos por:  (No incluya gastos reportados en hospitalización)
1. Consulta médica general o con especialista?";No aplica (NA);;No;NUMBER;;"1. Sí
2. No";"1. Debe tener información cuando P6001=1
2. Debe aceptar valor 1 ó 2";;Recolectada/Acopiada;Publicación no anonimizada;Encuesta Nacional de Calidad de Vida (ECV)
CAP_E;DBF_ENCV_592_2;E. SALUD;P94_E1;P3178S1;A través de EPS;No aplica (NA);;No;NUMBER;;1. A través de la EPS;1. Pregunta de selección múltiple si tiene informacion debe ser cuando P3178=1 y debe ser 1;;Recolectada/Acopiada;Publicación no anonimizada;Encuesta Nacional de Calidad de Vida (ECV)
CAP_E;DBF_ENCV_592_2;E. SALUD;P95_E1;P3178S1A1;Valor A través de EPS;No aplica (NA);;No;NUMBER;;;"1. Debe tener información cuando P3178S1=1
2. Debe aceptar valores entre 500 hasta 2.000.000  y 99";;Recolectada/Acopiada;Publicación no anonimizada;Encuesta Nacional de Calidad de Vida (ECV)
CAP_E;DBF_ENCV_592_2;E. SALUD;P96_E1;P3178S2;Médico particular;No aplica (NA);;No;NUMBER;;2. Médico particular;1. Pregunta de selección múltiple si tiene informacion debe ser cuando P3178=1 y debe ser 1;;Recolectada/Acopiada;Publicación no anonimizada;Encuesta Nacional de Calidad de Vida (ECV)
CAP_E;DBF_ENCV_592_2;E. SALUD;P97_E1;P3178S2A1;Valor Médico particular;No aplica (NA);;No;NUMBER;;;"1. Debe tener información cuando P3178S2=2
2. Debe aceptar valores entre 500 hasta 2.000.000  y 99";;Recolectada/Acopiada;Publicación no anonimizada;Encuesta Nacional de Calidad de Vida (ECV)
CAP_E;DBF_ENCV_592_2;E. SALUD;P98_E1;P3178S3;Plan voluntario (seguro médico, plan complementario o medicina prepagada);No aplica (NA);;No;NUMBER;;3. Plan voluntario (seguro médico, plan complementario o medicina prepagada);1. Pregunta de selección múltiple si tiene informacion debe sercuando P3178=1 y debe ser 1;;Recolectada/Acopiada;Publicación no anonimizada;Encuesta Nacional de Calidad de Vida (ECV)
CAP_E;DBF_ENCV_592_2;E. SALUD;P99_E1;P3178S3A1;Valor Plan voluntario (seguro médico, plan complementario o medicina prepagada) ;No aplica (NA);;No;NUMBER;;;"1. Debe tener información cuando P3178S1=3
2. Debe aceptar valores entre 500 hasta 2.000.000  y 99";;Recolectada/Acopiada;Publicación no anonimizada;Encuesta Nacional de Calidad de Vida (ECV)
CAP_E;DBF_ENCV_592_2;E. SALUD;P100_E1;P3179;2. Consulta o tratamiento odontológico?;No aplica (NA);;No;NUMBER;;"1. Si
2. No";1. Debe aceptar valor 1 ó 2;;Recolectada/Acopiada;Publicación no anonimizada;Encuesta Nacional de Calidad de Vida (ECV)
CAP_E;DBF_ENCV_592_2;E. SALUD;P101_E11;P3179S1;A través de EPS;No aplica (NA);;No;NUMBER;;1. A través de EPS;1. Pregunta de selección múltiple si tiene informacion debe sercuando P3179=1 y debe ser 1;;Recolectada/Acopiada;Publicación no anonimizada;Encuesta Nacional de Calidad de Vida (ECV)
CAP_E;DBF_ENCV_592_2;E. SALUD;P102_E1;P3179S1A1;Valor A través de EPS;No aplica (NA);;No;NUMBER;;;"1. Debe tener información cuando P3179S1=1
2. Debe aceptar valores entre 500 hasta 2.000.000  y 99";;Recolectada/Acopiada;Publicación no anonimizada;Encuesta Nacional de Calidad de Vida (ECV)
CAP_E;DBF_ENCV_592_2;E. SALUD;P103_E1;P3179S2;Odontólogo particular;No aplica (NA);;No;NUMBER;;2. Odontólogo particular;1. Pregunta de selección múltiple si tiene informacion debe sercuando P3179=1 y debe ser 1;;Recolectada/Acopiada;Publicación no anonimizada;Encuesta Nacional de Calidad de Vida (ECV)
CAP_E;DBF_ENCV_592_2;E. SALUD;P104_E1;P3179S2A1;Valor odontólogo particular;No aplica (NA);;No;NUMBER;;;"1. Debe tener información cuando P3179S2=1
2. Debe aceptar valores entre 500 hasta 2.000.000  y 99";;Recolectada/Acopiada;Publicación no anonimizada;Encuesta Nacional de Calidad de Vida (ECV)
CAP_E;DBF_ENCV_592_2;E. SALUD;P105_E1;P3179S3;Plan voluntario (seguro médico, plan complementario o medicina prepagada);No aplica (NA);;No;NUMBER;;3. Plan voluntario (seguro médico, plan complementario o medicina prepagada);1. Pregunta de selección múltiple si tiene informacion debe sercuando P3179=1 y debe ser 1;;Recolectada/Acopiada;Publicación no anonimizada;Encuesta Nacional de Calidad de Vida (ECV)
CAP_E;DBF_ENCV_592_2;E. SALUD;P105_E1;P3179S3A1;Valor Plan voluntario (seguro médico, plan complementario o medicina prepagada) ;No aplica (NA);;No;NUMBER;;;"1. Debe tener información cuando P3179S3=1
2. Debe aceptar valores entre 500 hasta 2.000.000  y 99";;Recolectada/Acopiada;Publicación no anonimizada;Encuesta Nacional de Calidad de Vida (ECV)
CAP_E;DBF_ENCV_592_2;E. SALUD;P106_E1;P3181;3. Vacunas;No aplica (NA);;No;NUMBER;;"1. Sí
2. No";1. Debe aceptar valor 1 ó 2;;Recolectada/Acopiada;Publicación no anonimizada;Encuesta Nacional de Calidad de Vida (ECV)
CAP_E;DBF_ENCV_592_2;E. SALUD;P107_E1;P3181S1;Valor;No aplica (NA);;No;NUMBER;;;"1. Debe tener información cuando P3181=1
2. Debe aceptar valores entre 500 hasta 2.000.000  y 99";;Recolectada/Acopiada;Publicación no anonimizada;Encuesta Nacional de Calidad de Vida (ECV)
CAP_E;DBF_ENCV_592_2;E. SALUD;P108_E1;P3182;4. Fórmulas médicas  o compra de medicamentos consumidos ocasional o regularmente;No aplica (NA);;No;NUMBER;;"1. Sí
2. No";1. Debe aceptar valor 1 ó 2;;Recolectada/Acopiada;Publicación no anonimizada;Encuesta Nacional de Calidad de Vida (ECV)
CAP_E;DBF_ENCV_592_2;E. SALUD;P109_E1;P3182S1;Valor;No aplica (NA);;No;NUMBER;;;"1. Debe tener información cuando P3182=1
2. Debe aceptar valores entre 500 hasta 2.000.000  y 99";;Recolectada/Acopiada;Publicación no anonimizada;Encuesta Nacional de Calidad de Vida (ECV)
CAP_E;DBF_ENCV_592_2;E. SALUD;P110_E1;P3183;5. Laboratorio clínico, RX, exámenes de diagnóstico?;No aplica (NA);;No;NUMBER;;"1. Sí
2. No";1. Debe aceptar valor 1 ó 2;;Recolectada/Acopiada;Publicación no anonimizada;Encuesta Nacional de Calidad de Vida (ECV)
CAP_E;DBF_ENCV_592_2;E. SALUD;P111_E1;P3183S1;Valor;No aplica (NA);;No;NUMBER;;;"1. Debe tener información cuando P3183=1
2. Debe aceptar valores entre 500 hasta 2.000.000  y 99";;Recolectada/Acopiada;Publicación no anonimizada;Encuesta Nacional de Calidad de Vida (ECV)
CAP_E;DBF_ENCV_592_2;E. SALUD;P112_E1;P3184;6. Rehabilitación o terapias médicas?;No aplica (NA);;No;NUMBER;;"1. Sí
2. No";1. Debe aceptar valor 1 ó 2;;Recolectada/Acopiada;Publicación no anonimizada;Encuesta Nacional de Calidad de Vida (ECV)
CAP_E;DBF_ENCV_592_2;E. SALUD;P113_E1;P3184S1;Valor;No aplica (NA);;No;NUMBER;;;"1. Debe tener información cuando P3184=1
2. Debe aceptar valores entre 500 hasta 2.000.000  y 99";;Recolectada/Acopiada;Publicación no anonimizada;Encuesta Nacional de Calidad de Vida (ECV)
CAP_E;DBF_ENCV_592_2;E. SALUD;P114_E1;P3185;7. Terapias alternativas? (homeopatía, acupuntura,  esencias florales, musicoterapia);No aplica (NA);;No;NUMBER;;"1. Sí
2. No";1. Debe aceptar valor 1 ó 2;;Recolectada/Acopiada;Publicación no anonimizada;Encuesta Nacional de Calidad de Vida (ECV)
CAP_E;DBF_ENCV_592_2;E. SALUD;P115_E1;P3185S1;Valor;No aplica (NA);;No;NUMBER;;;"1. Debe tener información cuando P3185=1
2. Debe aceptar valores entre 500 hasta 2.000.000  y 99";;Recolectada/Acopiada;Publicación no anonimizada;Encuesta Nacional de Calidad de Vida (ECV)
CAP_E;DBF_ENCV_592_2;E. SALUD;P116_E1;P3186;8. Transporte para ir al sitio de atención médica y regresar?;No aplica (NA);;No;NUMBER;;"1. Sí
2. No";1. Debe aceptar valor 1 ó 2;;Recolectada/Acopiada;Publicación no anonimizada;Encuesta Nacional de Calidad de Vida (ECV)
CAP_E;DBF_ENCV_592_2;E. SALUD;P117_E1;P3186S1;Valor;No aplica (NA);;No;NUMBER;;;"1. Debe tener información cuando P3186=1
2. Debe aceptar valores entre 500 hasta 2.000.000  y 99";;Recolectada/Acopiada;Publicación no anonimizada;Encuesta Nacional de Calidad de Vida (ECV)
CAP_E;DBF_ENCV_592_2;E. SALUD;P118_E1;P31869;9. Alcohol, gel desinfectante?;No aplica (NA);;No;NUMBER;;"1. Sí
2. No";1. Debe aceptar valor 1 ó 2;;Recolectada/Acopiada;Publicación no anonimizada;Encuesta Nacional de Calidad de Vida (ECV)
CAP_E;DBF_ENCV_592_2;E. SALUD;P119_E1;P31869S1;Valor;No aplica (NA);;No;NUMBER;;;"1. Debe tener información cuando P31869=1
2. Debe aceptar valores entre 500 hasta 2.000.000  y 99";;Recolectada/Acopiada;Publicación no anonimizada;Encuesta Nacional de Calidad de Vida (ECV)
CAP_E;DBF_ENCV_592_2;E. SALUD;P120_E1;P318610;10. Algodón, gasa, curitas, tapabocas, jeringas, bolsas de agua caliente;No aplica (NA);;No;NUMBER;;"1. Sí
2. No";1. Debe aceptar valor 1 ó 2;;Recolectada/Acopiada;Publicación no anonimizada;Encuesta Nacional de Calidad de Vida (ECV)
CAP_E;DBF_ENCV_592_2;E. SALUD;P121_E1;P318610S1;Valor;No aplica (NA);;No;NUMBER;;;"1. Debe tener información cuando P318610=1
2. Debe aceptar valores entre 500 hasta 2.000.000  y 99";;Recolectada/Acopiada;Publicación no anonimizada;Encuesta Nacional de Calidad de Vida (ECV)
CAP_E;DBF_ENCV_592_2;E. SALUD;P122_E1;P3187;35. Durante los ÚLTIMOS DOCE MESES ¿Realizó pagos por: ;No aplica (NA);;No;NUMBER;;;Pertenece al titulo de la pregunta, no guarda ningún dato;;Recolectada/Acopiada;Publicación no anonimizada;Encuesta Nacional de Calidad de Vida (ECV)
CAP_E;DBF_ENCV_592_2;E. SALUD;P123_E1;P3187S1;1. Lentes, audífonos o aparatos ortopédicos (muletas, sillas de ruedas, elementos para terapias, etc.);No aplica (NA);;No;NUMBER;;"1. Sí
2. No";1. Debe aceptar valor 1 ó 2;;Recolectada/Acopiada;Publicación no anonimizada;Encuesta Nacional de Calidad de Vida (ECV)
CAP_E;DBF_ENCV_592_2;E. SALUD;P124_E1;P3187S2;Valor Lentes, audífonos o aparatos ortopédicos (muletas, sillas de ruedas, elementos para terapias, etc.);No aplica (NA);;No;NUMBER;;;"1. Debe tener información cuando P3187S1=1
2. Debe aceptar valores entre 1000 hasta 10.000.000 y 99 98";;Recolectada/Acopiada;Publicación no anonimizada;Encuesta Nacional de Calidad de Vida (ECV)
CAP_E;DBF_ENCV_592_2;E. SALUD;P125_E1;P3188;2. Cirugías o procedimientos ambulatorios? ;No aplica (NA);;No;NUMBER;;"1. Sí
2. No";1. Debe aceptar valor 1 ó 2;;Recolectada/Acopiada;Publicación no anonimizada;Encuesta Nacional de Calidad de Vida (ECV)
CAP_E;DBF_ENCV_592_2;E. SALUD;P126_E1;P3188S1;A través de EPS;No aplica (NA);;No;NUMBER;;1. A través de EPS;1. Pregunta de selección múltiple si tiene informacion debe ser cuando P3188=1 y debe ser 1;;Recolectada/Acopiada;Publicación no anonimizada;Encuesta Nacional de Calidad de Vida (ECV)
CAP_E;DBF_ENCV_592_2;E. SALUD;P127_E1;P3188S1A1;Valor A través de EPS;No aplica (NA);;No;NUMBER;;;"1. Debe tener información cuando P3188S1=1
2. Debe aceptar valores entre 1000 hasta 10.000.000 y 99 98";;Recolectada/Acopiada;Publicación no anonimizada;Encuesta Nacional de Calidad de Vida (ECV)
CAP_E;DBF_ENCV_592_2;E. SALUD;P128_E1;P3188S2;Médico particular;No aplica (NA);;No;NUMBER;;2. Médico particular;1. Pregunta de selección múltiple si tiene informacion debe ser cuando P3188=1 y debe ser 1;;Recolectada/Acopiada;Publicación no anonimizada;Encuesta Nacional de Calidad de Vida (ECV)
CAP_E;DBF_ENCV_592_2;E. SALUD;P129_E1;P3188S2A1;Valor Médico particular;No aplica (NA);;No;NUMBER;;;"1. Debe tener información cuando P3188S2=2
2. Debe aceptar valores entre 1000 hasta 10.000.000 y 99 98";;Recolectada/Acopiada;Publicación no anonimizada;Encuesta Nacional de Calidad de Vida (ECV)
CAP_E;DBF_ENCV_592_2;E. SALUD;P130_E1;P3188S3;Plan voluntario (seguro médico, plan complementario o medicina prepagada) ;No aplica (NA);;No;NUMBER;;3. Plan voluntario (seguro médico, plan complementario o medicina prepagada) ;1. Pregunta de selección múltiple si tiene informacion debe ser cuando P3188=1 y debe ser 1;;Recolectada/Acopiada;Publicación no anonimizada;Encuesta Nacional de Calidad de Vida (ECV)
CAP_E;DBF_ENCV_592_2;E. SALUD;P131_E1;P3188S3A1;Valor Plan voluntario (seguro médico, plan complementario o medicina prepagada) ;No aplica (NA);;No;NUMBER;;;"1. Debe tener información cuando P3188S3=3
2. Debe aceptar valores entre 1000 hasta 10.000.000 y 99 98";;Recolectada/Acopiada;Publicación no anonimizada;Encuesta Nacional de Calidad de Vida (ECV)
CAP_E;DBF_ENCV_592_2;E. SALUD;P132_E1;P3008;36.   ¿Actualmente _____ fuma (cigarrillo, tabaco, vapeador o cigarrillo electrónico)?;No aplica (NA);;No;NUMBER;;;Pertenece al titulo de la pregunta, no guarda ningún dato;;Recolectada/Acopiada;Publicación no anonimizada;Encuesta Nacional de Calidad de Vida (ECV)
CAP_E;DBF_ENCV_592_2;E. SALUD;P133_E1;P3008S1;Cigarrillo, tabaco;No aplica (NA);;No;NUMBER;;"1. Sí
2. No";"1. Debe tener información cuando P6040>9
2. Debe aceptar valor 1 ó 2";;Recolectada/Acopiada;Publicación no anonimizada;Encuesta Nacional de Calidad de Vida (ECV)
CAP_E;DBF_ENCV_592_2;E. SALUD;P134_E1;P3008S2;Vapeador o cigarrillo electrónico;No aplica (NA);;No;NUMBER;;"1. Sí
2. No";"1. Debe tener información cuando P6040>9
2. Debe aceptar valor 1 ó 2";;Recolectada/Acopiada;Publicación no anonimizada;Encuesta Nacional de Calidad de Vida (ECV)
CAP_E;DBF_ENCV_592_2;E. SALUD;P135_E1;P3008S1A1;Frecuencia Cigarrillo, tabaco:;No aplica (NA);;No;NUMBER;;"1. Diariamente 
2. Algunos días de la semana
3. Menos de una vez por semana";"1. Debe tener información cuando P3008S1=1
2. Debe aceptar valor 1 ó 2 ó 3";;Recolectada/Acopiada;Publicación no anonimizada;Encuesta Nacional de Calidad de Vida (ECV)
CAP_E;DBF_ENCV_592_2;E. SALUD;P136_E1;P3008S1A2;¿Cuántos cigarrillos al día?;No aplica (NA);;No;NUMBER;;;"1. Debe tener información cuando P3008S1=1 y P3008S1A1=1
2. Debe aceptar valores entre 1 y 50";;Recolectada/Acopiada;Publicación no anonimizada;Encuesta Nacional de Calidad de Vida (ECV)
CAP_E;DBF_ENCV_592_2;E. SALUD;P137_E1;P1707;37. ¿ …………..  consume bebidas azucaradas (gaseosas, refrescos, bebidas de  jugos de frutas procesadas, té endulzado, refrescos en polvo)?;No aplica (NA);;No;NUMBER;;"1. Sí
2. No";"1. Debe tener información cuando P6040>1
2. Debe aceptar valor 1 ó 2";;Recolectada/Acopiada;Publicación no anonimizada;Encuesta Nacional de Calidad de Vida (ECV)
CAP_E;DBF_ENCV_592_2;E. SALUD;P138_E1;P1707S1;Con qué frecuencia consume las bebidas  azucaradas:;No aplica (NA);;No;NUMBER;;"1. Todos los días de la semana (dos o más veces al día)
2. Todos los días de la semana (una vez al día)
3. Cuatro a seis veces a la semana
4. Dos o tres veces a la semana
5. Una vez a la semana
6. Menos de una vez por semana";"1. Debe tener información cuando P1707=1
2. Debe aceptar valores entre 1 y 6";;Recolectada/Acopiada;Publicación no anonimizada;Encuesta Nacional de Calidad de Vida (ECV)
CAP_E;DBF_ENCV_592_2;E. SALUD;P139_E1;P3003;38. ¿ ____  consume alimentos de paquete (papas, plátanos, chitos, paquete mixto, rosquitas, chicharrones o similares)?;No aplica (NA);;No;NUMBER;;"1. Sí
2. No";"1. Debe tener información cuando P6040>1
2. Debe aceptar valor 1 ó 2";;Recolectada/Acopiada;Publicación no anonimizada;Encuesta Nacional de Calidad de Vida (ECV)
CAP_E;DBF_ENCV_592_2;E. SALUD;P140_E1;P3003S1;Con qué frecuencia consume alimentos de paquete:;No aplica (NA);;No;NUMBER;;"1. Todos los días de la semana (dos o más veces al día)
2. Todos los días de la semana (una vez al día)
3. Cuatro a seis veces a la semana
4. Dos o tres veces a la semana
5. Una vez a la semana
6. Menos de una vez por semana";"1. Debe tener información cuando P3003=1
2. Debe aceptar valores entre 1 y 6";;Recolectada/Acopiada;Publicación no anonimizada;Encuesta Nacional de Calidad de Vida (ECV)
CAP_E;DBF_ENCV_592_2;E. SALUD;P141_E1;P6133;39. ¿Durante los últimos 12 meses ____ tuvo que ser hospitalizado/a?;No aplica (NA);;No;NUMBER;;"1. Sí
2. No";"1. Debe tener información cuando P6001=1
2. Debe aceptar valor 1 ó 2";;Recolectada/Acopiada;Publicación no anonimizada;Encuesta Nacional de Calidad de Vida (ECV)
CAP_E;DBF_ENCV_592_2;E. SALUD;P142_E1;P8560;40. ¿Cuáles de las siguientes fuentes se utilizaron para cubrir los costos de esta hospitalización (incluya consulta médica, exámenes y medicamentos)?;No aplica (NA);;No;NUMBER;;;Pertenece al titulo de la pregunta, no guarda ningún dato;;Recolectada/Acopiada;Publicación no anonimizada;Encuesta Nacional de Calidad de Vida (ECV)
CAP_E;DBF_ENCV_592_2;E. SALUD;P143_E1;P8560S1;1. EPS o entidad de seguridad social en la cual está afiliado/a ;No aplica (NA);;No;NUMBER;;"1. Sí
2. No";"1. Debe tener información cuando P6133=1
2. Debe aceptar valores entre 1 y 2";;Recolectada/Acopiada;Publicación no anonimizada;Encuesta Nacional de Calidad de Vida (ECV)
CAP_E;DBF_ENCV_592_2;E. SALUD;P144_E1;P8560S2;2. Plan o seguro voluntario (seguro médico, plan complementario o medicina prepagada);No aplica (NA);;No;NUMBER;;"1. Sí
2. No";"1. Debe tener información cuando P6133=1
2. Debe aceptar valores entre 1 y 2";;Recolectada/Acopiada;Publicación no anonimizada;Encuesta Nacional de Calidad de Vida (ECV)
CAP_E;DBF_ENCV_592_2;E. SALUD;P145_E1;P8560S3; 3. Seguro obligatorio de accidentes de tránsito (SOAT);No aplica (NA);;No;NUMBER;;"1. Sí
2. No";"1. Debe tener información cuando P6133=1
2. Debe aceptar valores entre 1 y 2";;Recolectada/Acopiada;Publicación no anonimizada;Encuesta Nacional de Calidad de Vida (ECV)
CAP_E;DBF_ENCV_592_2;E. SALUD;P146_E1;P8560S4;4. Secretaria de salud o la alcaldía;No aplica (NA);;No;NUMBER;;"1. Sí
2. No";"1. Debe tener información cuando P6133=1
2. Debe aceptar valores entre 1 y 2";;Recolectada/Acopiada;Publicación no anonimizada;Encuesta Nacional de Calidad de Vida (ECV)
CAP_E;DBF_ENCV_592_2;E. SALUD;P147_E1;P8560S5;5. Recursos propios o familiares;No aplica (NA);;No;NUMBER;;"1. Sí
2. No";"1. Debe tener información cuando P6133=1
2. Debe aceptar valores entre 1 y 2";;Recolectada/Acopiada;Publicación no anonimizada;Encuesta Nacional de Calidad de Vida (ECV)
CAP_E;DBF_ENCV_592_2;E. SALUD;P148_E1;P3189;41. ¿Cuánto pagó en total ____ por esta hospitalización?;No aplica (NA);;No;NUMBER;;;Pertenece al titulo de la pregunta, no guarda ningún dato;;Recolectada/Acopiada;Publicación no anonimizada;Encuesta Nacional de Calidad de Vida (ECV)
CAP_E;DBF_ENCV_592_2;E. SALUD;P149_E1;P3189S1;A través de EPS;No aplica (NA);;No;NUMBER;;1. A través de EPS;1. Pregunta de selección múltiple si tiene informacion debe ser cuando P6133=1 y debe ser 1;;Recolectada/Acopiada;Publicación no anonimizada;Encuesta Nacional de Calidad de Vida (ECV)
CAP_E;DBF_ENCV_592_2;E. SALUD;P150_E1;P3189S1A1;Valor a través de EPS;No aplica (NA);;No;NUMBER;;;"1. Debe tener información cuando P3189S1=1
2. Debe aceptar valores entre 5000 y 20.000.000, 00, 98 y 99";;Recolectada/Acopiada;Publicación no anonimizada;Encuesta Nacional de Calidad de Vida (ECV)
CAP_E;DBF_ENCV_592_2;E. SALUD;P151_E1;P3189S2;Servicio particular o plan voluntario (seguro médico, plan complementario o medicina prepagada);No aplica (NA);;No;NUMBER;;2.Servicio particular o plan voluntario (seguro médico, plan complementario o medicina prepagada);1. Pregunta de selección múltiple si tiene informacion debe ser cuando P6133=1 y debe ser 1;;Recolectada/Acopiada;Publicación no anonimizada;Encuesta Nacional de Calidad de Vida (ECV)
CAP_E;DBF_ENCV_592_2;E. SALUD;P152_E1;P3189S2A1;Valor servicio particular o plan voluntario ;No aplica (NA);;No;NUMBER;;;"1. Debe tener información cuando P3189S2=1
2. Debe aceptar valores entre 5.000 y 20.000.000 y 00, 98 y 99";;Recolectada/Acopiada;Publicación no anonimizada;Encuesta Nacional de Calidad de Vida (ECV)
CAP_E;DBF_ENCV_592_2;E. SALUD;P153_E1;P8561;42. Considera que la calidad del servicio en esta hospitalización fue:;No aplica (NA);;No;NUMBER;;"1. Muy buena
2.  Buena
3. Mala
4. Muy mala";"1. Debe tener información cuando P6133=1
2. Debe aceptar valores entre 1 y 4";;Recolectada/Acopiada;Publicación no anonimizada;Encuesta Nacional de Calidad de Vida (ECV)
CAP_E;DBF_ENCV_592_2;E. SALUD;P154_E1;P3335;43. ¿________ha estado embarazada alguna vez en su vida?;No aplica (NA);;No;NUMBER;;"1. Sí
2. No";"1. Debe tener información cuando P6020= 2 y P6040>= 10
2. Debe aceptar valor 1 ó 2"; ;Recolectada/Acopiada;Publicación no anonimizada;Encuesta Nacional de Calidad de Vida (ECV)
CAP_E;DBF_ENCV_592_2;E. SALUD;P155_E1;P3335S1;43a. ¿Cuántos hijos nacidos vivos ha tenido?;No aplica (NA);;No;NUMBER;;;1. Debe tener información cuando P3335=1 y P6040>= 10 ;;Recolectada/Acopiada;Publicación no anonimizada;Encuesta Nacional de Calidad de Vida (ECV)
CAP_E;DBF_ENCV_592_2;E. SALUD;P156_E1;P3335S1A1;43b. ¿A qué edad tuvo su primer hijo?;No aplica (NA);;No;NUMBER;;;1. Debe tener información cuando P3335S1> 0;;Recolectada/Acopiada;Publicación no anonimizada;Encuesta Nacional de Calidad de Vida (ECV)
CAP_E;DBF_ENCV_592_2;E. SALUD;P157_E1;P8584;44. ¿... está embarazada actualmente?;No aplica (NA);;No;NUMBER;;"1. Sí
2. No";"1. Debe tener información cuando P3335=1 y P6020=2 y (P6040> 9 y P6040< 50)
2. Debe aceptar valor 1 ó 2";;Recolectada/Acopiada;Publicación no anonimizada;Encuesta Nacional de Calidad de Vida (ECV)
CAP_E;DBF_ENCV_592_2;E. SALUD;P158_E1;P5694;45. ¿Asiste a control prenatal?;No aplica (NA);;No;NUMBER;;"1. Sí
2. No";"1. Debe tener información cuando P8584=1
2. Debe aceptar valor 1 ó 2";;Recolectada/Acopiada;Publicación no anonimizada;Encuesta Nacional de Calidad de Vida (ECV)
CAP_E;DBF_ENCV_592_2;E. SALUD;P159_E1;P5452;46. ¿... tiene el esquema completo de vacunación, según su edad?;No aplica (NA);;No;NUMBER;;"1. Sí
2. No";"1. Debe tener información cuando P6040< 6
2. Debe aceptar valor 1 ó 2 ";;Recolectada/Acopiada;Publicación no anonimizada;Encuesta Nacional de Calidad de Vida (ECV)
CAP_E;DBF_ENCV_592_2;E. SALUD;P160_E1;P6161;47. ¿Llevan a ... a valoración integral en salud o control de crecimiento y desarrollo?;No aplica (NA);;No;NUMBER;;"1. Sí
2. No";"1. Debe tener información cuando P6040< 6
2. Debe aceptar valor 1 ó 2 ";;Recolectada/Acopiada;Publicación no anonimizada;Encuesta Nacional de Calidad de Vida (ECV)
CAP_E;DBF_ENCV_592_2;E. SALUD;P161_E1;P1089;48. ¿Cuál fue la principal razón para no llevar a ... a un control de crecimiento y desarrollo?;No aplica (NA);;No;NUMBER;;"1. No pensó que fuera necesario llevarlo/a a consulta
2. La consulta es muy cara, no tiene plata
3. El lugar donde lo atienden queda muy lejos / no hay servicio cerca
4. No pudo dejar el trabajo/no tuvo tiempo
5. No está afiliado/a a EPS o a régimen subsidiado
6. No consiguió cita cercana en el tiempo o lo atienden muy mal
7. Los trámites en la EPS/IPS son muy complicados
8. Considera que no está en edad o es recién nacido/a
9. No tiene registro civil de nacimiento
10. Cambio de EPS o de municipio
11. Otra";"1. Debe tener información cuando P6161=2
2. Debe aceptar valores de 1 a 11";;Recolectada/Acopiada;Publicación no anonimizada;Encuesta Nacional de Calidad de Vida (ECV)
CAP_F;DBF_ENCV_592_3;F. ATENCIÓN INTEGRAL  DE LOS NIÑOS Y NIÑAS  MENORES DE 5 AÑOS;P01_F1;DIRECTORIO;DIRECTORIO;Llave Foránea (FK);DBF_ENCV_592_1;Si;NUMBER;22;;1. Siempre debe tener información;;Recolectada/Acopiada;Publicación no anonimizada;Encuesta Nacional de Calidad de Vida (ECV)
CAP_F;DBF_ENCV_592_3;F. ATENCIÓN INTEGRAL  DE LOS NIÑOS Y NIÑAS  MENORES DE 5 AÑOS;P02_F1;SECUENCIA_ENCUESTA;Número de persona dentro del hogar;Llave Foránea (FK);DBF_ENCV_592_1;Si;NUMBER;22;;1. Siempre debe tener información;;Recolectada/Acopiada;Publicación no anonimizada;Encuesta Nacional de Calidad de Vida (ECV)
CAP_F;DBF_ENCV_592_3;F. ATENCIÓN INTEGRAL  DE LOS NIÑOS Y NIÑAS  MENORES DE 5 AÑOS;P03_F1;SECUENCIA_P;Número de hogar dentro de la vivienda;Llave Foránea (FK);DBF_ENCV_592_1;Si;NUMBER;22;;1. Siempre debe tener información;;Recolectada/Acopiada;Publicación no anonimizada;Encuesta Nacional de Calidad de Vida (ECV)
CAP_F;DBF_ENCV_592_3;F. ATENCIÓN INTEGRAL  DE LOS NIÑOS Y NIÑAS  MENORES DE 5 AÑOS;P04_F1;ORDEN;Número de persona dentro del hogar;Llave Foránea (FK);DBF_ENCV_592_1;No;NUMBER;22;;1. Siempre debe tener información;;Recolectada/Acopiada;Publicación no anonimizada;Encuesta Nacional de Calidad de Vida (ECV)
CAP_F;DBF_ENCV_592_3;F. ATENCIÓN INTEGRAL  DE LOS NIÑOS Y NIÑAS  MENORES DE 5 AÑOS;P05_F1;FEX_C;Factor de expansión ;No aplica (NA);;Sí;NUMBER;22;;;;Nueva;Publicación no anonimizada;Encuesta Nacional de Calidad de Vida (ECV)
CAP_F;DBF_ENCV_592_3;F. ATENCIÓN INTEGRAL  DE LOS NIÑOS Y NIÑAS  MENORES DE 5 AÑOS;P06_F1;P51;1. ¿Dónde o con quién permanece ... durante la mayor parte del tiempo entre semana?;No aplica (NA);;No;NUMBER;22;"1. Asiste a un hogar comunitario, jardín, centro de desarrollo infantil u otra modalidad de cuidado diario del ICBF o colegio
2.  Con su padre o madre en la casa
3.  Con su padre o madre en el trabajo
4. Con empleado/a o niñero/a en la casa
5. Al cuidado de un/a pariente de 18 años o más
6.  Al cuidado de un/a pariente menor de 18 años
7. En casa solo
8.  Otro";"1. Debe tener información cuando P6040< 5 tabla DBF_ENCV_592_1
2. Debe aceptar valores de 1 a 8";;Recolectada/Acopiada;Publicación no anonimizada;Encuesta Nacional de Calidad de Vida (ECV)
CAP_F;DBF_ENCV_592_3;F. ATENCIÓN INTEGRAL  DE LOS NIÑOS Y NIÑAS  MENORES DE 5 AÑOS;P08_F1;P772;2. ¿Cuál es la razón principal por la que ______ no asiste a un hogar comunitario, jardín, centro de desarrollo infantil, otra modalidad de cuidado diario del ICBF o colegio?;No aplica (NA);;No;NUMBER;22;"1. No hay una institución cercana
2. Es muy costoso
3. No encontró cupo
4. Prefiere que no asista todavía
5. Tiene un/a familiar en la casa que lo cuida
6. Considera que no está en edad de asistir, o es recién nacido
7. Solo asiste algunas horas o algunos días de la semana
8. Temor a que el niño/a se contagie de alguna enfermedad 
9. No lo reciben por la edad
10. Enfermedad o discapacidad
11. Falta de documentos
12. Asiste a una modalidad donde no hay atención todos los días 
13. Otra";"1. Debe tener información cuando P51> 1
2. Debe aceptar valores de 1 a 13";;Recolectada/Acopiada;Publicación no anonimizada;Encuesta Nacional de Calidad de Vida (ECV)
CAP_F;DBF_ENCV_592_3;F. ATENCIÓN INTEGRAL  DE LOS NIÑOS Y NIÑAS  MENORES DE 5 AÑOS;P10_F1;P773;3. ¿A qué tipo de establecimiento (hogar comunitario, jardín, centro de desarrollo infantil o colegio) asiste?;No aplica (NA);;No;NUMBER;22;"1. Hogar comunitario de Bienestar Familiar
2. Hogar infantil o jardín de Bienestar Familiar
3. Centro de desarrollo infantil público
4. Otra modalidad de cuidado diario del ICBF (pilotaje, unidad comunitaria de atención, otra)
5. Jardín o colegio oficial 
6. Jardín o colegio privado";"1. Debe tener información cuando P51=1 
2. Debe aceptar valores de 1 a 6";;Recolectada/Acopiada;Publicación no anonimizada;Encuesta Nacional de Calidad de Vida (ECV)
CAP_F;DBF_ENCV_592_3;F. ATENCIÓN INTEGRAL  DE LOS NIÑOS Y NIÑAS  MENORES DE 5 AÑOS;P11_F1;P6169;4. Durante este año escolar ¿pagó matrícula  para________?;No aplica (NA);;No;NUMBER;22;"1. Sí
2. No";"1. Debe tener información cuando P772 is null
2. Debe aceptar valor 1 ó 2";;Recolectada/Acopiada;Publicación no anonimizada;Encuesta Nacional de Calidad de Vida (ECV)
CAP_F;DBF_ENCV_592_3;F. ATENCIÓN INTEGRAL  DE LOS NIÑOS Y NIÑAS  MENORES DE 5 AÑOS;P12_F1;P6169S1;Valor $;No aplica (NA);;No;NUMBER;22;;"1. Debe tener información cuando P6169=1
2. Debe aceptar valores entre 1000 hasta 3.000.000 ó 99";;Recolectada/Acopiada;Publicación no anonimizada;Encuesta Nacional de Calidad de Vida (ECV)
CAP_F;DBF_ENCV_592_3;F. ATENCIÓN INTEGRAL  DE LOS NIÑOS Y NIÑAS  MENORES DE 5 AÑOS;P13_F1;P8564;5. Durante este AÑO ESCOLAR, el hogar: ¿Pagó uniformes para ______________?;No aplica (NA);;No;NUMBER;22;"1. Sí
2. No";"1. Debe tener información cuando P51=1 
2. Debe aceptar valor 1 ó 2";;Recolectada/Acopiada;Publicación no anonimizada;Encuesta Nacional de Calidad de Vida (ECV)
CAP_F;DBF_ENCV_592_3;F. ATENCIÓN INTEGRAL  DE LOS NIÑOS Y NIÑAS  MENORES DE 5 AÑOS;P14_F1;P8564S1;Valor $;No aplica (NA);;No;NUMBER;22;;"1. Debe tener información cuando P8564=1
2. Debe aceptar valores entre 1000 hasta 900.000 ó 99";;Recolectada/Acopiada;Publicación no anonimizada;Encuesta Nacional de Calidad de Vida (ECV)
CAP_F;DBF_ENCV_592_3;F. ATENCIÓN INTEGRAL  DE LOS NIÑOS Y NIÑAS  MENORES DE 5 AÑOS;P15_F1;P8566;6. ¿Pagó en el establecimiento educativo libros, útiles escolares y elementos de aseo para _________?;No aplica (NA);;No;NUMBER;22;"1. Sí
2. No";"1. Debe tener información cuando P51=1 
2. Debe aceptar valor 1 ó 2";;Recolectada/Acopiada;Publicación no anonimizada;Encuesta Nacional de Calidad de Vida (ECV)
CAP_F;DBF_ENCV_592_3;F. ATENCIÓN INTEGRAL  DE LOS NIÑOS Y NIÑAS  MENORES DE 5 AÑOS;P16_F1;P8566S1;Valor $;No aplica (NA);;No;NUMBER;22;;"1. Debe tener información cuando P8566=1
2. Debe aceptar valores entre 1000 hasta 10.000.000 ó 99";;Recolectada/Acopiada;Publicación no anonimizada;Encuesta Nacional de Calidad de Vida (ECV)
CAP_F;DBF_ENCV_592_3;F. ATENCIÓN INTEGRAL  DE LOS NIÑOS Y NIÑAS  MENORES DE 5 AÑOS;P17_F1;P8568;7. ¿Compró libros y útiles escolares por fuera del establecimiento para _____?;No aplica (NA);;No;NUMBER;22;"1. Sí
2. No";"1. Debe tener información cuando P51=1 
2. Debe aceptar valor 1 ó 2";;Recolectada/Acopiada;Publicación no anonimizada;Encuesta Nacional de Calidad de Vida (ECV)
CAP_F;DBF_ENCV_592_3;F. ATENCIÓN INTEGRAL  DE LOS NIÑOS Y NIÑAS  MENORES DE 5 AÑOS;P18_F1;P8568S1;Valor $;No aplica (NA);;No;NUMBER;22;;"1. Debe tener información cuando P8568=1
2. Debe aceptar valores entre 1000 hasta 1.000.000 ó 99";;Recolectada/Acopiada;Publicación no anonimizada;Encuesta Nacional de Calidad de Vida (ECV)
CAP_F;DBF_ENCV_592_3;F. ATENCIÓN INTEGRAL  DE LOS NIÑOS Y NIÑAS  MENORES DE 5 AÑOS;P19_F1;P6191;8. ¿Pensión o cuota de participación para ________?;No aplica (NA);;No;NUMBER;22;"1. Sí
2. No";"1. Debe tener información cuando P51=1 
2. Debe aceptar valor 1 ó 2";;Recolectada/Acopiada;Publicación no anonimizada;Encuesta Nacional de Calidad de Vida (ECV)
CAP_F;DBF_ENCV_592_3;F. ATENCIÓN INTEGRAL  DE LOS NIÑOS Y NIÑAS  MENORES DE 5 AÑOS;P20_F1;P6191S1;Valor Mensual;No aplica (NA);;No;NUMBER;22;;"1. Debe tener información cuando P6191=1
2. Debe aceptar valores entre 1000 hasta 1.500.000 ó 99";;Recolectada/Acopiada;Publicación no anonimizada;Encuesta Nacional de Calidad de Vida (ECV)
CAP_F;DBF_ENCV_592_3;F. ATENCIÓN INTEGRAL  DE LOS NIÑOS Y NIÑAS  MENORES DE 5 AÑOS;P21_F1;P8572;9. ¿Transporte para ______________________?;No aplica (NA);;No;NUMBER;22;"1. Si
2. No";"1. Debe tener información cuando P51=1 
2. Debe aceptar valor 1 ó 2";;Recolectada/Acopiada;Publicación no anonimizada;Encuesta Nacional de Calidad de Vida (ECV)
CAP_F;DBF_ENCV_592_3;F. ATENCIÓN INTEGRAL  DE LOS NIÑOS Y NIÑAS  MENORES DE 5 AÑOS;P22_F1;P8572S1;Valor Mensual;No aplica (NA);;No;NUMBER;22;;"1. Debe tener información cuando P8572=1
2. Debe aceptar valores entre 5000 hasta 500.000 ó 98  ó 99";;Recolectada/Acopiada;Publicación no anonimizada;Encuesta Nacional de Calidad de Vida (ECV)
CAP_F;DBF_ENCV_592_3;F. ATENCIÓN INTEGRAL  DE LOS NIÑOS Y NIÑAS  MENORES DE 5 AÑOS;P23_F1;P8574;10. ¿Al establecimiento alimentación para_____?;No aplica (NA);;No;NUMBER;22;"1. Si
2. No";"1. Debe tener información cuando P51=1 
2. Debe aceptar valor 1 ó 2";;Recolectada/Acopiada;Publicación no anonimizada;Encuesta Nacional de Calidad de Vida (ECV)
CAP_F;DBF_ENCV_592_3;F. ATENCIÓN INTEGRAL  DE LOS NIÑOS Y NIÑAS  MENORES DE 5 AÑOS;P24_F1;P8574S1;Valor Mensual;No aplica (NA);;No;NUMBER;22;;"1. Debe tener información cuando P8574=1
2. Debe aceptar valores entre 500 hasta 500.000 ó 98  ó 99";;Recolectada/Acopiada;Publicación no anonimizada;Encuesta Nacional de Calidad de Vida (ECV)
CAP_F;DBF_ENCV_592_3;F. ATENCIÓN INTEGRAL  DE LOS NIÑOS Y NIÑAS  MENORES DE 5 AÑOS;P25_F1;P8576;11. ¿El mes pasado se hicieron pagos   para________ por algún otro concepto en ese establecimiento?;No aplica (NA);;No;NUMBER;22;"1. Si
2. No";"1. Debe tener información cuando P51=1 
2. Debe aceptar valor 1 ó 2";;Recolectada/Acopiada;Publicación no anonimizada;Encuesta Nacional de Calidad de Vida (ECV)
CAP_F;DBF_ENCV_592_3;F. ATENCIÓN INTEGRAL  DE LOS NIÑOS Y NIÑAS  MENORES DE 5 AÑOS;P26_F1;P8576S1;Valor;No aplica (NA);;No;NUMBER;22;;"1. Debe tener información cuando P8576=1
2. Debe aceptar valores entre 5000 hasta 500.000 ó 98  ó 99";;Recolectada/Acopiada;Publicación no anonimizada;Encuesta Nacional de Calidad de Vida (ECV)
CAP_F;DBF_ENCV_592_3;F. ATENCIÓN INTEGRAL  DE LOS NIÑOS Y NIÑAS  MENORES DE 5 AÑOS;P27_F1;P55;12. ¿Recibe o toma ... desayuno o almuerzo en el lugar donde permanece la mayor parte del tiempo entre semana?;No aplica (NA);;No;NUMBER;22;"1. Sí
2. No";"1. Debe tener información cuando P6040< 5 tabla DBF_ENCV_592_1
2. Debe aceptar valor 1 ó 2";;Recolectada/Acopiada;Publicación no anonimizada;Encuesta Nacional de Calidad de Vida (ECV)
CAP_F;DBF_ENCV_592_3;F. ATENCIÓN INTEGRAL  DE LOS NIÑOS Y NIÑAS  MENORES DE 5 AÑOS;P28_F1;P774;13. ¿... paga por esta alimentación? ;No aplica (NA);;No;NUMBER;22;"1. Si, completamente
2. Si, por un pago simbólico
3. No paga, lo recibe en otro hogar o en la institución a la que asiste
4.  No paga, lo recibe o lo lleva del hogar";"1. Debe tener información cuando P55=1
2. Debe aceptar valores entre 1 y 4";;Recolectada/Acopiada;Publicación no anonimizada;Encuesta Nacional de Calidad de Vida (ECV)
CAP_F;DBF_ENCV_592_3;F. ATENCIÓN INTEGRAL  DE LOS NIÑOS Y NIÑAS  MENORES DE 5 AÑOS;P29_F1;P774S1;a. ¿Valor que paga DIARIO?;No aplica (NA);;No;NUMBER;22;;"1. Debe tener información cuando P774=2
2. Debe aceptar valores entre 100 y 7.000 ó 99";;Recolectada/Acopiada;Publicación no anonimizada;Encuesta Nacional de Calidad de Vida (ECV)
CAP_F;DBF_ENCV_592_3;F. ATENCIÓN INTEGRAL  DE LOS NIÑOS Y NIÑAS  MENORES DE 5 AÑOS;P30_F1;P774S2;b. ¿Si lo tuviera que comprar en otra  parte, cuánto pagaría al día por lo que recibe? Valor;No aplica (NA);;No;NUMBER;22;;"1. Debe tener información cuando P774=2
2. Debe aceptar valores entre 200 y 20.000. Debe ser mayor que P774S1";;Recolectada/Acopiada;Publicación no anonimizada;Encuesta Nacional de Calidad de Vida (ECV)
CAP_F;DBF_ENCV_592_3;F. ATENCIÓN INTEGRAL  DE LOS NIÑOS Y NIÑAS  MENORES DE 5 AÑOS;P31_F1;P774S3;a. ¿Si lo tuviera que comprar en otra parte, cuánto pagaría al día por lo que recibe? Valor ;No aplica (NA);;No;NUMBER;22;;"1. Debe tener información cuando P774=3
2. Debe aceptar valores entre 200 y 20.000.";;Recolectada/Acopiada;Publicación no anonimizada;Encuesta Nacional de Calidad de Vida (ECV)
CAP_F;DBF_ENCV_592_3;F. ATENCIÓN INTEGRAL  DE LOS NIÑOS Y NIÑAS  MENORES DE 5 AÑOS;P32_F1;P775;14. ¿Recibe o toma ... refrigerio en el lugar donde permanece la mayor parte del tiempo entre semana?;No aplica (NA);;No;NUMBER;22;"1. Sí
2. No";"1. Debe tener información cuando P6040< 5 tabla DBF_ENCV_592_1
2. Debe aceptar valor 1 ó 2";;Recolectada/Acopiada;Publicación no anonimizada;Encuesta Nacional de Calidad de Vida (ECV)
CAP_F;DBF_ENCV_592_3;F. ATENCIÓN INTEGRAL  DE LOS NIÑOS Y NIÑAS  MENORES DE 5 AÑOS;P33_F1;P776;15. ... paga por esta alimentación?;No aplica (NA);;No;NUMBER;22;"1.  Si, completamente
2.  Si, por un pago simbólico
3.  No paga, lo recibe en otro hogar o en la institución a la que asiste
4.  No paga, lo recibe o lo lleva del hogar";"1. Debe tener información cuando P775=1
2. Debe aceptar valores entre 1 y 4.";;Recolectada/Acopiada;Publicación no anonimizada;Encuesta Nacional de Calidad de Vida (ECV)
CAP_F;DBF_ENCV_592_3;F. ATENCIÓN INTEGRAL  DE LOS NIÑOS Y NIÑAS  MENORES DE 5 AÑOS;P34_F1;P776S1;a. ¿Valor que paga DIARIO?;No aplica (NA);;No;NUMBER;22;;"1. Debe tener información cuando P776=2
2. Debe aceptar valores entre 100 y 4.000 ó 99";;Recolectada/Acopiada;Publicación no anonimizada;Encuesta Nacional de Calidad de Vida (ECV)
CAP_F;DBF_ENCV_592_3;F. ATENCIÓN INTEGRAL  DE LOS NIÑOS Y NIÑAS  MENORES DE 5 AÑOS;P35_F1;P776S2;b. ¿Si lo tuviera que comprar en otra  parte, cuánto pagaría al día por lo que recibe?;No aplica (NA);;No;NUMBER;22;;"1. Debe tener información cuando P776=2
2. Debe aceptar valores entre 200 y 8.000. Debe ser mayor que P776S1.";;Recolectada/Acopiada;Publicación no anonimizada;Encuesta Nacional de Calidad de Vida (ECV)
CAP_F;DBF_ENCV_592_3;F. ATENCIÓN INTEGRAL  DE LOS NIÑOS Y NIÑAS  MENORES DE 5 AÑOS;P36_F1;P776S3;a. ¿Si lo tuviera que comprar en otra parte, cuánto pagaría al día por lo que recibe?;No aplica (NA);;No;NUMBER;22;;"1. Debe tener información cuando P776=3
2. Debe aceptar valores entre 200 y 800.000.";;Recolectada/Acopiada;Publicación no anonimizada;Encuesta Nacional de Calidad de Vida (ECV)
CAP_F;DBF_ENCV_592_3;F. ATENCIÓN INTEGRAL  DE LOS NIÑOS Y NIÑAS  MENORES DE 5 AÑOS;P37_F1;P58;16. ¿Con quién permanece___ después de asistir al hogar comunitario, jardín, centro de desarrollo infantil, otra modalidad de cuidado diario del ICBF o colegio, o durante la mayor parte del tiempo entre semana?;No aplica (NA);;No;NUMBER;22;"1. Una persona de este hogar
2. Una persona de otro hogar";"1. Debe tener información cuando P51< 7 ó P51=8
2. Debe aceptar valor 1 ó 2";;Recolectada/Acopiada;Publicación no anonimizada;Encuesta Nacional de Calidad de Vida (ECV)
CAP_F;DBF_ENCV_592_3;F. ATENCIÓN INTEGRAL  DE LOS NIÑOS Y NIÑAS  MENORES DE 5 AÑOS;P38_F1;P58S1;No. de orden;No aplica (NA);;No;VARCHAR2;250;;"1. Debe tener información cuando P58=1
2. No puede ser mayor a P205 tabla DBF_ENCV_591_1";;Recolectada/Acopiada;Publicación no anonimizada;Encuesta Nacional de Calidad de Vida (ECV)
CAP_F;DBF_ENCV_592_3;F. ATENCIÓN INTEGRAL  DE LOS NIÑOS Y NIÑAS  MENORES DE 5 AÑOS;P38_F1;P58S2;Sexo:;No aplica (NA);;No;NUMBER;22;"1.  Hombre
2.  Mujer";"1. Debe tener información cuando P58=2
2. Debe aceptar valor 1 ó 2";;Recolectada/Acopiada;Publicación no anonimizada;Encuesta Nacional de Calidad de Vida (ECV)
CAP_F;DBF_ENCV_592_3;F. ATENCIÓN INTEGRAL  DE LOS NIÑOS Y NIÑAS  MENORES DE 5 AÑOS;P39_F1;P777;17. ¿Cuántos años tiene esta persona?;No aplica (NA);;No;NUMBER;22;;"1. Debe tener información P58=2
2. Debe aceptar valores entre 5 y 90 ó 99";;Recolectada/Acopiada;Publicación no anonimizada;Encuesta Nacional de Calidad de Vida (ECV)
CAP_F;DBF_ENCV_592_3;F. ATENCIÓN INTEGRAL  DE LOS NIÑOS Y NIÑAS  MENORES DE 5 AÑOS;P40_F1;P778;18. ¿Cuál es el nivel educativo de esta persona?;No aplica (NA);;No;NUMBER;22;"1. Algunos años de primaria
2. Toda la primaria
3. Algunos años de secundaria
4. Toda la secundaria
5. Uno o más años de técnica o tecnológica
6. Técnica o tecnológica completa
7. Uno o más años de universidad
8. Universitaria completa
9. Ninguno
10.  No sabe";"1. Debe tener información cuando P58=2
2. Debe aceptar valores entre 1 y 10";;Recolectada/Acopiada;Publicación no anonimizada;Encuesta Nacional de Calidad de Vida (ECV)
CAP_F;DBF_ENCV_592_3;F. ATENCIÓN INTEGRAL  DE LOS NIÑOS Y NIÑAS  MENORES DE 5 AÑOS;P41_F1;P779;19. ¿Cuáles de las siguientes actividades realiza esta persona con ...?;No aplica (NA);;No;NUMBER;22;;Pertenece al titulo de la pregunta, no guarda ningún dato;;Recolectada/Acopiada;Publicación no anonimizada;Encuesta Nacional de Calidad de Vida (ECV)
CAP_F;DBF_ENCV_592_3;F. ATENCIÓN INTEGRAL  DE LOS NIÑOS Y NIÑAS  MENORES DE 5 AÑOS;P42_F1;P779S1;1. Leer libros de cuentos o historias o mirar libros de dibujos;No aplica (NA);;No;NUMBER;22;;1. Pregunta de selección múltiple si tienen información debe ser cuando P51< 7 ó P51=8 y debe ser 1;;Recolectada/Acopiada;Publicación no anonimizada;Encuesta Nacional de Calidad de Vida (ECV)
CAP_F;DBF_ENCV_592_3;F. ATENCIÓN INTEGRAL  DE LOS NIÑOS Y NIÑAS  MENORES DE 5 AÑOS;P43_F1;P779S2;2. Contarle cuentos o relatos;No aplica (NA);;No;NUMBER;22;;1. Pregunta de selección múltiple si tienen información debe ser cuando P51< 7 ó P51=8 y debe ser 1;;Recolectada/Acopiada;Publicación no anonimizada;Encuesta Nacional de Calidad de Vida (ECV)
CAP_F;DBF_ENCV_592_3;F. ATENCIÓN INTEGRAL  DE LOS NIÑOS Y NIÑAS  MENORES DE 5 AÑOS;P44_F1;P779S3;3. Realizar actividades artísticas o manualidades ;No aplica (NA);;No;NUMBER;22;;1. Pregunta de selección múltiple si tienen información debe ser cuando P51< 7 ó P51=8 y debe ser 1;;Recolectada/Acopiada;Publicación no anonimizada;Encuesta Nacional de Calidad de Vida (ECV)
CAP_F;DBF_ENCV_592_3;F. ATENCIÓN INTEGRAL  DE LOS NIÑOS Y NIÑAS  MENORES DE 5 AÑOS;P45_F1;P779S11;4. Cantar ;No aplica (NA);;No;NUMBER;22;;1. Pregunta de selección múltiple si tienen información debe ser cuando P51< 7 ó P51=8 y debe ser 1;;Recolectada/Acopiada;Publicación no anonimizada;Encuesta Nacional de Calidad de Vida (ECV)
CAP_F;DBF_ENCV_592_3;F. ATENCIÓN INTEGRAL  DE LOS NIÑOS Y NIÑAS  MENORES DE 5 AÑOS;P46_F1;P779S12;5. Tocar algún instrumento musical;No aplica (NA);;No;NUMBER;22;;1. Pregunta de selección múltiple si tienen información debe ser cuando P51< 7 ó P51=8 y debe ser 1;;Recolectada/Acopiada;Publicación no anonimizada;Encuesta Nacional de Calidad de Vida (ECV)
CAP_F;DBF_ENCV_592_3;F. ATENCIÓN INTEGRAL  DE LOS NIÑOS Y NIÑAS  MENORES DE 5 AÑOS;P47_F1;P779S5;6. Realizar juegos y rondas;No aplica (NA);;No;NUMBER;22;;1. Pregunta de selección múltiple si tienen información debe ser cuando P51< 7 ó P51=8 y debe ser 1;;Recolectada/Acopiada;Publicación no anonimizada;Encuesta Nacional de Calidad de Vida (ECV)
CAP_F;DBF_ENCV_592_3;F. ATENCIÓN INTEGRAL  DE LOS NIÑOS Y NIÑAS  MENORES DE 5 AÑOS;P48_F1;P779S6;7. Salir al parque;No aplica (NA);;No;NUMBER;22;;1. Pregunta de selección múltiple si tienen información debe ser cuando P51< 7 ó P51=8 y debe ser 1;;Recolectada/Acopiada;Publicación no anonimizada;Encuesta Nacional de Calidad de Vida (ECV)
CAP_F;DBF_ENCV_592_3;F. ATENCIÓN INTEGRAL  DE LOS NIÑOS Y NIÑAS  MENORES DE 5 AÑOS;P49_F1;P779S7;8. Ver televisión ;No aplica (NA);;No;NUMBER;22;;1. Pregunta de selección múltiple si tienen información debe ser cuando P51< 7 ó P51=8 y debe ser 1;;Recolectada/Acopiada;Publicación no anonimizada;Encuesta Nacional de Calidad de Vida (ECV)
CAP_F;DBF_ENCV_592_3;F. ATENCIÓN INTEGRAL  DE LOS NIÑOS Y NIÑAS  MENORES DE 5 AÑOS;P50_F1;P779S8;9. Realizar alguna actividad deportiva;No aplica (NA);;No;NUMBER;22;;1. Pregunta de selección múltiple si tienen información debe ser cuando P51< 7 ó P51=8 y debe ser 1;;Recolectada/Acopiada;Publicación no anonimizada;Encuesta Nacional de Calidad de Vida (ECV)
CAP_F;DBF_ENCV_592_3;F. ATENCIÓN INTEGRAL  DE LOS NIÑOS Y NIÑAS  MENORES DE 5 AÑOS;P51_F1;P779S13;10. Juegos o actividades con dispositivos electrónicos (computador, tablet, consolas de video juegos, etc.);No aplica (NA);;No;NUMBER;22;;1. Pregunta de selección múltiple si tienen información debe ser cuando P51< 7 ó P51=8 y debe ser 1;;Recolectada/Acopiada;Publicación no anonimizada;Encuesta Nacional de Calidad de Vida (ECV)
CAP_F;DBF_ENCV_592_3;F. ATENCIÓN INTEGRAL  DE LOS NIÑOS Y NIÑAS  MENORES DE 5 AÑOS;P52_F1;P779S9;11. Otras;No aplica (NA);;No;NUMBER;22;;1. Pregunta de selección múltiple si tienen información debe ser cuando P51< 7 ó P51=8 y debe ser 1;;Recolectada/Acopiada;Publicación no anonimizada;Encuesta Nacional de Calidad de Vida (ECV)
CAP_F;DBF_ENCV_592_3;F. ATENCIÓN INTEGRAL  DE LOS NIÑOS Y NIÑAS  MENORES DE 5 AÑOS;P54_F1;P779S14;12. Ninguna;No aplica (NA);;No;NUMBER;22;;"1. Pregunta de selección múltiple si tienen información debe ser cuando P51< 7 ó P51=8 y debe ser 1
2. Opción excluyente si selecciono 1.Si No puede seleccionar 1 en P779S1, P779S2, P779S3, P779S11, P779S12, P779S5, P779S6, P779S7, P779S8, P779S13, P779S9";;Recolectada/Acopiada;Publicación no anonimizada;Encuesta Nacional de Calidad de Vida (ECV)
CAP_F;DBF_ENCV_592_3;F. ATENCIÓN INTEGRAL  DE LOS NIÑOS Y NIÑAS  MENORES DE 5 AÑOS;P55_F1;P779S1A1;20.1 ¿Con que frecuencia realiza estas actividades? Leer libros de cuentos o historias o mirar libros de dibujos ;No aplica (NA);;No;NUMBER;22;"1. Todos los días
2. Al menos una vez a la semana pero no cada día
3. Al menos una vez al mes, pero no cada semana
4. Al menos una vez al mes, pero no todos los meses";"1. Debe tener información cuando P779S1=1
2. Debe aceptar valores entre 1 y 4";;Recolectada/Acopiada;Publicación no anonimizada;Encuesta Nacional de Calidad de Vida (ECV)
CAP_F;DBF_ENCV_592_3;F. ATENCIÓN INTEGRAL  DE LOS NIÑOS Y NIÑAS  MENORES DE 5 AÑOS;P56_F1;P779S2A1;20.2 ¿Con que frecuencia realiza estas actividades? Contarle cuentos o relatos;No aplica (NA);;No;NUMBER;22;"1. Todos los días
2. Al menos una vez a la semana pero no cada día
3. Al menos una vez al mes, pero no cada semana
4. Al menos una vez al mes, pero no todos los meses";"1. Debe tener información cuando P779S2=1
2. Debe aceptar valores entre 1 y 4";;Recolectada/Acopiada;Publicación no anonimizada;Encuesta Nacional de Calidad de Vida (ECV)
CAP_F;DBF_ENCV_592_3;F. ATENCIÓN INTEGRAL  DE LOS NIÑOS Y NIÑAS  MENORES DE 5 AÑOS;P57_F1;P779S3A1;20.3 ¿Con que frecuencia realiza estas actividades? Realizar actividades artísticas o manualidades ;No aplica (NA);;No;NUMBER;22;"1. Todos los días
2. Al menos una vez a la semana pero no cada día
3. Al menos una vez al mes, pero no cada semana
4. Al menos una vez al mes, pero no todos los meses";"1. Debe tener información cuando P779S3=1
2. Debe aceptar valores entre 1 y 4";;Recolectada/Acopiada;Publicación no anonimizada;Encuesta Nacional de Calidad de Vida (ECV)
CAP_F;DBF_ENCV_592_3;F. ATENCIÓN INTEGRAL  DE LOS NIÑOS Y NIÑAS  MENORES DE 5 AÑOS;P58_F1;P779S11A1;20.4 ¿Con que frecuencia realiza estas actividades? Cantar;No aplica (NA);;No;NUMBER;22;"1. Todos los días
2. Al menos una vez a la semana pero no cada día
3. Al menos una vez al mes, pero no cada semana
4. Al menos una vez al mes, pero no todos los meses";"1. Debe tener información cuando P779S11=1
2. Debe aceptar valores entre 1 y 4";;Recolectada/Acopiada;Publicación no anonimizada;Encuesta Nacional de Calidad de Vida (ECV)
CAP_F;DBF_ENCV_592_3;F. ATENCIÓN INTEGRAL  DE LOS NIÑOS Y NIÑAS  MENORES DE 5 AÑOS;P59_F1;P779S12A1;20.5 ¿Con que frecuencia realiza esta actividad? Tocar algún instrumento musical;No aplica (NA);;No;NUMBER;22;"1. Todos los días
2. Al menos una vez a la semana pero no cada día
3. Al menos una vez al mes, pero no cada semana
4. Al menos una vez al mes, pero no todos los meses";"1. Debe tener información cuando P779S12=1
2. Debe aceptar valores entre 1 y 4";;Recolectada/Acopiada;Publicación no anonimizada;Encuesta Nacional de Calidad de Vida (ECV)
CAP_F;DBF_ENCV_592_3;F. ATENCIÓN INTEGRAL  DE LOS NIÑOS Y NIÑAS  MENORES DE 5 AÑOS;P60_F1;P779S5A1;20.6 ¿Con que frecuencia realiza estas actividades? Realizar juegos y rondas;No aplica (NA);;No;NUMBER;22;"1. Todos los días
2. Al menos una vez a la semana pero no cada día
3. Al menos una vez al mes, pero no cada semana
4. Al menos una vez al mes, pero no todos los meses";"1. Debe tener información cuando P779S5=1
2. Debe aceptar valores entre 1 y 4";;Recolectada/Acopiada;Publicación no anonimizada;Encuesta Nacional de Calidad de Vida (ECV)
CAP_F;DBF_ENCV_592_3;F. ATENCIÓN INTEGRAL  DE LOS NIÑOS Y NIÑAS  MENORES DE 5 AÑOS;P61_F1;P779S6A1;20.7 ¿Con que frecuencia realiza estas actividades? Salir al parque;No aplica (NA);;No;NUMBER;22;"1. Todos los días
2. Al menos una vez a la semana pero no cada día
3. Al menos una vez al mes, pero no cada semana
4. Al menos una vez al mes, pero no todos los meses";"1. Debe tener información cuando P779S6=1
2. Debe aceptar valores entre 1 y 4";;Recolectada/Acopiada;Publicación no anonimizada;Encuesta Nacional de Calidad de Vida (ECV)
CAP_F;DBF_ENCV_592_3;F. ATENCIÓN INTEGRAL  DE LOS NIÑOS Y NIÑAS  MENORES DE 5 AÑOS;P62_F1;P779S7A1;20.8 ¿Con que frecuencia realiza estas actividades? Ver televisión;No aplica (NA);;No;NUMBER;22;"1. Todos los días
2. Al menos una vez a la semana pero no cada día
3. Al menos una vez al mes, pero no cada semana
4. Al menos una vez al mes, pero no todos los meses";"1. Debe tener información cuando P779S7=1
2. Debe aceptar valores entre 1 y 4";;Recolectada/Acopiada;Publicación no anonimizada;Encuesta Nacional de Calidad de Vida (ECV)
CAP_F;DBF_ENCV_592_3;F. ATENCIÓN INTEGRAL  DE LOS NIÑOS Y NIÑAS  MENORES DE 5 AÑOS;P63_F1;P779S8A1;20.9 ¿Con que frecuencia realiza estas actividades? Realizar alguna actividad deportiva;No aplica (NA);;No;NUMBER;22;"1. Todos los días
2. Al menos una vez a la semana pero no cada día
3. Al menos una vez al mes, pero no cada semana
4. Al menos una vez al mes, pero no todos los meses";"1. Debe tener información cuando P779S8=1
2. Debe aceptar valores entre 1 y 4";;Recolectada/Acopiada;Publicación no anonimizada;Encuesta Nacional de Calidad de Vida (ECV)
CAP_F;DBF_ENCV_592_3;F. ATENCIÓN INTEGRAL  DE LOS NIÑOS Y NIÑAS  MENORES DE 5 AÑOS;P64_F1;P779S13A1;20.10 ¿Con que frecuencia realiza esta actividad? Juegos o actividades con dispositivos electrónicos (computador, tablet, consola de videojuegos, etc.);No aplica (NA);;No;NUMBER;22;"1. Todos los días
2. Al menos una vez a la semana pero no cada día
3. Al menos una vez al mes, pero no cada semana
4. Al menos una vez al mes, pero no todos los meses";"1. Debe tener información cuando P779S13=1
2. Debe aceptar valores entre 1 y 4";;Recolectada/Acopiada;Publicación no anonimizada;Encuesta Nacional de Calidad de Vida (ECV)
CAP_F;DBF_ENCV_592_3;F. ATENCIÓN INTEGRAL  DE LOS NIÑOS Y NIÑAS  MENORES DE 5 AÑOS;P65_F1;P779S9A2;20. ¿Con que frecuencia realiza estas actividades?;No aplica (NA);;No;NUMBER;22;"1. Todos los días
2. Al menos una vez a la semana pero no cada día
3. Al menos una vez al mes, pero no cada semana
4. Al menos una vez al mes, pero no todos los meses";"1. Debe tener información cuando P779S9=1
2. Debe aceptar valores entre 1 y 4";;Recolectada/Acopiada;Publicación no anonimizada;Encuesta Nacional de Calidad de Vida (ECV)
CAP_G;DBF_ENCV_592_4;G. EDUCACIÓN;P01_G1;DIRECTORIO;DIRECTORIO;Llave Foránea (FK);DBF_ENCV_592_1;Si;NUMBER;22;;1. Siempre debe tener información;;Recolectada/Acopiada;Publicación no anonimizada;Encuesta Nacional de Calidad de Vida (ECV)
CAP_G;DBF_ENCV_592_4;G. EDUCACIÓN;P02_G1;SECUENCIA_ENCUESTA;Número de persona dentro del hogar;Llave Foránea (FK);DBF_ENCV_592_1;Si;NUMBER;22;;1. Siempre debe tener información;;Recolectada/Acopiada;Publicación no anonimizada;Encuesta Nacional de Calidad de Vida (ECV)
CAP_G;DBF_ENCV_592_4;G. EDUCACIÓN;P03_F1;SECUENCIA_P;Número de hogar dentro de la vivienda;Llave Foránea (FK);DBF_ENCV_592_1;Si;NUMBER;22;;1. Siempre debe tener información;;Recolectada/Acopiada;Publicación no anonimizada;Encuesta Nacional de Calidad de Vida (ECV)
CAP_G;DBF_ENCV_592_4;G. EDUCACIÓN;P04_G1;ORDEN;Número de persona dentro del hogar;Llave Foránea (FK);DBF_ENCV_592_1;Si;NUMBER;22;;1. Siempre debe tener información;;Recolectada/Acopiada;Publicación no anonimizada;Encuesta Nacional de Calidad de Vida (ECV)
CAP_G;DBF_ENCV_592_4;G. EDUCACIÓN;P05_G1;FEX_C;Factor de expansión ;No aplica (NA);;Sí;NUMBER;22;;;;Nueva;Publicación no anonimizada;Encuesta Nacional de Calidad de Vida (ECV)
CAP_G;DBF_ENCV_592_4;G. EDUCACIÓN;P06_G1;P6160;1. ¿Sabe leer y escribir?;No aplica (NA);;No;NUMBER;22;"1. Sí
2. No";"1. Debe tener información cuando P6001=1 y P6040> 4
2. Debe aceptar valor 1 ó 2";;Recolectada/Acopiada;Publicación no anonimizada;Encuesta Nacional de Calidad de Vida (ECV)
CAP_G;DBF_ENCV_592_4;G. EDUCACIÓN;P07_G1;P8586;2. ¿... actualmente estudia? (asiste al preescolar, escuela, colegio o universidad);No aplica (NA);;No;NUMBER;22;"1. Sí
2. No";"1. Debe tener información cuando P6001=1 y P6040> 4
2. Debe aceptar valor 1 ó 2";;Recolectada/Acopiada;Publicación no anonimizada;Encuesta Nacional de Calidad de Vida (ECV)
CAP_G;DBF_ENCV_592_4;G. EDUCACIÓN;P08_G1;P6218;3. ¿Cuál es la razón principal para que ... no estudie? ;No aplica (NA);;No;NUMBER;22;"1. Considera que no está en edad escolar
2.  Considera que ya terminó
3.  Falta de dinero o costos educativos elevados
4. Debe encargarse de los oficios del hogar (cuidado de niño/as y de otras personas del hogar: adultos mayores, personas discapacitadas, etc.)
5.  Por embarazo
6.  Por inseguridad o malos tratos en el establecimiento educativo; inseguridad en el entorno del centro educativo o del lugar de residencia
7.  Falta de cupo
8. No existe un centro educativo cercano o el establecimiento asignado es muy lejano
9. Necesita trabajar
10.  No le gusta o no le interesa el estudio
11.  Por enfermedad
12.  Necesita educación especial
13.  Tuvieron que abandonar el lugar de residencia habitual
14. Sus padres o la persona encargada de su cuidado no lo considera importante
15. Por situaciones académicas (bajos resultados en el periodo académico, repetición de cursos)
16. Falta de documentos
17. Diligencias en proceso de transición entre niveles
18. Recibe o asiste a otro tipo de educación (guardería, jardín, programa de primera infancia del ICBF, en casa, validación, cursos, diplomados)
19. Otra razón";"1. Debe tener información cuando P8586=2 y P6040<35
2. Debe aceptar valores entre 1 y 19";;Recolectada/Acopiada;Publicación no anonimizada;Encuesta Nacional de Calidad de Vida (ECV)
CAP_G;DBF_ENCV_592_4;G. EDUCACIÓN;P10_G1;P8587;4. ¿Cuál es el nivel educativo más alto alcanzado por ... y el último año o grado aprobado en ese nivel?;No aplica (NA);;No;NUMBER;22;"1. Ninguno
2. Preescolar
3. Básica Primaria (1º - 5º)
4. Básica secundaria (6º - 9º)
5. Media (10º--13º)
6. Técnico sin título
7. Técnico con título
8. Tecnológico sin título
9. Tecnológico con título
10. Universitario sin titulo
11. Universitario con titulo
12. Postgrado sin titulo
13. Postgrado con  titulo";"1. Debe tener información cuando P6001=1 y P6040>4 y P8586=2
2. Debe aceptar valores entre 1 y 13";;Recolectada/Acopiada;Publicación no anonimizada;Encuesta Nacional de Calidad de Vida (ECV)
CAP_G;DBF_ENCV_592_4;G. EDUCACIÓN;P11_G1;P8587S1;Grado o año aprobado;No aplica (NA);;No;NUMBER;22;;"1. Debe tener información cuando P8587>1
2. Debe tener valores entre 0 y 13";;Recolectada/Acopiada;Publicación no anonimizada;Encuesta Nacional de Calidad de Vida (ECV)
CAP_G;DBF_ENCV_592_4;G. EDUCACIÓN;P12_G1;P6211;5. ¿Cuántos años de estudios superiores (técnicos, tecnológicos, universitarios, de posgrado, etc.) ha realizado y aprobado?;No aplica (NA);;No;NUMBER;22;;1. Debe tener información cuando P6040>4 y P8587>5;;Recolectada/Acopiada;Publicación no anonimizada;Encuesta Nacional de Calidad de Vida (ECV)
CAP_G;DBF_ENCV_592_4;G. EDUCACIÓN;P13_G1;P1088;6. ¿En que nivel está matriculado/a ... y qué grado o año cursa?;No aplica (NA);;No;NUMBER;22;"1. Preescolar 
2. Básica Primaria (1° - 5°)
3. Básica secundaria (6° - 9°)
4. Media (10° - 13°)
5. Técnico
6. Tecnológico
7. Universitario
8. Postgrado";"1. Debe tener información cuando P8586=1
2. Debe aceptar valores de 1 a 8";;Recolectada/Acopiada;Publicación no anonimizada;Encuesta Nacional de Calidad de Vida (ECV)
CAP_G;DBF_ENCV_592_4;G. EDUCACIÓN;P14_G1;P1088S1;Grado o año que cursa;No aplica (NA);;No;NUMBER;22;;"1. Debe tener información cuando P1088>=1
2. Debe aceptar valores entre 1 y 13";;Recolectada/Acopiada;Publicación no anonimizada;Encuesta Nacional de Calidad de Vida (ECV)
CAP_G;DBF_ENCV_592_4;G. EDUCACIÓN;P15_G1;P6216;7. ¿Cuántos años de estudios superiores (técnicos, tecnológicos, universitarios, de postgrado, etc.) ha realizado y aprobado?;No aplica (NA);;No;NUMBER;22;;"1. Debe tener información cuando P1088>4
2. Debe aceptar valor >= 0";;Recolectada/Acopiada;Publicación no anonimizada;Encuesta Nacional de Calidad de Vida (ECV)
CAP_G;DBF_ENCV_592_4;G. EDUCACIÓN;P16_G1;P5673;8. El establecimiento donde estudia ... es:;No aplica (NA);;No;NUMBER;22;"1.  Oficial
2.  No oficial";"1. Debe tener información cuando P6001=1 y P6040> 4 y P8586=1
2. Debe aceptar valor 1 ó 2";;Recolectada/Acopiada;Publicación no anonimizada;Encuesta Nacional de Calidad de Vida (ECV)
CAP_G;DBF_ENCV_592_4;G. EDUCACIÓN;P17_G1;P5674; Subsidiado?;No aplica (NA);;No;NUMBER;22;"1. Con subsidio del estado
2. Sin subsidio";"1. Debe tener información cuando P5673=2 y P1088< 5
2. Debe aceptar valores 1 ó 2";;Recolectada/Acopiada;Publicación no anonimizada;Encuesta Nacional de Calidad de Vida (ECV)
CAP_G;DBF_ENCV_592_4;G. EDUCACIÓN;P18_G1;P1101;9. ¿En qué jornada estudia ...?;No aplica (NA);;No;NUMBER;22;"1. Mañana
2. Tarde
3. Noche 
4. Única o completa
5. Fin de semana";"1. Debe tener información cuando P8586=1 y P1088< 5
2. Debe aceptar valores de 1 a 5";;Recolectada/Acopiada;Publicación no anonimizada;Encuesta Nacional de Calidad de Vida (ECV)
CAP_G;DBF_ENCV_592_4;G. EDUCACIÓN;P19_G1;P3336;10. ¿En qué modalidad(es) o a través de qué medio(s) se encuentra estudiando ... actualmente?;No aplica (NA);;No;NUMBER;1;;Pertenece al titulo de la pregunta, no guarda ningún dato;;Recolectada/Acopiada;Publicación no anonimizada;Encuesta Nacional de Calidad de Vida (ECV)
CAP_G;DBF_ENCV_592_4;G. EDUCACIÓN;P20_G1;P3336S1;1. Presencial;No aplica (NA);;No;NUMBER;22;"1. Sí
2. No";"1. Debe tener información cuando P6001=1 y P6040> 4 y P8586=1
2. Debe existir al menos una opción con 1 de P3336S1, P3336S2, P3336S3 ó P3336S7
3. Debe aceptar valor 1 ó 2";;Recolectada/Acopiada;Publicación no anonimizada;Encuesta Nacional de Calidad de Vida (ECV)
CAP_G;DBF_ENCV_592_4;G. EDUCACIÓN;P21_G1;P3336S2;2. Virtual (a través de internet en computador de escritorio, portátil, tableta o celular);No aplica (NA);;No;NUMBER;22;"1. Sí
2. No";"1. Debe tener información cuando P6001=1 y P6040> 4 y P8586=1
2. Debe existir al menos una opción con 1 de P3336S1, P3336S2, P3336S3 ó P3336S7
3. Debe aceptar valor 1 ó 2";;Recolectada/Acopiada;Publicación no anonimizada;Encuesta Nacional de Calidad de Vida (ECV)
CAP_G;DBF_ENCV_592_4;G. EDUCACIÓN;P22_G1;P3336S3;3. Alternancia entre presencial y virtual;No aplica (NA);;No;NUMBER;22;"1. Sí
2. No";"1. Debe tener información cuando P6001=1 y P6040> 4 y P8586=1
2. Debe existir al menos una opción con 1 de P3336S1, P3336S2, P3336S3 ó P3336S7
3. Debe aceptar valor 1 ó 2";;Recolectada/Acopiada;Publicación no anonimizada;Encuesta Nacional de Calidad de Vida (ECV)
CAP_G;DBF_ENCV_592_4;G. EDUCACIÓN;P23_G1;P3336S7;4. Otro;No aplica (NA);;No;NUMBER;22;"1. Sí
2. No";"1. Debe tener información cuando P6001=1 y P6040> 4 y P8586=1
2. Debe existir al menos una opción con 1 de P3336S1, P3336S2, P3336S3 ó P3336S7
3. Debe aceptar valor 1 ó 2";;Recolectada/Acopiada;Publicación no anonimizada;Encuesta Nacional de Calidad de Vida (ECV)
CAP_G;DBF_ENCV_592_4;G. EDUCACIÓN;P25_G1;P3514;11. El establecimiento educativo se localiza en:;No aplica (NA);;No;NUMBER;10;"1. Este municipio      
2. Otro municipio";"1. Debe tener información cuando P3336S1=1 ó P3336S3=1  ó P3336S7= 1
2. Debe aceptar valor 1 ó 2";;Recolectada/Acopiada;Publicación no anonimizada;Encuesta Nacional de Calidad de Vida (ECV)
CAP_G;DBF_ENCV_592_4;G. EDUCACIÓN;P26_G1;P3514S1;Departamento;No aplica (NA);;No;NUMBER;10;;"1. Debe tener información cuando P3514=2
2. Debe tener un código de Departamento de Divipola";;Recolectada/Acopiada;Publicación no anonimizada;Encuesta Nacional de Calidad de Vida (ECV)
CAP_G;DBF_ENCV_592_4;G. EDUCACIÓN;P27_G1;P3514S2;Municipio;No aplica (NA);;No;NUMBER;10;;"1. Debe tener información cuando P3514=2
2. Debe tener un código de Municipio de Divipola";;Recolectada/Acopiada;Publicación no anonimizada;Encuesta Nacional de Calidad de Vida (ECV)
CAP_G;DBF_ENCV_592_4;G. EDUCACIÓN;P28_G1;P6223;11A. Este establecimiento está ubicado en:;No aplica (NA);;No;NUMBER;22;"1. Un centro urbano donde está la alcaldía municipal      
2. Corregimiento, inspección de policía o caserío      
3. Vereda o campo";"1. Debe tener información cuando P3336S1= 1 ó P3336S3=1
2. Debe aceptar valores de 1 a 3";;Recolectada/Acopiada;Publicación no anonimizada;Encuesta Nacional de Calidad de Vida (ECV)
CAP_G;DBF_ENCV_592_4;G. EDUCACIÓN;P29_G1;P4693;12. ¿Qué medio de transporte utiliza principalmente ... para ir a la institución a la que asiste?;No aplica (NA);;No;NUMBER;22;"1. Vehículo particular
2. Transporte escolar (ruta escolar)
3. Transporte público
4. A pie
5. Bicicleta
6. Caballo, mula
7. Lancha, planchón, canoa
8. Otro";"1. Debe tener información cuando P3336S1= 1 ó P3336S3=1
2. Debe aceptar valores de 1 a 8";;Recolectada/Acopiada;Publicación no anonimizada;Encuesta Nacional de Calidad de Vida (ECV)
CAP_G;DBF_ENCV_592_4;G. EDUCACIÓN;P30_G1;P6167;13. ¿Cuántos minutos gasta para ir a la institución a la que asiste?  ;No aplica (NA);;No;NUMBER;22;;"1. Debe tener información cuando P3336S1= 1 ó P3336S3=1
2. Debe aceptar valores entre 5 y 180";;Recolectada/Acopiada;Publicación no anonimizada;Encuesta Nacional de Calidad de Vida (ECV)
CAP_G;DBF_ENCV_592_4;G. EDUCACIÓN;P31_G1;P6180;14. ¿Recibe ... en el plantel educativo alimentos (desayunos, refrigerios, almuerzos) en forma gratuita o por un pago simbólico?;No aplica (NA);;No;NUMBER;22;"1. Sí
2. No";"1. Debe tener información cuando P3336S1= 1 ó P3336S3=1
2. Debe aceptar valor  1 ó 2";;Recolectada/Acopiada;Publicación no anonimizada;Encuesta Nacional de Calidad de Vida (ECV)
CAP_G;DBF_ENCV_592_4;G. EDUCACIÓN;P32_G1;P6180S1;a. ¿Valor que paga DIARIO?;No aplica (NA);;No;NUMBER;22;;"1. Debe tener información cuando P6180=1
2. Debe aceptar valores entre 100 y 5.000 ó 0 ó 99";;Recolectada/Acopiada;Publicación no anonimizada;Encuesta Nacional de Calidad de Vida (ECV)
CAP_G;DBF_ENCV_592_4;G. EDUCACIÓN;P33_G1;P6180S2;b.  Si lo tuviera que comprar en otra  parte, ¿cuánto pagaría al día por lo que recibe?;No aplica (NA);;No;NUMBER;22;;"1. Debe tener información cuando P6180=1
2. Debe aceptar valores entre 200 y 15.000. Debe ser mayor a P6180S1";;Recolectada/Acopiada;Publicación no anonimizada;Encuesta Nacional de Calidad de Vida (ECV)
CAP_G;DBF_ENCV_592_4;G. EDUCACIÓN;P34_G1;P3337;15. ¿... tuvo comunicación con sus maestros la semana pasada?;No aplica (NA);;No;NUMBER;22;"1. Sí
2. No";"1. Debe tener información cuando P8586=1 y P1088< 5
2. Debe aceptar valor 1 ó 2";;Recolectada/Acopiada;Publicación no anonimizada;Encuesta Nacional de Calidad de Vida (ECV)
CAP_G;DBF_ENCV_592_4;G. EDUCACIÓN;P35_G1;P3339;16.  ¿Cuál(es) medio(s) utiliza ... para comunicarse con sus maestros?;No aplica (NA);;No;NUMBER;22;;Pertenece al titulo de la pregunta, no guarda ningún dato;;Recolectada/Acopiada;Publicación no anonimizada;Encuesta Nacional de Calidad de Vida (ECV)
CAP_G;DBF_ENCV_592_4;G. EDUCACIÓN;P36_G1;P3339S1;1. Mensaje de texto;No aplica (NA);;No;NUMBER;22;"1. Sí
2. No";"1. Debe tener información cuando P8586=1 y P1088< 5
2. Debe aceptar valor 1 ó 2
2. Debe existir al menos una opción con 1 de P3339S1, P3339S2, P3339S3, P3339S4, P3339S5, P3339S7 ó P3339S6";;Recolectada/Acopiada;Publicación no anonimizada;Encuesta Nacional de Calidad de Vida (ECV)
CAP_G;DBF_ENCV_592_4;G. EDUCACIÓN;P37_G1;P3339S2;2. Correo electrónico;No aplica (NA);;No;NUMBER;22;"1. Sí
2. No";"1. Debe tener información cuando P8586=1 y P1088< 5
2. Debe aceptar valor 1 ó 2
2. Debe existir al menos una opción con 1 de P3339S1, P3339S2, P3339S3, P3339S4, P3339S5, P3339S7 ó P3339S6";;Recolectada/Acopiada;Publicación no anonimizada;Encuesta Nacional de Calidad de Vida (ECV)
CAP_G;DBF_ENCV_592_4;G. EDUCACIÓN;P38_G1;P3339S3;3. Teléfono (llamadas de voz);No aplica (NA);;No;NUMBER;22;"1. Sí
2. No";"1. Debe tener información cuando P8586=1 y P1088< 5
2. Debe aceptar valor 1 ó 2
2. Debe existir al menos una opción con 1 de P3339S1, P3339S2, P3339S3, P3339S4, P3339S5, P3339S7 ó P3339S6";;Recolectada/Acopiada;Publicación no anonimizada;Encuesta Nacional de Calidad de Vida (ECV)
CAP_G;DBF_ENCV_592_4;G. EDUCACIÓN;P39_G1;P3339S4;4. Aplicaciones en línea (videoconferencias en Zoom, Microsoft Teams, Skype, Google Meet, WebEx, Classroom, Integra, Google for Education, Aprender Digital contenido para todos);No aplica (NA);;No;NUMBER;22;"1. Sí
2. No";"1. Debe tener información cuando P8586=1 y P1088< 5
2. Debe aceptar valor 1 ó 2
2. Debe existir al menos una opción con 1 de P3339S1, P3339S2, P3339S3, P3339S4, P3339S5, P3339S7 ó P3339S6";;Recolectada/Acopiada;Publicación no anonimizada;Encuesta Nacional de Calidad de Vida (ECV)
CAP_G;DBF_ENCV_592_4;G. EDUCACIÓN;P40_G1;P3339S5;5. Whatsapp;No aplica (NA);;No;NUMBER;22;"1. Sí
2. No";"1. Debe tener información cuando P8586=1 y P1088< 5
2. Debe aceptar valor 1 ó 2
2. Debe existir al menos una opción con 1 de P3339S1, P3339S2, P3339S3, P3339S4, P3339S5, P3339S7 ó P3339S6";;Recolectada/Acopiada;Publicación no anonimizada;Encuesta Nacional de Calidad de Vida (ECV)
CAP_G;DBF_ENCV_592_4;G. EDUCACIÓN;P41_G1;P3339S7;6. Interacción personal;No aplica (NA);;No;NUMBER;22;"1. Sí
2. No";"1. Debe tener información cuando P8586=1 y P1088< 5
2. Debe aceptar valor 1 ó 2
2. Debe existir al menos una opción con 1 de P3339S1, P3339S2, P3339S3, P3339S4, P3339S5, P3339S7 ó P3339S6";;Recolectada/Acopiada;Publicación no anonimizada;Encuesta Nacional de Calidad de Vida (ECV)
CAP_G;DBF_ENCV_592_4;G. EDUCACIÓN;P42_G1;P3339S6;7. Otro;No aplica (NA);;No;NUMBER;22;"1. Sí
2. No";"1. Debe tener información cuando P8586=1 y P1088< 5
2. Debe aceptar valor 1 ó 2
2. Debe existir al menos una opción con 1 de P3339S1, P3339S2, P3339S3, P3339S4, P3339S5, P3339S7 ó P3339S6";;Recolectada/Acopiada;Publicación no anonimizada;Encuesta Nacional de Calidad de Vida (ECV)
CAP_G;DBF_ENCV_592_4;G. EDUCACIÓN;P44_G1;P3341;"17. Durante este AÑO ESCOLAR el hogar pagó:
¿Matriculas para ...?";No aplica (NA);;No;NUMBER;22;"1. Sí
2. No";"1. Debe tener información cuando P6001=1 y P6040>4 y P8586=1
2. Debe aceptar valor 1 ó 2";;Recolectada/Acopiada;Publicación no anonimizada;Encuesta Nacional de Calidad de Vida (ECV)
CAP_G;DBF_ENCV_592_4;G. EDUCACIÓN;P45_G1;P3341S1;17a. Valor;No aplica (NA);;No;NUMBER;22;;"1. Debe tener información cuando P3341=1
2. Debe aceptar valores entre 1.000 y 25'000.000 ó 99";;Recolectada/Acopiada;Publicación no anonimizada;Encuesta Nacional de Calidad de Vida (ECV)
CAP_G;DBF_ENCV_592_4;G. EDUCACIÓN;P46_G1;P3342;"18. Durante este AÑO ESCOLAR el hogar pagó:
¿Uniformes para ...?";No aplica (NA);;No;NUMBER;22;"1. Sí
2. No";"1. Debe tener información cuando P6001=1 y P6040>4 y P8586=1
2. Debe aceptar valor 1 ó 2";;Recolectada/Acopiada;Publicación no anonimizada;Encuesta Nacional de Calidad de Vida (ECV)
CAP_G;DBF_ENCV_592_4;G. EDUCACIÓN;P47_G1;P3342S1;18a. Valor;No aplica (NA);;No;NUMBER;22;;"1. Debe tener información cuando P3342=1
2. Debe aceptar valores entre 5.000 y 3'000.000 ó 99 ó 98";;Recolectada/Acopiada;Publicación no anonimizada;Encuesta Nacional de Calidad de Vida (ECV)
CAP_G;DBF_ENCV_592_4;G. EDUCACIÓN;P48_G1;P3343;"19. Durante este AÑO ESCOLAR el hogar pagó:
¿Lista de útiles escolares, compra o alquiler de textos para ...?";No aplica (NA);;No;NUMBER;22;"1. Sí
2. No";"1. Debe tener información cuando P6001=1 y P6040>4 y P8586=1
2. Debe aceptar valor 1 ó 2";;Recolectada/Acopiada;Publicación no anonimizada;Encuesta Nacional de Calidad de Vida (ECV)
CAP_G;DBF_ENCV_592_4;G. EDUCACIÓN;P49_G1;P3343S1;19a. Valor;No aplica (NA);;No;NUMBER;22;;"1. Debe tener información cuando P3343=1
2. Debe aceptar valores entre 10.000 y 5'000.000 ó 99 ó 98";;Recolectada/Acopiada;Publicación no anonimizada;Encuesta Nacional de Calidad de Vida (ECV)
CAP_G;DBF_ENCV_592_4;G. EDUCACIÓN;P50_G1;P3344;"20. El hogar paga por:
¿Pensión para ...?";No aplica (NA);;No;NUMBER;22;"1. Sí
2. No";"1. Debe tener información cuando P6001=1 y P6040>4 y P8586=1 y P1088<5
2. Debe aceptar valor 1 ó 2";;Recolectada/Acopiada;Publicación no anonimizada;Encuesta Nacional de Calidad de Vida (ECV)
CAP_G;DBF_ENCV_592_4;G. EDUCACIÓN;P51_G1;P3344S1;20a. Valor Mensual;No aplica (NA);;No;NUMBER;22;;"1. Debe tener información cuando P3344=1
2. Debe aceptar valores entre 2.000 y 5'000.000 ó 99";;Recolectada/Acopiada;Publicación no anonimizada;Encuesta Nacional de Calidad de Vida (ECV)
CAP_G;DBF_ENCV_592_4;G. EDUCACIÓN;P52_G1;P3345;"21. El hogar paga por:
¿Transporte escolar para ...?";No aplica (NA);;No;NUMBER;22;"1. Sí
2. No";"1. Debe tener información cuando P6001=1 y P6040>4 y P8586=1 y P1088<5
2. Debe aceptar valor 1 ó 2";;Recolectada/Acopiada;Publicación no anonimizada;Encuesta Nacional de Calidad de Vida (ECV)
CAP_G;DBF_ENCV_592_4;G. EDUCACIÓN;P53_G1;P3345S1;21a. Valor Mensual;No aplica (NA);;No;NUMBER;22;;"1. Debe tener información cuando P3345=1
2. Debe aceptar valores entre 2.000 y 1'000.000 ó 99 ó 98";;Recolectada/Acopiada;Publicación no anonimizada;Encuesta Nacional de Calidad de Vida (ECV)
CAP_G;DBF_ENCV_592_4;G. EDUCACIÓN;P54_G1;P3346;"22. El hogar paga por:
¿Alimentación en el establecimiento educativo para ...?";No aplica (NA);;No;NUMBER;22;"1. Sí
2. No";"1. Debe tener información cuando P6001=1 y P6040>4 y P8586=1 y P1088<5
2. Debe aceptar valor 1 ó 2";;Recolectada/Acopiada;Publicación no anonimizada;Encuesta Nacional de Calidad de Vida (ECV)
CAP_G;DBF_ENCV_592_4;G. EDUCACIÓN;P55_G1;P3346S1;22a. Valor Mensual;No aplica (NA);;No;NUMBER;22;;"1. Debe tener información cuando P3346=1
2. Debe aceptar valores entre 1.000 y 500.000 ó 99 ó 98";;Recolectada/Acopiada;Publicación no anonimizada;Encuesta Nacional de Calidad de Vida (ECV)
CAP_G;DBF_ENCV_592_4;G. EDUCACIÓN;P56_G1;P3347;23. EL MES PASADO,  ¿el hogar gastó en útiles (papel, lápices, cuadernos etc..) material escolar o fotocopias para ...?;No aplica (NA);;No;NUMBER;22;"1. Sí
2. No";"1. Debe tener información cuando P6001=1 y P6040>4 y P8586=1
2. Debe aceptar valor 1 ó 2";;Recolectada/Acopiada;Publicación no anonimizada;Encuesta Nacional de Calidad de Vida (ECV)
CAP_G;DBF_ENCV_592_4;G. EDUCACIÓN;P57_G1;P3347S1;23a. Valor Mensual;No aplica (NA);;No;NUMBER;22;;"1. Debe tener información cuando P3347=1
2. Debe aceptar valores entre 100 y 1'000.000 ó 99";;Recolectada/Acopiada;Publicación no anonimizada;Encuesta Nacional de Calidad de Vida (ECV)
CAP_G;DBF_ENCV_592_4;G. EDUCACIÓN;P58_G1;P3348;24. EL MES PASADO,  el hogar realizó otros pagos como: bingos, salidas pedagógicas, etc. en el establecimiento educativo para ...?;No aplica (NA);;No;NUMBER;22;"1. Sí
2. No";"1. Debe tener información cuando P6001=1 y P6040>4 y P8586=1
2. Debe aceptar valor 1 ó 2";;Recolectada/Acopiada;Publicación no anonimizada;Encuesta Nacional de Calidad de Vida (ECV)
CAP_G;DBF_ENCV_592_4;G. EDUCACIÓN;P59_G1;P3348S1;24a. Valor Mensual;No aplica (NA);;No;NUMBER;22;;"1. Debe tener información cuando P3348=1
2. Debe aceptar valores entre 100 y 1'500.000 ó 99";;Recolectada/Acopiada;Publicación no anonimizada;Encuesta Nacional de Calidad de Vida (ECV)
CAP_G;DBF_ENCV_592_4;G. EDUCACIÓN;P60_G1;P8610;25. Durante este AÑO ESCOLAR, ¿... recibió  beca en dinero o en especie para estudiar?;No aplica (NA);;No;NUMBER;22;"1. Sí
2. No";"1. Debe tener información cuando P6001=1 y P6040>4 y P8586=1
2. Debe aceptar valor 1 ó 2";;Recolectada/Acopiada;Publicación no anonimizada;Encuesta Nacional de Calidad de Vida (ECV)
CAP_G;DBF_ENCV_592_4;G. EDUCACIÓN;P61_G1;P8610S1;Valor $;No aplica (NA);;No;NUMBER;22;;"1. Debe tener información cuando P8610=1
2. Debe aceptar valores entre 5.000 y 20'000.000 ó 99";;Recolectada/Acopiada;Publicación no anonimizada;Encuesta Nacional de Calidad de Vida (ECV)
CAP_G;DBF_ENCV_592_4;G. EDUCACIÓN;P62_G1;P8610S2;Frecuencia;No aplica (NA);;No;NUMBER;22;"1. Mensual
2. Bimensual
3. Semestral
4. Anual";"1. Debe tener información cuando P8610=1
2. Debe aceptar valores entre 1 y 4";;Recolectada/Acopiada;Publicación no anonimizada;Encuesta Nacional de Calidad de Vida (ECV)
CAP_G;DBF_ENCV_592_4;G. EDUCACIÓN;P63_G1;P6229;26. ¿De quién recibió la beca para estudiar?;No aplica (NA);;No;NUMBER;22;"1. De la misma institución educativa
2. Icetex
3. Gobierno nacional o departamental
4. Gobierno distrital o municipal
5. Otra entidad pública
6. Empresa pública donde ud. o un familiar trabajan 
7. Empresa privada donde ud. o un familiar trabajan 
8. Otra entidad privada";"1. Debe tener información cuando P8610=1
2. Debe aceptar valores entre 1 y 8";;Recolectada/Acopiada;Publicación no anonimizada;Encuesta Nacional de Calidad de Vida (ECV)
CAP_G;DBF_ENCV_592_4;G. EDUCACIÓN;P64_G1;P8612;27. Durante este AÑO ESCOLAR, ¿ ... recibió subsidio en dinero o en especie para estudiar?;No aplica (NA);;No;NUMBER;22;"1. Sí
2. No";"1. Debe tener información cuando P6001=1 y P6040>4 y P8586=1
2. Debe aceptar valor 1 ó 2";;Recolectada/Acopiada;Publicación no anonimizada;Encuesta Nacional de Calidad de Vida (ECV)
CAP_G;DBF_ENCV_592_4;G. EDUCACIÓN;P65_G1;P8612S1;Valor ($);No aplica (NA);;No;NUMBER;22;;"1. Debe tener información cuando P8612=1
2. Debe aceptar valores entre 5.000 y 20'000.000 ó 99";;Recolectada/Acopiada;Publicación no anonimizada;Encuesta Nacional de Calidad de Vida (ECV)
CAP_G;DBF_ENCV_592_4;G. EDUCACIÓN;P66_G1;P8612S2;Frecuencia;No aplica (NA);;No;NUMBER;22;"1.  Mensual
2. Bimensual
3. Semestral
4. Anual";"1. Debe tener información cuando P8612=1
2. Debe aceptar valores entre 1 y 4";;Recolectada/Acopiada;Publicación no anonimizada;Encuesta Nacional de Calidad de Vida (ECV)
CAP_G;DBF_ENCV_592_4;G. EDUCACIÓN;P67_G1;P6238;28. ¿De quién recibió el subsidio para estudiar?;No aplica (NA);;No;NUMBER;22;"1. Icetex
2. Gobierno nacional o departamental
4. Gobierno distrital o municipal
5. Otra entidad publica
6. Empresa pública donde usted o un familiar trabaja
7. Empresa privada donde usted o un familiar trabaja
8. Otra entidad privada";"1. Debe tener información cuando P8612=1
2. Debe aceptar valores entre 1 y 8";;Recolectada/Acopiada;Publicación no anonimizada;Encuesta Nacional de Calidad de Vida (ECV)
CAP_G;DBF_ENCV_592_4;G. EDUCACIÓN;P68_G1;P8614;29. Durante este AÑO ESCOLAR ,¿... ha recibido crédito educativo?;No aplica (NA);;No;NUMBER;22;"1. Sí
2. No";"1. Debe tener información cuando P6001=1 y P6040>4 y P8586=1
2. Debe aceptar valor 1 ó 2";;Recolectada/Acopiada;Publicación no anonimizada;Encuesta Nacional de Calidad de Vida (ECV)
CAP_G;DBF_ENCV_592_4;G. EDUCACIÓN;P69_G1;P8614S1;Valor ($);No aplica (NA);;No;NUMBER;22;;"1. Debe tener información cuando P8614=1
2. Debe aceptar valores entre 50.000 y 20'000.000 ó 99";;Recolectada/Acopiada;Publicación no anonimizada;Encuesta Nacional de Calidad de Vida (ECV)
CAP_G;DBF_ENCV_592_4;G. EDUCACIÓN;P71_G1;P8614S2;Frecuencia;No aplica (NA);;No;NUMBER;22;"1. Mensual
2. Bimensual
3. Semestral
4. Anual";"1. Debe tener información cuando P8614=1
2. Debe aceptar valores entre 1 y 4";;Recolectada/Acopiada;Publicación no anonimizada;Encuesta Nacional de Calidad de Vida (ECV)
CAP_G;DBF_ENCV_592_4;G. EDUCACIÓN;P72_G1;P6202;30. ¿Quién le concedió el crédito educativo?;No aplica (NA);;No;NUMBER;22;"1. Icetex
2. Fondo Nacional del Ahorro
3. Banco o corporación
4. Otra entidad pública
5. Establecimiento educativo
6. Fundación (ONG)
7. Cooperativa
8. Otra entidad";"1. Debe tener información cuando P8614=1
2. Debe aceptar valores entre 1 y 8";;Recolectada/Acopiada;Publicación no anonimizada;Encuesta Nacional de Calidad de Vida (ECV)
CAP_G;DBF_ENCV_592_4;G. EDUCACIÓN;P74_G1;P781;31. ¿Con quién permanece ... después de asistir al establecimiento educativo o durante la mayor parte del tiempo entre semana?;No aplica (NA);;No;NUMBER;22;"1. Una persona de este hogar
2. Una persona de otro hogar
3. Una institución
4. Permanece solo";"1. Debe tener información cuando P6040> 4  y P6040< 18
2. Debe aceptar valores de 1 a 4";;Recolectada/Acopiada;Publicación no anonimizada;Encuesta Nacional de Calidad de Vida (ECV)
CAP_G;DBF_ENCV_592_4;G. EDUCACIÓN;P75_G1;P781S1;No. de orden;No aplica (NA);;No;VARCHAR2;250;;"1. Debe tener información cuando P781=1
2. Debe ser menor a P205 tabla DBF_ENCV_591_1";;Recolectada/Acopiada;Publicación no anonimizada;Encuesta Nacional de Calidad de Vida (ECV)
CAP_G;DBF_ENCV_592_4;G. EDUCACIÓN;P76_G1;P781S2;Sexo:;No aplica (NA);;No;NUMBER;22;"1. Hombre
2. Mujer";"1. Debe tener información cuando P781=2
2. Debe aceptar valor 1 ó 2";;Recolectada/Acopiada;Publicación no anonimizada;Encuesta Nacional de Calidad de Vida (ECV)
CAP_G;DBF_ENCV_592_4;G. EDUCACIÓN;P77_G1;P782;32. ¿Cuántos años tiene esta persona?;No aplica (NA);;No;NUMBER;22;;"1. Debe tener información cuando P781=2
2. Debe aceptar valores entre 5 y 90 ó 99";;Recolectada/Acopiada;Publicación no anonimizada;Encuesta Nacional de Calidad de Vida (ECV)
CAP_G;DBF_ENCV_592_4;G. EDUCACIÓN;P78_G1;P783;33. ¿Cuál es el nivel educativo de esta persona?;No aplica (NA);;No;NUMBER;22;"1. Algunos años de primaria
2. Toda la primaria
3. Algunos años de secundaria
4. Toda la secundaria
5. Uno o más años de técnica o tecnológica
6. Técnica o tecnológica completa
7. Uno o más años de universidad
8. Universitaria completa
9. Ninguno
10.No sabe";"1. Debe tener información cuando P781=2
2. Debe aceptar valores entre 1 y 10";;Recolectada/Acopiada;Publicación no anonimizada;Encuesta Nacional de Calidad de Vida (ECV)
CAP_G;DBF_ENCV_592_4;G. EDUCACIÓN;P79_G1;P3004;34. Cuáles de las siguientes actividades realiza _____ fuera de la jornada escolar:;No aplica (NA);;No;NUMBER;22;;Pertenece al titulo de la pregunta, no guarda ningún dato;;Recolectada/Acopiada;Publicación no anonimizada;Encuesta Nacional de Calidad de Vida (ECV)
CAP_G;DBF_ENCV_592_4;G. EDUCACIÓN;P80_G1;P3004S1;1. Participa en cursos, talleres o grupos artísticos (música, teatro, danza, pintura, etc.);No aplica (NA);;No;NUMBER;22;;1. Pregunta de selección múltiple, si tiene información debe ser cuando P6040< 18 y P8586=1 y debe ser 1;;Recolectada/Acopiada;Publicación no anonimizada;Encuesta Nacional de Calidad de Vida (ECV)
CAP_G;DBF_ENCV_592_4;G. EDUCACIÓN;P81_G1;P3004S2;2. Participa en cursos, talleres o gruposde ciencia y tecnología (computación, botánica, robótica, etc.);No aplica (NA);;No;NUMBER;22;;1. Pregunta de selección múltiple, si tiene información debe ser cuando P6040< 18 y P8586=1 y debe ser 1;;Recolectada/Acopiada;Publicación no anonimizada;Encuesta Nacional de Calidad de Vida (ECV)
CAP_G;DBF_ENCV_592_4;G. EDUCACIÓN;P82_G1;P3004S3;3. Asiste a cursos, prácticas o escuelas deportivas (futbol, gimnasia, natación, tenis, atletismo, etc.);No aplica (NA);;No;NUMBER;22;;1. Pregunta de selección múltiple, si tiene información debe ser cuando P6040< 18 y P8586=1 y debe ser 1;;Recolectada/Acopiada;Publicación no anonimizada;Encuesta Nacional de Calidad de Vida (ECV)
CAP_G;DBF_ENCV_592_4;G. EDUCACIÓN;P83_G1;P3004S4;4. Participa en grupos de estudio;No aplica (NA);;No;NUMBER;22;;1. Pregunta de selección múltiple, si tiene información debe ser cuando P6040< 18 y P8586=1 y debe ser 1;;Recolectada/Acopiada;Publicación no anonimizada;Encuesta Nacional de Calidad de Vida (ECV)
CAP_G;DBF_ENCV_592_4;G. EDUCACIÓN;P84_G1;P3004S5;5.Sale al parque;No aplica (NA);;No;NUMBER;22;;1. Pregunta de selección múltiple, si tiene información debe ser cuando P6040< 18 y P8586=1 y debe ser 1;;Recolectada/Acopiada;Publicación no anonimizada;Encuesta Nacional de Calidad de Vida (ECV)
CAP_G;DBF_ENCV_592_4;G. EDUCACIÓN;P85_G1;P3004S6;6.Lee libros;No aplica (NA);;No;NUMBER;22;;1. Pregunta de selección múltiple, si tiene información debe ser cuando P6040< 18 y P8586=1 y debe ser 1;;Recolectada/Acopiada;Publicación no anonimizada;Encuesta Nacional de Calidad de Vida (ECV)
CAP_G;DBF_ENCV_592_4;G. EDUCACIÓN;P86_G1;P3004S7;7.Juega;No aplica (NA);;No;NUMBER;22;;1. Pregunta de selección múltiple, si tiene información debe ser cuando P6040< 18 y P8586=1 y debe ser 1;;Recolectada/Acopiada;Publicación no anonimizada;Encuesta Nacional de Calidad de Vida (ECV)
CAP_G;DBF_ENCV_592_4;G. EDUCACIÓN;P87_G1;P3004S8;8.Ninguna de las anteriores;No aplica (NA);;No;NUMBER;22;;"1. Pregunta de selección múltiple, si tiene información debe ser cuando P6040< 18 y P8586=1 y debe ser 1
2. Si selección P3004S8=1 No pueden tener 1 en P3004S1, P3004S2, P3004S3, P3004S4, P3004S5, P3004S6 ó P3004S7";;Recolectada/Acopiada;Publicación no anonimizada;Encuesta Nacional de Calidad de Vida (ECV)
CAP_H;DBF_ENCV_592_5;H. FUERZA DE TRABAJO;P01_H1;DIRECTORIO;DIRECTORIO;Llave Foránea (FK);DBF_ENCV_592_1;Si;NUMBER;22;;1. Siempre debe tener información;;Recolectada/Acopiada;Publicación no anonimizada;Encuesta Nacional de Calidad de Vida (ECV)
CAP_H;DBF_ENCV_592_5;H. FUERZA DE TRABAJO;P02_H1;SECUENCIA_ENCUESTA;Número de persona dentro del hogar;Llave Foránea (FK);DBF_ENCV_592_1;Si;NUMBER;22;;1. Siempre debe tener información;;Recolectada/Acopiada;Publicación no anonimizada;Encuesta Nacional de Calidad de Vida (ECV)
CAP_H;DBF_ENCV_592_5;H. FUERZA DE TRABAJO;P03_H1;SECUENCIA_P;Número de hogar dentro de la vivienda;Llave Foránea (FK);DBF_ENCV_592_1;Si;NUMBER;22;;1. Siempre debe tener información;;Recolectada/Acopiada;Publicación no anonimizada;Encuesta Nacional de Calidad de Vida (ECV)
CAP_H;DBF_ENCV_592_5;H. FUERZA DE TRABAJO;P04_H1;ORDEN;Número de persona dentro del hogar;Llave Foránea (FK);DBF_ENCV_592_1;Si;NUMBER;22;;1. Siempre debe tener información;;Recolectada/Acopiada;Publicación no anonimizada;Encuesta Nacional de Calidad de Vida (ECV)
CAP_H;DBF_ENCV_592_5;H. FUERZA DE TRABAJO;P05_H1;FEX_C;Factor de expansión ;No aplica (NA);;Sí;NUMBER;22;;;;Nueva;Publicación no anonimizada;Encuesta Nacional de Calidad de Vida (ECV)
CAP_H;DBF_ENCV_592_5;H. FUERZA DE TRABAJO;P06_H1;P6230;1. Registre el número de orden de la persona que suministra la información.;No aplica (NA);;No;NUMBER;22;;"1. Debe tener información cuando P6001= y P6040>11
2. No puede ser mayor a P205 tabla DBF_ENCV_591_1";;Recolectada/Acopiada;Publicación no anonimizada;Encuesta Nacional de Calidad de Vida (ECV)
CAP_H;DBF_ENCV_592_5;H. FUERZA DE TRABAJO;P07_H1;P6240;2. ¿En qué actividad ocupó ... la mayor parte del tiempo la SEMANA PASADA? (Espere respuesta);No aplica (NA);;No;NUMBER;22;"1. Trabajando
2. Buscando trabajo
3. Estudiando
4. Oficios del hogar
5. Incapacitado permanente para trabajar
6. Otra actividad";"1. Debe tener información cuando P6001= y P6040>11
2. Debe aceptar valores entre 1 y 6";;Recolectada/Acopiada;Publicación no anonimizada;Encuesta Nacional de Calidad de Vida (ECV)
CAP_H;DBF_ENCV_592_5;H. FUERZA DE TRABAJO;P09_H1;P6250;3. Además de lo anterior, ¿… realizó LA SEMANA PASADA alguna actividad paga por una hora o más?;No aplica (NA);;No;NUMBER;22;"1. Sí
2. No";"1. Debe tener información cuando P6240!=1 and P6240!=5
2. Debe aceptar valor 1 ó 2";;Recolectada/Acopiada;Publicación no anonimizada;Encuesta Nacional de Calidad de Vida (ECV)
CAP_H;DBF_ENCV_592_5;H. FUERZA DE TRABAJO;P10_H1;P6260;4. Aunque ... no trabajó LA SEMANA PASADA, por una HORA O  MÁS  en forma remunerada, ¿tenía durante esa semana algún trabajo o negocio por el que recibe ingresos?;No aplica (NA);;No;NUMBER;22;"1. Sí
2. No";"1. Debe tener información cuando P6250=2
2. Debe aceptar valor 1 ó 2";;Recolectada/Acopiada;Publicación no anonimizada;Encuesta Nacional de Calidad de Vida (ECV)
CAP_H;DBF_ENCV_592_5;H. FUERZA DE TRABAJO;P11_H1;P6270;5. ¿... trabajó LA SEMANA PASADA en un negocio por UNA HORA O MÁS sin que le pagaran?;No aplica (NA);;No;NUMBER;22;"1. Sí
2. No";"1. Debe tener información cuando P6260=2
2. Debe aceptar valor 1 ó 2";;Recolectada/Acopiada;Publicación no anonimizada;Encuesta Nacional de Calidad de Vida (ECV)
CAP_H;DBF_ENCV_592_5;H. FUERZA DE TRABAJO;P12_H1;P6280;6. En las ÚLTIMAS 4 SEMANAS, ¿... hizo alguna diligencia para conseguir un trabajo o instalar un negocio?;No aplica (NA);;No;NUMBER;22;"1. Sí
2. No";"1. Debe tener información cuando P6270=2
2. Debe aceptar valor 1 ó 2";;Recolectada/Acopiada;Publicación no anonimizada;Encuesta Nacional de Calidad de Vida (ECV)
CAP_H;DBF_ENCV_592_5;H. FUERZA DE TRABAJO;P13_H1;P6300;7. ¿Desea ... conseguir un trabajo remunerado o instalar un negocio?;No aplica (NA);;No;NUMBER;22;"1. Sí
2. No";"1. Debe tener información cuando P6280=2
2. Debe aceptar valor 1 ó 2";;Recolectada/Acopiada;Publicación no anonimizada;Encuesta Nacional de Calidad de Vida (ECV)
CAP_H;DBF_ENCV_592_5;H. FUERZA DE TRABAJO;P14_H1;P6320;8. Durante los últimos 12 MESES, ¿... trabajó por lo menos 2 semanas consecutivas?;No aplica (NA);;No;NUMBER;22;"1. Sí
2. No";"1. Debe tener información cuando P6300= 1
2. Debe aceptar valor 1 ó 2";;Recolectada/Acopiada;Publicación no anonimizada;Encuesta Nacional de Calidad de Vida (ECV)
CAP_H;DBF_ENCV_592_5;H. FUERZA DE TRABAJO;P15_H1;P6330;9. Después de su último empleo, ¿... ha hecho alguna diligencia para conseguir trabajo o instalar un negocio?;No aplica (NA);;No;NUMBER;22;"1. Sí
2. No";"1. Debe tener información cuando P6320=1
2. Debe aceptar valor 1 ó 2";;Recolectada/Acopiada;Publicación no anonimizada;Encuesta Nacional de Calidad de Vida (ECV)
CAP_H;DBF_ENCV_592_5;H. FUERZA DE TRABAJO;P16_H1;P6340;10. Durante los últimos 12 MESES, ¿... ha hecho alguna diligencia para conseguir trabajo o instalar un negocio?;No aplica (NA);;No;NUMBER;22;"1. Sí
2. No";"1. Debe tener información cuando P6320=2
2. Debe aceptar valor 1 ó 2";;Recolectada/Acopiada;Publicación no anonimizada;Encuesta Nacional de Calidad de Vida (ECV)
CAP_H;DBF_ENCV_592_5;H. FUERZA DE TRABAJO;P17_H1;P6351;11. Si le hubiera resultado algún trabajo a ..., ¿estaba disponible LA SEMANA PASADA para empezar a trabajar?;No aplica (NA);;No;NUMBER;22;"1. Sí
2. No";"1. Debe tener información cuando P6280=1 ó (P6280=2 y P6320=2 y P6340=1) ó (P6280=2 y P6320=1 y P6330=1)
2. Debe aceptar valor 1 ó 2";;Recolectada/Acopiada;Publicación no anonimizada;Encuesta Nacional de Calidad de Vida (ECV)
CAP_H;DBF_ENCV_592_5;H. FUERZA DE TRABAJO;P19_H1;P6370S2; ¿Qué hace ... en este trabajo? Código;No aplica (NA);;No;NUMBER;22;;"1. Debe tener información cuando P6370 is not null
2. Debe tener un código del listado de Trabajo";;Recolectada/Acopiada;Publicación no anonimizada;Encuesta Nacional de Calidad de Vida (ECV)
CAP_H;DBF_ENCV_592_5;H. FUERZA DE TRABAJO;P22_H1;P6390S2; ¿A qué actividad se dedica principalmente la empresa o negocio  en la que ... realiza su trabajo? Código;No aplica (NA);;No;NUMBER;22;;"1. Debe tener información cuando P6390 is not null
2. Debe tener un código de la pestaña ACTIVIDADES";;Recolectada/Acopiada;Publicación no anonimizada;Encuesta Nacional de Calidad de Vida (ECV)
CAP_H;DBF_ENCV_592_5;H. FUERZA DE TRABAJO;P23_H1;P6435;15. En este trabajo ... es:;No aplica (NA);;No;NUMBER;22;"1. Obrero o empleado de empresa particular
2. Obrero o empleado del gobierno
3. Empleado doméstico
4. Profesional independiente
5. Trabajador independiente o por cuenta propia
6. Patrón o empleador
7. Trabajador de finca, tierra o parcela PROPIA, EN ARRIENDO, APARCERÍA, USUFRUCTO O POSESIÓN
8. Trabajador sin remuneración
9. Ayudante sin remuneración (hijo o familiar de empleados doméstico, mayordomos, jormaleros, et)
10. Jornalero o peón";"1. Debe tener información cuando P6240=1 ó (P6240= 2 ó P6240= 3 ó P6240= 4 ó P6240= 6) y (P6250=1 ó P6260=1 ó P6270=1)
2. Debe aceptar valores entre 1 y 10";;Recolectada/Acopiada;Publicación no anonimizada;Encuesta Nacional de Calidad de Vida (ECV)
CAP_H;DBF_ENCV_592_5;H. FUERZA DE TRABAJO;P24_H1;P6440;16. ¿Para realizar este trabajo tiene ... algún tipo de contrato?;No aplica (NA);;No;NUMBER;22;"1. Sí
2. No";"1. Debe tener información cuando P6435=4  ó P6435=5
2. Debe aceptar valor 1 ó 2";;Recolectada/Acopiada;Publicación no anonimizada;Encuesta Nacional de Calidad de Vida (ECV)
CAP_H;DBF_ENCV_592_5;H. FUERZA DE TRABAJO;P25_H1;P6450;17. ¿Qué tipo de contrato tiene, verbal o escrito?;No aplica (NA);;No;NUMBER;22;"1. Verbal
2. Escrito";"1. Debe tener información cuando (P6435=1  ó P6435=2 ó P6435=3 ó P6435=10) ó ((P6435= 4 ó P6435=5) y P6440=1)
2. Debe aceptar valor 1 ó 2";;Recolectada/Acopiada;Publicación no anonimizada;Encuesta Nacional de Calidad de Vida (ECV)
CAP_H;DBF_ENCV_592_5;H. FUERZA DE TRABAJO;P26_H1;P6460;18. ¿El contrato de trabajo es a término indefinido o a término fijo?;No aplica (NA);;No;NUMBER;22;"1. A termino Indefinido
2. A termino fijo";"1. Debe tener información cuando (P6435=1  ó P6435=2 ó P6435=3 ó P6435=10) ó ((P6435= 4 ó P6435=5) y P6440=1)
2. Debe aceptar valor 1 ó 2";;Recolectada/Acopiada;Publicación no anonimizada;Encuesta Nacional de Calidad de Vida (ECV)
CAP_H;DBF_ENCV_592_5;H. FUERZA DE TRABAJO;P27_H1;P6460S1; Número de meses;No aplica (NA);;No;NUMBER;22;;"1. Debe tener información cuando P6460=2
2. Debe aceptar valores entre 0 y 100";;Recolectada/Acopiada;Publicación no anonimizada;Encuesta Nacional de Calidad de Vida (ECV)
CAP_H;DBF_ENCV_592_5;H. FUERZA DE TRABAJO;P28_H1;P6990;19. ¿Está afiliado(a) por una empresa o individualmente a una Administradora de Riesgos Laborales (ARL) (por accidentes de trabajo, enfermedad profesional ,etc.)?;No aplica (NA);;No;NUMBER;22;"1. Sí
2. No
9. No sabe, no informa";"1. Debe tener información cuando (P6435=1  ó P6435=2 ó P6435=3 ó P6435=10) ó ((P6435= 4 ó P6435=5) y P6440=1)
2. Debe aceptar valor 1 ó 2 ó 9";;Recolectada/Acopiada;Publicación no anonimizada;Encuesta Nacional de Calidad de Vida (ECV)
CAP_H;DBF_ENCV_592_5;H. FUERZA DE TRABAJO;P29_H1;P6426;20. ¿Cuántos meses lleva trabajando en esta empresa, negocio, industria, oficina, firma o finca de manera continua?;No aplica (NA);;No;NUMBER;22;;"1. Debe tener información cuando (P6435>=1 and  P6435<=3) ó P6435=10
2. Debe aceptar valores entre 0 y 600";;Recolectada/Acopiada;Publicación no anonimizada;Encuesta Nacional de Calidad de Vida (ECV)
CAP_H;DBF_ENCV_592_5;H. FUERZA DE TRABAJO;P30_H1;P8624;21. Antes de descuentos, ¿cuánto ganó ... el MES PASADO en este empleo? (incluya propinas y comisiones y excluya horas extras, viáticos y pagos en especie);No aplica (NA);;No;NUMBER;22;;"1. Debe tener información cuando (P6435>=1 and  P6435<=3) ó P6435=10
2. Debe aceptar valores mayor de 2.000 ó 0 ó 98 ó 99";;Recolectada/Acopiada;Publicación no anonimizada;Encuesta Nacional de Calidad de Vida (ECV)
CAP_H;DBF_ENCV_592_5;H. FUERZA DE TRABAJO;P32_H1;P6595;22. Además del salario en dinero, ¿el MES PASADO ... recibió alimentos como parte de pago por su trabajo?;No aplica (NA);;No;NUMBER;22;"1. Sí
2. No
9. No sabe, no informa";"1. Debe tener información cuando (P6435>=1 and  P6435<=3) ó P6435=10
2. Debe aceptar valor 1 ó 2 ó 9";;Recolectada/Acopiada;Publicación no anonimizada;Encuesta Nacional de Calidad de Vida (ECV)
CAP_H;DBF_ENCV_592_5;H. FUERZA DE TRABAJO;P33_H1;P6595S1;Valor mensual ($);No aplica (NA);;No;NUMBER;22;;"1. Debe tener información cuando P6595=1
2. Debe aceptar valores entre 1.000 y 3'000.000 ó 98";;Recolectada/Acopiada;Publicación no anonimizada;Encuesta Nacional de Calidad de Vida (ECV)
CAP_H;DBF_ENCV_592_5;H. FUERZA DE TRABAJO;P34_H1;P6605;23. Además del salario en dinero, ¿el MES PASADO ... recibió vivienda como parte de pago por su trabajo?;No aplica (NA);;No;NUMBER;22;"1. Sí
2. No
9. No sabe, no informa";"1. Debe tener información cuando (P6435>=1 and  P6435<=3) ó P6435=10
2. Debe aceptar valor 1 ó 2 ó 9";;Recolectada/Acopiada;Publicación no anonimizada;Encuesta Nacional de Calidad de Vida (ECV)
CAP_H;DBF_ENCV_592_5;H. FUERZA DE TRABAJO;P35_H1;P6605S1;Valor mensual ($);No aplica (NA);;No;NUMBER;22;;"1. Debe tener información cuando P6605=1
2. Debe aceptar valores entre 1.000 y 5'000.000 ó 98";;Recolectada/Acopiada;Publicación no anonimizada;Encuesta Nacional de Calidad de Vida (ECV)
CAP_H;DBF_ENCV_592_5;H. FUERZA DE TRABAJO;P36_H1;P6623;24. Además del salario en dinero, ¿el MES PASADO ... recibió otros ingresos en especie por su trabajo  (electrodomésticos, ropa, productos diferentes a alimentos o bonos tipo Sodexho, etc.)?;No aplica (NA);;No;NUMBER;22;"1. Sí
2. No
9. No sabe, no informa";"1. Debe tener información cuando (P6435>=1 and  P6435<=3) ó P6435=10
2. Debe aceptar valor 1 ó 2 ó 9";;Recolectada/Acopiada;Publicación no anonimizada;Encuesta Nacional de Calidad de Vida (ECV)
CAP_H;DBF_ENCV_592_5;H. FUERZA DE TRABAJO;P37_H1;P6623S1;Valor mensual ($);No aplica (NA);;No;NUMBER;22;;"1. Debe tener información cuando P6623=1
2. Debe aceptar valores entre 1.000 y 5'000.000 ó 98";;Recolectada/Acopiada;Publicación no anonimizada;Encuesta Nacional de Calidad de Vida (ECV)
CAP_H;DBF_ENCV_592_5;H. FUERZA DE TRABAJO;P38_H1;P6615;25. ¿Normalmente ... utiliza transporte de la empresa para desplazarse a su trabajo (bus o automóvil) particular u oficial?;No aplica (NA);;No;NUMBER;22;"1. Sí
2. No
9. No sabe, no informa";"1. Debe tener información cuando (P6435>=1 and  P6435<=3) ó P6435=10
2. Debe aceptar valor 1 ó 2 ó 9";;Recolectada/Acopiada;Publicación no anonimizada;Encuesta Nacional de Calidad de Vida (ECV)
CAP_H;DBF_ENCV_592_5;H. FUERZA DE TRABAJO;P39_H1;P6615S1;Valor mensual ($);No aplica (NA);;No;NUMBER;22;;"1. Debe tener información cuando P6615=1
2. Debe aceptar valores entre 1.000 y 2'000.000 ó 98";;Recolectada/Acopiada;Publicación no anonimizada;Encuesta Nacional de Calidad de Vida (ECV)
CAP_H;DBF_ENCV_592_5;H. FUERZA DE TRABAJO;P40_H1;P8626;26. El MES PASADO, ¿... recibió subsidio de alimentación en dinero?;No aplica (NA);;No;NUMBER;22;"1. Sí
2. No
9. No sabe, no informa";"1. Debe tener información cuando (P6435>=1 and  P6435<=3) ó P6435=10
2. Debe aceptar valor 1 ó 2 ó 9";;Recolectada/Acopiada;Publicación no anonimizada;Encuesta Nacional de Calidad de Vida (ECV)
CAP_H;DBF_ENCV_592_5;H. FUERZA DE TRABAJO;P41_H1;P8626S1;Valor mensual ($);No aplica (NA);;No;NUMBER;22;;"1. Debe tener información cuando P8626=1
2. Debe aceptar valores entre 1.000 y 2'000.000 ó 98";;Recolectada/Acopiada;Publicación no anonimizada;Encuesta Nacional de Calidad de Vida (ECV)
CAP_H;DBF_ENCV_592_5;H. FUERZA DE TRABAJO;P42_H1;P8628;27. El MES PASADO ¿... recibió auxilio de transporte en dinero?;No aplica (NA);;No;NUMBER;22;"1. Sí
2. No
9. No sabe, no informa";"1. Debe tener información cuando (P6435>=1 and  P6435<=3) ó P6435=10
2. Debe aceptar valor 1 ó 2 ó 9";;Recolectada/Acopiada;Publicación no anonimizada;Encuesta Nacional de Calidad de Vida (ECV)
CAP_H;DBF_ENCV_592_5;H. FUERZA DE TRABAJO;P43_H1;P8628S1;Valor mensual ($);No aplica (NA);;No;NUMBER;22;;"1. Debe tener información cuando P8628=1
2. Debe aceptar valores entre 1.000 y 2'500.000 ó 98";;Recolectada/Acopiada;Publicación no anonimizada;Encuesta Nacional de Calidad de Vida (ECV)
CAP_H;DBF_ENCV_592_5;H. FUERZA DE TRABAJO;P44_H1;P8630;28. El MES PASADO, ¿... recibió subsidio familiar en dinero?;No aplica (NA);;No;NUMBER;22;"1. Sí
2. No
9. No sabe, no informa";"1. Debe tener información cuando (P6435>=1 and  P6435<=3) ó P6435=10
2. Debe aceptar valor 1 ó 2 ó 9";;Recolectada/Acopiada;Publicación no anonimizada;Encuesta Nacional de Calidad de Vida (ECV)
CAP_H;DBF_ENCV_592_5;H. FUERZA DE TRABAJO;P45_H1;P8630S1;Valor mensual ($);No aplica (NA);;No;NUMBER;22;;"1. Debe tener información cuando P8630=1
2. Debe aceptar valores entre 1.000 y 900.000 ó 98";;Recolectada/Acopiada;Publicación no anonimizada;Encuesta Nacional de Calidad de Vida (ECV)
CAP_H;DBF_ENCV_592_5;H. FUERZA DE TRABAJO;P46_H1;P8631;29. El MES PASADO, ¿... recibió primas (técnica, de antigüedad, clima, orden público,etc.) en dinero?;No aplica (NA);;No;NUMBER;22;"1. Sí
2. No
9. No sabe, no informa";"1. Debe tener información cuando (P6435>=1 and  P6435<=3) ó P6435=10
2. Debe aceptar valor 1 ó 2 ó 9";;Recolectada/Acopiada;Publicación no anonimizada;Encuesta Nacional de Calidad de Vida (ECV)
CAP_H;DBF_ENCV_592_5;H. FUERZA DE TRABAJO;P47_H1;P8631S1;Valor mensual ($);No aplica (NA);;No;NUMBER;22;;"1. Debe tener información cuando P8631=1
2. Debe aceptar valores entre 1.000 y 9'000.000 ó 98";;Recolectada/Acopiada;Publicación no anonimizada;Encuesta Nacional de Calidad de Vida (ECV)
CAP_H;DBF_ENCV_592_5;H. FUERZA DE TRABAJO;P48_H1;P1087;30. Duarante los ÚLTIMOS 12 MESES ……. recibió:;No aplica (NA);;No;NUMBER;22;;Pertenece al titulo de la pregunta, no guarda ningún dato;;Recolectada/Acopiada;Publicación no anonimizada;Encuesta Nacional de Calidad de Vida (ECV)
CAP_H;DBF_ENCV_592_5;H. FUERZA DE TRABAJO;P49_H1;P1087S1;1. ¿Prima de servicios?;No aplica (NA);;No;NUMBER;22;"1. Sí
2. No
9. No sabe, no informa";"1. Debe tener información cuando (P6435>=1 and  P6435<=3) ó P6435=10
2. Debe aceptar valor 1 ó 2 ó 9";;Recolectada/Acopiada;Publicación no anonimizada;Encuesta Nacional de Calidad de Vida (ECV)
CAP_H;DBF_ENCV_592_5;H. FUERZA DE TRABAJO;P50_H1;P1087S1A1;Valor ($);No aplica (NA);;No;NUMBER;22;;"1. Debe tener información cuando P1087S1=1
2. Debe aceptar valores entre 1.000 y 20'000.000 ó 98";;Recolectada/Acopiada;Publicación no anonimizada;Encuesta Nacional de Calidad de Vida (ECV)
CAP_H;DBF_ENCV_592_5;H. FUERZA DE TRABAJO;P51_H1;P1087S2; 2. ¿Prima de navidad?;No aplica (NA);;No;NUMBER;22;"1. Sí
2. No
9. No sabe, no informa";"1. Debe tener información cuando (P6435>=1 and  P6435<=3) ó P6435=10
2. Debe aceptar valor 1 ó 2 ó 9";;Recolectada/Acopiada;Publicación no anonimizada;Encuesta Nacional de Calidad de Vida (ECV)
CAP_H;DBF_ENCV_592_5;H. FUERZA DE TRABAJO;P52_H1;P1087S2A1;Valor ($);No aplica (NA);;No;NUMBER;22;;"1. Debe tener información cuando P1087S2=1
2. Debe aceptar valores entre 1.000 y 20'000.000 ó 98";;Recolectada/Acopiada;Publicación no anonimizada;Encuesta Nacional de Calidad de Vida (ECV)
CAP_H;DBF_ENCV_592_5;H. FUERZA DE TRABAJO;P53_H1;P1087S3;3. ¿Prima de  vacaciones?;No aplica (NA);;No;NUMBER;22;"1. Sí
2. No
9. No sabe, no informa";"1. Debe tener información cuando (P6435>=1 and  P6435<=3) ó P6435=10
2. Debe aceptar valor 1 ó 2 ó 9";;Recolectada/Acopiada;Publicación no anonimizada;Encuesta Nacional de Calidad de Vida (ECV)
CAP_H;DBF_ENCV_592_5;H. FUERZA DE TRABAJO;P54_H1;P1087S3A1;Valor ($);No aplica (NA);;No;NUMBER;22;;"1. Debe tener información cuando P1087S3=1
2. Debe aceptar valores entre 1.000 y 20'000.000 ó 98";;Recolectada/Acopiada;Publicación no anonimizada;Encuesta Nacional de Calidad de Vida (ECV)
CAP_H;DBF_ENCV_592_5;H. FUERZA DE TRABAJO;P55_H1;P1087S4;4. ¿Bonificaciones;No aplica (NA);;No;NUMBER;22;"1. Sí
2. No
9. No sabe, no informa";"1. Debe tener información cuando (P6435>=1 and  P6435<=3) ó P6435=10
2. Debe aceptar valor 1 ó 2 ó 9";;Recolectada/Acopiada;Publicación no anonimizada;Encuesta Nacional de Calidad de Vida (ECV)
CAP_H;DBF_ENCV_592_5;H. FUERZA DE TRABAJO;P56_H1;P1087S4A1;Valor ($);No aplica (NA);;No;NUMBER;22;;"1. Debe tener información cuando P1087S4=1
2. Debe aceptar valores entre 1.000 y 20'000.000 ó 98";;Recolectada/Acopiada;Publicación no anonimizada;Encuesta Nacional de Calidad de Vida (ECV)
CAP_H;DBF_ENCV_592_5;H. FUERZA DE TRABAJO;P57_H1;P1087S5;5. ¿Pagos o indemnizaciones por accidentes de trabajo?;No aplica (NA);;No;NUMBER;22;"1. Sí
2. No
9. No sabe, no informa";"1. Debe tener información cuando (P6435>=1 and  P6435<=3) ó P6435=10
2. Debe aceptar valor 1 ó 2 ó 9";;Recolectada/Acopiada;Publicación no anonimizada;Encuesta Nacional de Calidad de Vida (ECV)
CAP_H;DBF_ENCV_592_5;H. FUERZA DE TRABAJO;P58_H1;P1087S5A1;Valor ($);No aplica (NA);;No;NUMBER;22;;"1. Debe tener información cuando P1087S5=1
2. Debe aceptar valores entre 1.000 y 20'000.000 ó 98";;Recolectada/Acopiada;Publicación no anonimizada;Encuesta Nacional de Calidad de Vida (ECV)
CAP_H;DBF_ENCV_592_5;H. FUERZA DE TRABAJO;P59_H1;P6750;31. ¿Cuál fue la ganancia neta o los honorarios netos de ... en esa actividad, negocio, profesión o finca el MES PASADO? ;No aplica (NA);;No;NUMBER;22;;"1. Debe tener información cuando (P6435>=4 y  P6435<=7)
2. Debe aceptar valor mayor a 2.000 ó 0 ó 98 ó 99";;Recolectada/Acopiada;Publicación no anonimizada;Encuesta Nacional de Calidad de Vida (ECV)
CAP_H;DBF_ENCV_592_5;H. FUERZA DE TRABAJO;P61_H1;P550;32. ¿Cuál fue la ganancia neta del negocio o de la cosecha durante los ÚLTIMOS 12 MESES?;No aplica (NA);;No;NUMBER;22;;"1. Debe tener información cuando P3>1 y (P6435>=4 y  P6435<=7)
2. Debe aceptar valor mayor a 2.000 ó 0 ó 98 ó 99";;Recolectada/Acopiada;Publicación no anonimizada;Encuesta Nacional de Calidad de Vida (ECV)
CAP_H;DBF_ENCV_592_5;H. FUERZA DE TRABAJO;P63_H1;P8632;33. ¿Cuántas personas incluido/a usted, tiene la empresa o negocio donde trabaja? ;No aplica (NA);;No;NUMBER;22;"1. Trabaja solo/a
2. 2 a 3 personas
3. 4 a 5 personas
4. 6 a 10 personas
5. 11 a 19 personas
6. 20 a 30 personas
7. 31 a 50 personas
8. 51 a 100 personas
9.  101 o más personas";"1. Debe tener información cuando P6240=1 ó (P6240= 2 ó P6240= 3 ó P6240= 4 ó P6240= 6) y (P6250=1 ó P6260=1 ó P6270=1)
2. Debe aceptar valores entre 1 y 9";;Recolectada/Acopiada;Publicación no anonimizada;Encuesta Nacional de Calidad de Vida (ECV)
CAP_H;DBF_ENCV_592_5;H. FUERZA DE TRABAJO;P64_H1;P8634;34. Fundamentalmente, ¿dónde realiza usted su trabajo principal?;No aplica (NA);;No;NUMBER;22;"1.  Local fijo, oficina, fabrica, etc
2.  En la vivienda que habita
3.  En otras viviendas
4.  En kiosco-caseta
5.  En un vehículo (taxi, carro, bus, lancha, barco)
6.  Puerta a puerta
7.  Sitio al descubierto en la calle (ambulante ó estacionario)
8.  En el campo o área rural, mar o río
9.  En una obra de construcción
10.  En una mina o cantera";"1. Debe tener información cuando P6240=1 ó (P6240= 2 ó P6240= 3 ó P6240= 4 ó P6240= 6) y (P6250=1 ó P6260=1 ó P6270=1)
2. Debe aceptar valores entre 1 y 10";;Recolectada/Acopiada;Publicación no anonimizada;Encuesta Nacional de Calidad de Vida (ECV)
CAP_H;DBF_ENCV_592_5;H. FUERZA DE TRABAJO;P65_H1;P3515;35. La empresa, negocio, industria, oficina, firma o finca donde trabaja está ubicada en:  ;No aplica (NA);;No;NUMBER;10;"1. Este municipio      
2. Otro municipio";"1. Debe tener información P8634 not null y P8634!=2
2. Debe aceptar valor 1 ó 2";;Recolectada/Acopiada;Publicación no anonimizada;Encuesta Nacional de Calidad de Vida (ECV)
CAP_H;DBF_ENCV_592_5;H. FUERZA DE TRABAJO;P66_H1;P3515S1;Departamento;No aplica (NA);;No;NUMBER;10;;"1. Debe tener información cuando P3515=2
2. Debe tener un código de Departamento de la DIVIPOLA";;Recolectada/Acopiada;Publicación no anonimizada;Encuesta Nacional de Calidad de Vida (ECV)
CAP_H;DBF_ENCV_592_5;H. FUERZA DE TRABAJO;P67_H1;P3515S2;Municipio;No aplica (NA);;No;NUMBER;10;;"1. Debe tener información cuando P3515=2
2. Debe tener un código de Municipio de la DIVIPOLA";;Recolectada/Acopiada;Publicación no anonimizada;Encuesta Nacional de Calidad de Vida (ECV)
CAP_H;DBF_ENCV_592_5;H. FUERZA DE TRABAJO;P68_H1;P6885;36. El medio de transporte que usted utiliza principalmente para ir a su sitio de trabajo es:;No aplica (NA);;No;NUMBER;22;"1.  Bus intermunicipal
2.  Bus urbano
3.  A pie
4.  Metro
5.  Transporte articulado (Transmilenio, MIO y otros)
6.  Taxi
7.  Transporte de la empresa
8.  Automovil de uso particular
9.  Lancha, planchón, canoa
10. Caballo
11. Moto 
12. Bicicleta
13. Otro";"1. Debe tener información cuando P8634 not null y P8634!=2
2. Debe aceptar valores entre 1 y 13";;Recolectada/Acopiada;Publicación no anonimizada;Encuesta Nacional de Calidad de Vida (ECV)
CAP_H;DBF_ENCV_592_5;H. FUERZA DE TRABAJO;P69_H1;P6886;37. ¿Cuánto tiempo se demora usted en su viaje de ida al trabajo? (Incluya tiempo de espera del medio de transporte);No aplica (NA);;No;NUMBER;22;;"1. Debe tener información cuando P8634 not null y P8634!=2
2. Debe aceptar valores entre 0 y 240";;Recolectada/Acopiada;Publicación no anonimizada;Encuesta Nacional de Calidad de Vida (ECV)
CAP_H;DBF_ENCV_592_5;H. FUERZA DE TRABAJO;P70_H1;P415;38. ¿Cuántas horas a la semana trabaja normalmente ... en ese trabajo ?;No aplica (NA);;No;NUMBER;22;;"1. Debe tener información cuando P6240=1 ó (P6240= 2 ó P6240= 3 ó P6240= 4 ó P6240= 6) y (P6250=1 ó P6260=1 ó P6270=1)
2. Debe aceptar valores entre 1 y 120";;Recolectada/Acopiada;Publicación no anonimizada;Encuesta Nacional de Calidad de Vida (ECV)
CAP_H;DBF_ENCV_592_5;H. FUERZA DE TRABAJO;P71_H1;P416;39. ¿Cuántas horas trabajó durante la semana pasada en este trabajo?;No aplica (NA);;No;NUMBER;22;;"1. Debe tener información cuando P6240=1 ó (P6240= 2 ó P6240= 3 ó P6240= 4 ó P6240= 6) y (P6250=1 ó P6260=1 ó P6270=1)
2. Debe aceptar valores entre 0 y 120";;Recolectada/Acopiada;Publicación no anonimizada;Encuesta Nacional de Calidad de Vida (ECV)
CAP_H;DBF_ENCV_592_5;H. FUERZA DE TRABAJO;P72_H1;P6830;40. ¿Por qué razón, de las horas que normalmente trabaja,  hubo algunas que no trabajó la semana pasada?;No aplica (NA);;No;NUMBER;22;"1. Enfermedad, permiso o licencia
2. Festivos
3. Vacaciones
4. Capacitación
5. Suspensión o terminación del empleo
6. Reducción de la actividad económica de la empresa o del negocio
7. No tiene horario (trabajo ocasional, por días, independiente)
8. Otro";"1. Debe tener información cuando P416< P415
2. Debe aceptar valores entre 1 y 8";;Recolectada/Acopiada;Publicación no anonimizada;Encuesta Nacional de Calidad de Vida (ECV)
CAP_H;DBF_ENCV_592_5;H. FUERZA DE TRABAJO;P74_H1;P9000;41. ¿Desea trabajar más horas?;No aplica (NA);;No;NUMBER;2;"1. Sí
2. No";"1. Debe tener información cuando P6240=1 ó (P6240= 2 ó P6240= 3 ó P6240= 4 ó P6240= 6) y (P6250=1 ó P6260=1 ó P6270=1)
2. Debe aceptar valor 1 ó 2";;Recolectada/Acopiada;Publicación no anonimizada;Encuesta Nacional de Calidad de Vida (ECV)
CAP_H;DBF_ENCV_592_5;H. FUERZA DE TRABAJO;P75_H1;P9001;42. Durante las últimas 4 semanas, ¿ha hecho alguna diligencia para trabajar más horas?;No aplica (NA);;No;NUMBER;2;"1. Sí
2. No";"1. Debe tener información cuando P9000=1
2. Debe aceptar valor 1 ó 2";;Recolectada/Acopiada;Publicación no anonimizada;Encuesta Nacional de Calidad de Vida (ECV)
CAP_H;DBF_ENCV_592_5;H. FUERZA DE TRABAJO;P76_H1;P3193;42A. ¿Durante los últimos 12 meses ha trabajado bajo la modalidad de teletrabajo o trabajo en casa?;No aplica (NA);;No;NUMBER;22;"1. Sí
2. No";"1. Debe tener información cuando P6240=1 ó (P6240= 2 ó P6240= 3 ó P6240= 4 ó P6240= 6) y (P6250=1 ó P6260=1 ó P6270=1)
2. Debe aceptar valor 1 ó 2";;Recolectada/Acopiada;Publicación no anonimizada;Encuesta Nacional de Calidad de Vida (ECV)
CAP_H;DBF_ENCV_592_5;H. FUERZA DE TRABAJO;P78_H1;P3193S2;1. Su empresa utiliza esa modalidad;No aplica (NA);;No;NUMBER;22;"1. Sí
2. No";"1. Debe tener información cuando P3193=1
2. Debe aceptar valor 1 ó 2";;Recolectada/Acopiada;Publicación no anonimizada;Encuesta Nacional de Calidad de Vida (ECV)
CAP_H;DBF_ENCV_592_5;H. FUERZA DE TRABAJO;P79_H1;P3193S5;2. Razones de salud;No aplica (NA);;No;NUMBER;22;"1. Sí
2. No";"1. Debe tener información cuando P3193=1
2. Debe aceptar valor 1 ó 2";;Recolectada/Acopiada;Publicación no anonimizada;Encuesta Nacional de Calidad de Vida (ECV)
CAP_H;DBF_ENCV_592_5;H. FUERZA DE TRABAJO;P80_H1;P3193S3;3. Trabaja como independiente desde su casa;No aplica (NA);;No;NUMBER;22;"1. Sí
2. No";"1. Debe tener información cuando P3193=1
2. Debe aceptar valor 1 ó 2";;Recolectada/Acopiada;Publicación no anonimizada;Encuesta Nacional de Calidad de Vida (ECV)
CAP_H;DBF_ENCV_592_5;H. FUERZA DE TRABAJO;P81_H1;P3193S4;4. Otra;No aplica (NA);;No;NUMBER;22;"1. Sí
2. No";"1. Debe tener información cuando P3193=1
2. Debe aceptar valor 1 ó 2";;Recolectada/Acopiada;Publicación no anonimizada;Encuesta Nacional de Calidad de Vida (ECV)
CAP_H;DBF_ENCV_592_5;H. FUERZA DE TRABAJO;P83_H1;P8636;43. Además de su ocupación u oficio principal, ¿... el mes pasado tuvo otros trabajos o negocios por los cuales recibió ingresos?;No aplica (NA);;No;NUMBER;22;"1. Sí
2. No";"1. Debe tener información cuando P6240=1 ó (P6240= 2 ó P6240= 3 ó P6240= 4 ó P6240= 6) y (P6250=1 ó P6260=1 ó P6270=1)
2. Debe aceptar valor 1 ó 2";;Recolectada/Acopiada;Publicación no anonimizada;Encuesta Nacional de Calidad de Vida (ECV)
CAP_H;DBF_ENCV_592_5;H. FUERZA DE TRABAJO;P84_H1;P8636S1;Valor total percibido ($);No aplica (NA);;No;NUMBER;22;;"1. Debe tener información cuando P8636=1
2. Debe aceptar valores entre 5.000 y 15'000.000 ó 0 ó 98 ó 99";;Recolectada/Acopiada;Publicación no anonimizada;Encuesta Nacional de Calidad de Vida (ECV)
CAP_H;DBF_ENCV_592_5;H. FUERZA DE TRABAJO;P85_H1;P7250;44. ¿Durante cuántas semanas ha estado o estuvo ... buscando trabajo?;No aplica (NA);;No;NUMBER;22;;"1. Debe tener información cuando P6351=1
2. Debe aceptar valores entre 1 y 520";;Recolectada/Acopiada;Publicación no anonimizada;Encuesta Nacional de Calidad de Vida (ECV)
CAP_H;DBF_ENCV_592_5;H. FUERZA DE TRABAJO;P86_H1;P7310;45. ¿... ha buscado trabajo por primera vez o había trabajado antes, por lo menos durante dos semanas consecutivas?;No aplica (NA);;No;NUMBER;22;"1.  Por primera vez
2.  Trabajó antes";"1. Debe tener información cuando P6351=1
2. Debe aceptar valor 1 ó 2";;Recolectada/Acopiada;Publicación no anonimizada;Encuesta Nacional de Calidad de Vida (ECV)
CAP_H;DBF_ENCV_592_5;H. FUERZA DE TRABAJO;P88_H1;P7270S2;46. ¿En qué ocupación, oficio o labor ha buscado trabajo? Código;No aplica (NA);;No;NUMBER;22;;"1. Debe tener información cuando P7270 is not null
2. Debe tener un código de la pestaña OCUPACION";;Recolectada/Acopiada;Publicación no anonimizada;Encuesta Nacional de Calidad de Vida (ECV)
CAP_H;DBF_ENCV_592_5;H. FUERZA DE TRABAJO;P89_H1;P8640;47. El mes pasado ... ¿recibió algún ingreso por concepto de trabajo?;No aplica (NA);;No;NUMBER;22;"1. Si
2. No
9. No sabe, no informa";"1. Debe tener información cuando (P6435 is null y P7250 is null)  ó P7310=2
2. Debe aceptar valor 1 ó 2 ó 9";;Recolectada/Acopiada;Publicación no anonimizada;Encuesta Nacional de Calidad de Vida (ECV)
CAP_H;DBF_ENCV_592_5;H. FUERZA DE TRABAJO;P90_H1;P8640S1;Valor($);No aplica (NA);;No;NUMBER;22;;"1. Debe tener información cuando P8640=1
2. Debe aceptar valores entre 5.000 y 15'000.000 ó 98";;Recolectada/Acopiada;Publicación no anonimizada;Encuesta Nacional de Calidad de Vida (ECV)
CAP_H;DBF_ENCV_592_5;H. FUERZA DE TRABAJO;P91_H1;P6920;48. ¿Está ... cotizando actualmente a un fondo de pensiones?;No aplica (NA);;No;NUMBER;22;"1.  Si
2.  No
3.  Ya es pensionado";"1. Debe tener información cuando P6040>14
2. Debe aceptar valores 1 ó 2 ó 3";;Recolectada/Acopiada;Publicación no anonimizada;Encuesta Nacional de Calidad de Vida (ECV)
CAP_H;DBF_ENCV_592_5;H. FUERZA DE TRABAJO;P92_H1;P6935;49. ¿A cuál de los siguientes fondos cotiza actualmente:;No aplica (NA);;No;NUMBER;22;"1. Fondo privado?:
2. Colpensiones?
3. Regímenes especiales (Fuerzas Militares, Magisterio, etc)?
4. Fondo subsidiado (Programa de Subsidio al Aporte en Pensión, Colombia Mayor, Prosperar)?
5. No sabe";"1. Debe tener información cuando P6920=1
2. Debe aceptar valores entre 1 y 5";;Recolectada/Acopiada;Publicación no anonimizada;Encuesta Nacional de Calidad de Vida (ECV)
CAP_H;DBF_ENCV_592_5;H. FUERZA DE TRABAJO;P93_H1;P8642;50. El mes pasado ... ¿recibió algún ingreso por concepto de pensión de jubilación, sustitución pensional, invalidez o vejez?;No aplica (NA);;No;NUMBER;22;"1. Si
2. No
9. No sabe, no informa";"1. Debe tener información cuando P6040>11
2. Debe aceptar valor 1 ó 2 ó 9";;Recolectada/Acopiada;Publicación no anonimizada;Encuesta Nacional de Calidad de Vida (ECV)
CAP_H;DBF_ENCV_592_5;H. FUERZA DE TRABAJO;P94_H1;P8642S1;Valor($);No aplica (NA);;No;NUMBER;22;;"1. Debe tener información cuando P8642=1
2. Debe aceptar valores entre 20.000 y 95'000.000 ó 98";;Recolectada/Acopiada;Publicación no anonimizada;Encuesta Nacional de Calidad de Vida (ECV)
CAP_H;DBF_ENCV_592_5;H. FUERZA DE TRABAJO;P95_H1;P8644;51. El mes pasado ... ¿recibió algún ingreso en dinero para el sostenimiento de hijos/as menores de 18 años?(incluya pensión de alimentación y contribución de padres ausentes);No aplica (NA);;No;NUMBER;22;"1. Si
2. No
9. No sabe, no informa";"1. Debe tener información cuando P6040>11
2. Debe aceptar valor 1 ó 2 ó 9";;Recolectada/Acopiada;Publicación no anonimizada;Encuesta Nacional de Calidad de Vida (ECV)
CAP_H;DBF_ENCV_592_5;H. FUERZA DE TRABAJO;P96_H1;P8644S1;Valor($);No aplica (NA);;No;NUMBER;22;;"1. Debe tener información cuando P8644=1
2. Debe aceptar valores entre 5.000 y 10'000.000 ó 98";;Recolectada/Acopiada;Publicación no anonimizada;Encuesta Nacional de Calidad de Vida (ECV)
CAP_H;DBF_ENCV_592_5;H. FUERZA DE TRABAJO;P97_H1;P8646;52. El mes pasado ... ¿recibió algún ingreso por concepto de arriendos de casas, apartamentos, fincas de recreo, lotes, vehículos, maquinaria y equipo?;No aplica (NA);;No;NUMBER;22;"1. Si
2. No
9. No sabe, no informa";"1. Debe tener información cuando P6040>11
2. Debe aceptar valor 1 ó 2 ó 9";;Recolectada/Acopiada;Publicación no anonimizada;Encuesta Nacional de Calidad de Vida (ECV)
CAP_H;DBF_ENCV_592_5;H. FUERZA DE TRABAJO;P98_H1;P8646S1;Valor($);No aplica (NA);;No;NUMBER;22;;"1. Debe tener información cuando P8646=1
2. Debe aceptar valores entre 10.000 y 25'000.000 ó 98";;Recolectada/Acopiada;Publicación no anonimizada;Encuesta Nacional de Calidad de Vida (ECV)
CAP_H;DBF_ENCV_592_5;H. FUERZA DE TRABAJO;P99_H1;P8648;53. Durante los ÚLTIMOS 12 MESES ... ¿recibió primas por pensión de jubilación o por sustitución pensional?;No aplica (NA);;No;NUMBER;22;"1. Si
2. No
9. No sabe, no informa";"1. Debe tener información cuando P6040>11
2. Debe aceptar valor 1 ó 2 ó 9";;Recolectada/Acopiada;Publicación no anonimizada;Encuesta Nacional de Calidad de Vida (ECV)
CAP_H;DBF_ENCV_592_5;H. FUERZA DE TRABAJO;P100_H1;P8648S1;Valor($);No aplica (NA);;No;NUMBER;22;;"1. Debe tener información cuando P8648=1
2. Debe aceptar valores entre 10.000 y 50'000.000 ó 98";;Recolectada/Acopiada;Publicación no anonimizada;Encuesta Nacional de Calidad de Vida (ECV)
CAP_H;DBF_ENCV_592_5;H. FUERZA DE TRABAJO;P101_H1;P8650;54. Durante los ÚLTIMOS 12 MESES ... ¿recibió algún ingreso por concepto de ayudas en dinero proveniente de otros hogares o instituciones?(padres, hijos/as, familiares, amigos/as);No aplica (NA);;No;NUMBER;22;"1. Si
2. No
9. No sabe, no informa";"1. Debe tener información cuando P6040>11
2. Debe aceptar valor 1 ó 2 ó 9";;Recolectada/Acopiada;Publicación no anonimizada;Encuesta Nacional de Calidad de Vida (ECV)
CAP_H;DBF_ENCV_592_5;H. FUERZA DE TRABAJO;P102_H1;P8650S1;El dinero provino de:;No aplica (NA);;No;NUMBER;22;"1.  Fuera del país
2.  Dentro del país
3.  Ambas partes";"1. Debe tener información cuando P8650=1
2. Debe aceptar valor entre 1 y 3";;Recolectada/Acopiada;Publicación no anonimizada;Encuesta Nacional de Calidad de Vida (ECV)
CAP_H;DBF_ENCV_592_5;H. FUERZA DE TRABAJO;P103_H1;P8650S1A1;Valor $;No aplica (NA);;No;NUMBER;22;;"1. Debe tener información cuando P8650=1
2. Debe aceptar valores entre 10.000 y 30'000.000 ó 98";;Recolectada/Acopiada;Publicación no anonimizada;Encuesta Nacional de Calidad de Vida (ECV)
CAP_H;DBF_ENCV_592_5;H. FUERZA DE TRABAJO;P104_H1;P8652;55. Durante los ÚLTIMOS 12 MESES ... ¿recibió dinero por venta de propiedades? (casas, edificios, lotes, maquinaria, vehículos, electrodomésticos, etc.);No aplica (NA);;No;NUMBER;22;"1. Si
2. No
9. No sabe, no informa";"1. Debe tener información cuando P6040>11
2. Debe aceptar valor 1 ó 2 ó 9";;Recolectada/Acopiada;Publicación no anonimizada;Encuesta Nacional de Calidad de Vida (ECV)
CAP_H;DBF_ENCV_592_5;H. FUERZA DE TRABAJO;P105_H1;P8652S1;Valor($);No aplica (NA);;No;NUMBER;22;;"1. Debe tener información cuando P8652=1
2. Debe aceptar valores entre 50.000 y 2.000'000.000 ó 98";;Recolectada/Acopiada;Publicación no anonimizada;Encuesta Nacional de Calidad de Vida (ECV)
CAP_H;DBF_ENCV_592_5;H. FUERZA DE TRABAJO;P106_H1;P8654;56. Durante los ÚLTIMOS 12 MESES ... ¿recibió dinero por otros conceptos? (cesantías, intereses de cesantías, intereses por préstamos o CDT, rifas, etc.);No aplica (NA);;No;NUMBER;22;"1. Si
2. No
9. No sabe, no informa";"1. Debe tener información cuando P6040>11
2. Debe aceptar valor 1 ó 2 ó 9";;Recolectada/Acopiada;Publicación no anonimizada;Encuesta Nacional de Calidad de Vida (ECV)
CAP_H;DBF_ENCV_592_5;H. FUERZA DE TRABAJO;P107_H1;P8654S1;Valor($);No aplica (NA);;No;NUMBER;22;;"1. Debe tener información cuando P8654=1
2. Debe aceptar valores entre 5.000 y 120.'000.000 ó 98";;Recolectada/Acopiada;Publicación no anonimizada;Encuesta Nacional de Calidad de Vida (ECV)
CAP_H;DBF_ENCV_592_5;H. FUERZA DE TRABAJO;P108_H1;P9002;57. ¿Cuáles son la/s razón/es por la/s que no está ocupado o no busca trabajo? ;No aplica (NA);;No;NUMBER;2;;Pertenece al titulo de la pregunta, no guarda ningún dato;;Recolectada/Acopiada;Publicación no anonimizada;Encuesta Nacional de Calidad de Vida (ECV)
CAP_H;DBF_ENCV_592_5;H. FUERZA DE TRABAJO;P109_H1;P9002S1;1. Por cuidar de niños menores de 5 años;No aplica (NA);;No;NUMBER;2;"1. Sí
2. No";"1. Esta pregunta debe tener información cuando (P8640 in (1,2,9) y P7250 is null y P6240!=5)
2. Debe aceptar valor 1 ó 2";;Recolectada/Acopiada;Publicación no anonimizada;Encuesta Nacional de Calidad de Vida (ECV)
CAP_H;DBF_ENCV_592_5;H. FUERZA DE TRABAJO;P110_H1;P9002S2;2. Por cuidar niños de 5 años y más;No aplica (NA);;No;NUMBER;2;"1. Sí
2. No";"1. Esta pregunta debe tener información cuando (P8640 in (1,2,9) y P7250 is null y P6240!=5)
2. Debe aceptar valor 1 ó 2";;Recolectada/Acopiada;Publicación no anonimizada;Encuesta Nacional de Calidad de Vida (ECV)
CAP_H;DBF_ENCV_592_5;H. FUERZA DE TRABAJO;P111_H1;P9002S3;3. Por cuidar de una persona mayor;No aplica (NA);;No;NUMBER;2;"1. Sí
2. No";"1. Esta pregunta debe tener información cuando (P8640 in (1,2,9) y P7250 is null y P6240!=5)
2. Debe aceptar valor 1 ó 2";;Recolectada/Acopiada;Publicación no anonimizada;Encuesta Nacional de Calidad de Vida (ECV)
CAP_H;DBF_ENCV_592_5;H. FUERZA DE TRABAJO;P112_H1;P9002S4;4. Por cuidar de una persona con discapacidad;No aplica (NA);;No;NUMBER;2;"1. Sí
2. No";"1. Esta pregunta debe tener información cuando (P8640 in (1,2,9) y P7250 is null y P6240!=5)
2. Debe aceptar valor 1 ó 2";;Recolectada/Acopiada;Publicación no anonimizada;Encuesta Nacional de Calidad de Vida (ECV)
CAP_H;DBF_ENCV_592_5;H. FUERZA DE TRABAJO;P113_H1;P9002S5;5. Por realizar otros oficios del hogar (cocinar, lavar ropa, barrer, etc.);No aplica (NA);;No;NUMBER;2;"1. Sí
2. No";"1. Esta pregunta debe tener información cuando (P8640 in (1,2,9) y P7250 is null y P6240!=5)
2. Debe aceptar valor 1 ó 2";;Recolectada/Acopiada;Publicación no anonimizada;Encuesta Nacional de Calidad de Vida (ECV)
CAP_H;DBF_ENCV_592_5;H. FUERZA DE TRABAJO;P114_H1;P9002S6;6. Porque está estudiando;No aplica (NA);;No;NUMBER;2;"1. Sí
2. No";"1. Esta pregunta debe tener información cuando (P8640 in (1,2,9) y P7250 is null y P6240!=5)
2. Debe aceptar valor 1 ó 2";;Recolectada/Acopiada;Publicación no anonimizada;Encuesta Nacional de Calidad de Vida (ECV)
CAP_H;DBF_ENCV_592_5;H. FUERZA DE TRABAJO;P115_H1;P9002S7;7. Porque ya se pensionó;No aplica (NA);;No;NUMBER;2;"1. Sí
2. No";"1. Esta pregunta debe tener información cuando (P8640 in (1,2,9) y P7250 is null y P6240!=5)
2. Debe aceptar valor 1 ó 2";;Recolectada/Acopiada;Publicación no anonimizada;Encuesta Nacional de Calidad de Vida (ECV)
CAP_H;DBF_ENCV_592_5;H. FUERZA DE TRABAJO;P116_H1;P9002S8;8. Porque es un adulto mayor;No aplica (NA);;No;NUMBER;2;"1. Sí
2. No";"1. Esta pregunta debe tener información cuando (P8640 in (1,2,9) y P7250 is null y P6240!=5)
2. Debe aceptar valor 1 ó 2";;Recolectada/Acopiada;Publicación no anonimizada;Encuesta Nacional de Calidad de Vida (ECV)
CAP_H;DBF_ENCV_592_5;H. FUERZA DE TRABAJO;P117_H1;P9002S9;9. No desea trabajar;No aplica (NA);;No;NUMBER;2;"1. Sí
2. No";"1. Esta pregunta debe tener información cuando (P8640 in (1,2,9) y P7250 is null y P6240!=5)
2. Debe aceptar valor 1 ó 2";;Recolectada/Acopiada;Publicación no anonimizada;Encuesta Nacional de Calidad de Vida (ECV)
CAP_H;DBF_ENCV_592_5;H. FUERZA DE TRABAJO;P118_H1;P9002S10;10. Otra, ¿cuál? _____________________________;No aplica (NA);;No;NUMBER;2;"1. Sí
2. No";"1. Esta pregunta debe tener información cuando (P8640 in (1,2,9) y P7250 is null y P6240!=5)
2. Debe aceptar valor 1 ó 2";;Recolectada/Acopiada;Publicación no anonimizada;Encuesta Nacional de Calidad de Vida (ECV)
CAP_H;DBF_ENCV_592_5;H. FUERZA DE TRABAJO;P120_H1;P421S2;58. Adicional a las actividades que me informó haber realizado la semana pasada, ¿realizó oficios en su hogar sin que le pagaran?;No aplica (NA);;No;NUMBER;22;"1. Si
2. No";"1. Debe tener información cuando P6040>= 12 y P6040<= 17
2. Debe aceptar valor 1 ó 2";;Recolectada/Acopiada;Publicación no anonimizada;Encuesta Nacional de Calidad de Vida (ECV)
CAP_H;DBF_ENCV_592_5;H. FUERZA DE TRABAJO;P121_H1;P421S2A1;¿Cuántas horas ?;No aplica (NA);;No;NUMBER;22;;"1. Debe tener información cuando P421S2=1
2. Debe aceptar valores entre 1 y 120";;Recolectada/Acopiada;Publicación no anonimizada;Encuesta Nacional de Calidad de Vida (ECV)
CAP_I;DBF_ENCV_592_6;I. TECNOLOGÍAS DE INFORMACIÓN Y COMUNICACIÓN  (PARA PERSONAS DE 5 AÑOS Y MÁS);P01_I1;DIRECTORIO;DIRECTORIO;Llave Foránea (FK);DBF_ENCV_592_1;Si;NUMBER;22;;1. Siempre debe tener información;;Recolectada/Acopiada;Publicación no anonimizada;Encuesta Nacional de Calidad de Vida (ECV)
CAP_I;DBF_ENCV_592_6;I. TECNOLOGÍAS DE INFORMACIÓN Y COMUNICACIÓN  (PARA PERSONAS DE 5 AÑOS Y MÁS);P02_I1;SECUENCIA_ENCUESTA;Número de persona dentro del hogar;Llave Foránea (FK);DBF_ENCV_592_1;Si;NUMBER;22;;1. Siempre debe tener información;;Recolectada/Acopiada;Publicación no anonimizada;Encuesta Nacional de Calidad de Vida (ECV)
CAP_I;DBF_ENCV_592_6;I. TECNOLOGÍAS DE INFORMACIÓN Y COMUNICACIÓN  (PARA PERSONAS DE 5 AÑOS Y MÁS);P03_I1;SECUENCIA_P;Número de hogar dentro de la vivienda;Llave Foránea (FK);DBF_ENCV_592_1;Si;NUMBER;22;;1. Siempre debe tener información;;Recolectada/Acopiada;Publicación no anonimizada;Encuesta Nacional de Calidad de Vida (ECV)
CAP_I;DBF_ENCV_592_6;I. TECNOLOGÍAS DE INFORMACIÓN Y COMUNICACIÓN  (PARA PERSONAS DE 5 AÑOS Y MÁS);P04_I1;ORDEN;Número de persona dentro del hogar;Llave Foránea (FK);DBF_ENCV_592_1;Si;NUMBER;22;;1. Siempre debe tener información;;Recolectada/Acopiada;Publicación no anonimizada;Encuesta Nacional de Calidad de Vida (ECV)
CAP_I;DBF_ENCV_592_6;I. TECNOLOGÍAS DE INFORMACIÓN Y COMUNICACIÓN  (PARA PERSONAS DE 5 AÑOS Y MÁS);P05_I1;FEX_C;Factor de expansión ;No aplica (NA);;Sí;NUMBER;22;;;;Nueva;Publicación no anonimizada;Encuesta Nacional de Calidad de Vida (ECV)
CAP_I;DBF_ENCV_592_6;I. TECNOLOGÍAS DE INFORMACIÓN Y COMUNICACIÓN  (PARA PERSONAS DE 5 AÑOS Y MÁS);P06_I1;P1910;1A. ¿Con qué frecuencia utiliza ... computador de escritorio (en cualquier lugar)?;No aplica (NA);;No;NUMBER;22;"1. Todos los días de la semana
2. Al menos una vez a la semana, pero no cada día
3. Al menos una vez al mes, pero no cada semana
4. Al menos una vez al año, pero no cada mes
5. No utiliza computador de escritorio";"1. Debe tener información cuando P6040>4
2. Debe tener valores entre 1 y 5";;Recolectada/Acopiada;Publicación no anonimizada;Encuesta Nacional de Calidad de Vida (ECV)
CAP_I;DBF_ENCV_592_6;I. TECNOLOGÍAS DE INFORMACIÓN Y COMUNICACIÓN  (PARA PERSONAS DE 5 AÑOS Y MÁS);P07_I1;P1911;1B. ¿Con qué frecuencia utiliza ... computador portátil (en cualquier lugar)?;No aplica (NA);;No;NUMBER;22;"1. Todos los días de la semana
2. Al menos una vez a la semana, pero no cada día
3. Al menos una vez al mes, pero no cada semana
4. Al menos una vez al año, pero no cada mes
5. No utiliza computador portátil";"1. Debe tener información cuando P6040>4
2. Debe tener valores entre 1 y 5";;Recolectada/Acopiada;Publicación no anonimizada;Encuesta Nacional de Calidad de Vida (ECV)
CAP_I;DBF_ENCV_592_6;I. TECNOLOGÍAS DE INFORMACIÓN Y COMUNICACIÓN  (PARA PERSONAS DE 5 AÑOS Y MÁS);P08_I1;P1912;1C. ¿Con qué frecuencia utiliza ...  tableta (en cualquier lugar)?;No aplica (NA);;No;NUMBER;22;"1. Todos los días de la semana
2. Al menos una vez a la semana, pero no cada día
3. Al menos una vez al mes, pero no cada semana
4. Al menos una vez al año, pero no cada mes
5. No utiliza tableta";"1. Debe tener información cuando P6040>4
2. Debe tener valores entre 1 y 5";;Recolectada/Acopiada;Publicación no anonimizada;Encuesta Nacional de Calidad de Vida (ECV)
CAP_I;DBF_ENCV_592_6;I. TECNOLOGÍAS DE INFORMACIÓN Y COMUNICACIÓN  (PARA PERSONAS DE 5 AÑOS Y MÁS);P09_I1;P1084;2. ¿Con qué frecuencia utiliza _____  internet (en cualquier lugar y desde cualquier dispositivo)?;No aplica (NA);;No;NUMBER;22;"1. Todos los días de la semana        
2. Al menos una vez a la semana, pero no cada día        
3. Al menos una vez al mes, pero no cada semana        
4. Al menos una vez al año, pero no cada mes        
5. No utiliza internet        ";"1. Debe tener información cuando P6040>4
2. Debe tener valores entre 1 y 5";;Recolectada/Acopiada;Publicación no anonimizada;Encuesta Nacional de Calidad de Vida (ECV)
CAP_I;DBF_ENCV_592_6;I. TECNOLOGÍAS DE INFORMACIÓN Y COMUNICACIÓN  (PARA PERSONAS DE 5 AÑOS Y MÁS);P10_I1;P1710;3. ¿Cuáles de las siguientes actividades sabe hacer ______ en el computador de escritorio, portátil, tableta o cuando utiliza internet: ;No aplica (NA);;No;NUMBER;22;"1. Sí
2. No";Pertenece al titulo de la pregunta, no guarda ningún dato;;Recolectada/Acopiada;Publicación no anonimizada;Encuesta Nacional de Calidad de Vida (ECV)
CAP_I;DBF_ENCV_592_6;I. TECNOLOGÍAS DE INFORMACIÓN Y COMUNICACIÓN  (PARA PERSONAS DE 5 AÑOS Y MÁS);P11_I1;P1710S1;1.Usar procesadores de texto (Word, Google Docs, etc.)?;No aplica (NA);;No;NUMBER;22;"1. Sí
2. No";"1. Debe tener información cuando P1910< 5 ó P1911< 5 ó P1912< 5 ó P1084< 5
2. Debe tener valor 1 ó 2";;Recolectada/Acopiada;Publicación no anonimizada;Encuesta Nacional de Calidad de Vida (ECV)
CAP_I;DBF_ENCV_592_6;I. TECNOLOGÍAS DE INFORMACIÓN Y COMUNICACIÓN  (PARA PERSONAS DE 5 AÑOS Y MÁS);P12_I1;P1710S2;2.Usar las funciones de copiar y pegar para duplicar o mover información entre documentos, dispositivos o en el almacenamiento utilizado través de internet? ;No aplica (NA);;No;NUMBER;22;"1. Sí
2. No";"1. Debe tener información cuando P1910< 5 ó P1911< 5 ó P1912< 5 ó P1084< 5
2. Debe tener valor 1 ó 2";;Recolectada/Acopiada;Publicación no anonimizada;Encuesta Nacional de Calidad de Vida (ECV)
CAP_I;DBF_ENCV_592_6;I. TECNOLOGÍAS DE INFORMACIÓN Y COMUNICACIÓN  (PARA PERSONAS DE 5 AÑOS Y MÁS);P13_I1;P1710S3;3. Enviar correos electrónicos con archivos adjuntos (documentos, fotos, videos, etc.)?;No aplica (NA);;No;NUMBER;22;"1. Sí
2. No";"1. Debe tener información cuando P1910< 5 ó P1911< 5 ó P1912< 5 ó P1084< 5
2. Debe tener valor 1 ó 2";;Recolectada/Acopiada;Publicación no anonimizada;Encuesta Nacional de Calidad de Vida (ECV)
CAP_I;DBF_ENCV_592_6;I. TECNOLOGÍAS DE INFORMACIÓN Y COMUNICACIÓN  (PARA PERSONAS DE 5 AÑOS Y MÁS);P14_I1;P1710S4;4. Conectar o instalar dispositivos adicionales (ej. impresora, módem, cámara, etc.)?;No aplica (NA);;No;NUMBER;22;"1. Sí
2. No";"1. Debe tener información cuando P1910< 5 ó P1911< 5 ó P1912< 5 ó P1084< 5
2. Debe tener valor 1 ó 2";;Recolectada/Acopiada;Publicación no anonimizada;Encuesta Nacional de Calidad de Vida (ECV)
CAP_I;DBF_ENCV_592_6;I. TECNOLOGÍAS DE INFORMACIÓN Y COMUNICACIÓN  (PARA PERSONAS DE 5 AÑOS Y MÁS);P15_I1;P1710S5;5. Usar fórmulas matemáticas básicas en una hoja de cálculo (Excel, Open Office Calc, etc)?;No aplica (NA);;No;NUMBER;22;"1. Sí
2. No";"1. Debe tener información cuando P1910< 5 ó P1911< 5 ó P1912< 5 ó P1084< 5
2. Debe tener valor 1 ó 2";;Recolectada/Acopiada;Publicación no anonimizada;Encuesta Nacional de Calidad de Vida (ECV)
CAP_I;DBF_ENCV_592_6;I. TECNOLOGÍAS DE INFORMACIÓN Y COMUNICACIÓN  (PARA PERSONAS DE 5 AÑOS Y MÁS);P16_I1;P1710S6;6. Crear presentaciones mediante un programa especializado para ello (Power Point,Prezi, otros)?;No aplica (NA);;No;NUMBER;22;"1. Sí
2. No";"1. Debe tener información cuando P1910< 5 ó P1911< 5 ó P1912< 5 ó P1084< 5
2. Debe tener valor 1 ó 2";;Recolectada/Acopiada;Publicación no anonimizada;Encuesta Nacional de Calidad de Vida (ECV)
CAP_I;DBF_ENCV_592_6;I. TECNOLOGÍAS DE INFORMACIÓN Y COMUNICACIÓN  (PARA PERSONAS DE 5 AÑOS Y MÁS);P17_I1;P1710S7;7. Transferir archivos entre dispositivos o por internet (computador, USB, celular, etc.)?;No aplica (NA);;No;NUMBER;22;"1. Sí
2. No";"1. Debe tener información cuando P1910< 5 ó P1911< 5 ó P1912< 5 ó P1084< 5
2. Debe tener valor 1 ó 2";;Recolectada/Acopiada;Publicación no anonimizada;Encuesta Nacional de Calidad de Vida (ECV)
CAP_I;DBF_ENCV_592_6;I. TECNOLOGÍAS DE INFORMACIÓN Y COMUNICACIÓN  (PARA PERSONAS DE 5 AÑOS Y MÁS);P18_I1;P1710S8;8. Buscar, descargar, instalar o configurar programas computacionales (software) o aplicaciones?;No aplica (NA);;No;NUMBER;22;"1. Sí
2. No";"1. Debe tener información cuando P1910< 5 ó P1911< 5 ó P1912< 5 ó P1084< 5
2. Debe tener valor 1 ó 2";;Recolectada/Acopiada;Publicación no anonimizada;Encuesta Nacional de Calidad de Vida (ECV)
CAP_I;DBF_ENCV_592_6;I. TECNOLOGÍAS DE INFORMACIÓN Y COMUNICACIÓN  (PARA PERSONAS DE 5 AÑOS Y MÁS);P19_I1;P1710S9;9. Utilizar un lenguaje de programación especializado?;No aplica (NA);;No;NUMBER;22;"1. Sí
2. No";"1. Debe tener información cuando P1910< 5 ó P1911< 5 ó P1912< 5 ó P1084< 5
2. Debe tener valor 1 ó 2";;Recolectada/Acopiada;Publicación no anonimizada;Encuesta Nacional de Calidad de Vida (ECV)
CAP_I;DBF_ENCV_592_6;I. TECNOLOGÍAS DE INFORMACIÓN Y COMUNICACIÓN  (PARA PERSONAS DE 5 AÑOS Y MÁS);P20_I1;P1710S10;10. Implementar medidas de seguridad efectivas para proteger dispositivos y cuentas de internet (contraseñas fuertes, notificación de intento de conexión, etc.)?;No aplica (NA);;No;NUMBER;10;"1. Sí
2. No";"1. Debe tener información cuando P1910< 5 ó P1911< 5 ó P1912< 5 ó P1084< 5
2. Debe tener valor 1 ó 2";;Recolectada/Acopiada;Publicación no anonimizada;Encuesta Nacional de Calidad de Vida (ECV)
CAP_I;DBF_ENCV_592_6;I. TECNOLOGÍAS DE INFORMACIÓN Y COMUNICACIÓN  (PARA PERSONAS DE 5 AÑOS Y MÁS);P21_I1;P1710S11;11. Limitar la difusión de datos o información personal en dispositivos, cuentas o aplicaciones de internet (nombre, información de contacto, fotografías, etc.)?;No aplica (NA);;No;NUMBER;10;"1. Sí
2. No";"1. Debe tener información cuando P1910< 5 ó P1911< 5 ó P1912< 5 ó P1084< 5
2. Debe tener valor 1 ó 2";;Recolectada/Acopiada;Publicación no anonimizada;Encuesta Nacional de Calidad de Vida (ECV)
CAP_I;DBF_ENCV_592_6;I. TECNOLOGÍAS DE INFORMACIÓN Y COMUNICACIÓN  (PARA PERSONAS DE 5 AÑOS Y MÁS);P22_I1;P1710S12;12. Comprobar que las noticias o información que consulta o recibe a través de internet son ciertas o verdaderas?;No aplica (NA);;No;NUMBER;10;"1. Sí
2. No";"1. Debe tener información cuando P1910< 5 ó P1911< 5 ó P1912< 5 ó P1084< 5
2. Debe tener valor 1 ó 2";;Recolectada/Acopiada;Publicación no anonimizada;Encuesta Nacional de Calidad de Vida (ECV)
CAP_I;DBF_ENCV_592_6;I. TECNOLOGÍAS DE INFORMACIÓN Y COMUNICACIÓN  (PARA PERSONAS DE 5 AÑOS Y MÁS);P23_I1;P765;4. Cuáles de los siguientes dispositivos utiliza ... para acceder a Internet:;No aplica (NA);;No;NUMBER;22;;Pertenece al titulo de la pregunta, no guarda ningún dato;;Recolectada/Acopiada;Publicación no anonimizada;Encuesta Nacional de Calidad de Vida (ECV)
CAP_I;DBF_ENCV_592_6;I. TECNOLOGÍAS DE INFORMACIÓN Y COMUNICACIÓN  (PARA PERSONAS DE 5 AÑOS Y MÁS);P24_I1;P765S1;1. Computador de escritorio?;No aplica (NA);;No;NUMBER;22;;1. Pregunta de selección múltiple si tiene información debe ser cuando P1084< 5 y debe ser 1;;Recolectada/Acopiada;Publicación no anonimizada;Encuesta Nacional de Calidad de Vida (ECV)
CAP_I;DBF_ENCV_592_6;I. TECNOLOGÍAS DE INFORMACIÓN Y COMUNICACIÓN  (PARA PERSONAS DE 5 AÑOS Y MÁS);P25_I1;P765S2;2. Computador portátil?;No aplica (NA);;No;NUMBER;22;;1. Pregunta de selección múltiple si tiene información debe ser cuando P1084< 5 y debe ser 1;;Recolectada/Acopiada;Publicación no anonimizada;Encuesta Nacional de Calidad de Vida (ECV)
CAP_I;DBF_ENCV_592_6;I. TECNOLOGÍAS DE INFORMACIÓN Y COMUNICACIÓN  (PARA PERSONAS DE 5 AÑOS Y MÁS);P26_I1;P765S3;3. Tableta?;No aplica (NA);;No;NUMBER;22;;1. Pregunta de selección múltiple si tiene información debe ser cuando P1084< 5 y debe ser 1;;Recolectada/Acopiada;Publicación no anonimizada;Encuesta Nacional de Calidad de Vida (ECV)
CAP_I;DBF_ENCV_592_6;I. TECNOLOGÍAS DE INFORMACIÓN Y COMUNICACIÓN  (PARA PERSONAS DE 5 AÑOS Y MÁS);P27_I1;P765S4;4. Teléfono celular?;No aplica (NA);;No;NUMBER;22;;1. Pregunta de selección múltiple si tiene información debe ser cuando P1084< 5 y debe ser 1;;Recolectada/Acopiada;Publicación no anonimizada;Encuesta Nacional de Calidad de Vida (ECV)
CAP_I;DBF_ENCV_592_6;I. TECNOLOGÍAS DE INFORMACIÓN Y COMUNICACIÓN  (PARA PERSONAS DE 5 AÑOS Y MÁS);P28_I1;P765S5;5.  Consolas para juegos electrónicos (Play Station, X-box, Wii, PSP, Nintendo, Gameboy, etc.)?;No aplica (NA);;No;NUMBER;22;;1. Pregunta de selección múltiple si tiene información debe ser cuando P1084< 5 y debe ser 1;;Recolectada/Acopiada;Publicación no anonimizada;Encuesta Nacional de Calidad de Vida (ECV)
CAP_I;DBF_ENCV_592_6;I. TECNOLOGÍAS DE INFORMACIÓN Y COMUNICACIÓN  (PARA PERSONAS DE 5 AÑOS Y MÁS);P29_I1;P765S6;6. Televisor inteligente?;No aplica (NA);;No;NUMBER;22;;1. Pregunta de selección múltiple si tiene información debe ser cuando P1084< 5 y debe ser 1;;Recolectada/Acopiada;Publicación no anonimizada;Encuesta Nacional de Calidad de Vida (ECV)
CAP_I;DBF_ENCV_592_6;I. TECNOLOGÍAS DE INFORMACIÓN Y COMUNICACIÓN  (PARA PERSONAS DE 5 AÑOS Y MÁS);P30_I1;P765S7;7.  Reproductores digitales de música video e imagen (MP3, MP4, Ipod)?;No aplica (NA);;No;NUMBER;22;;1. Pregunta de selección múltiple si tiene información debe ser cuando P1084< 5 y debe ser 1;;Recolectada/Acopiada;Publicación no anonimizada;Encuesta Nacional de Calidad de Vida (ECV)
CAP_I;DBF_ENCV_592_6;I. TECNOLOGÍAS DE INFORMACIÓN Y COMUNICACIÓN  (PARA PERSONAS DE 5 AÑOS Y MÁS);P31_I1;P765S8; 8. Otro;No aplica (NA);;No;NUMBER;22;;1. Pregunta de selección múltiple si tiene información debe ser cuando P1084< 5 y debe ser 1;;Recolectada/Acopiada;Publicación no anonimizada;Encuesta Nacional de Calidad de Vida (ECV)
CAP_I;DBF_ENCV_592_6;I. TECNOLOGÍAS DE INFORMACIÓN Y COMUNICACIÓN  (PARA PERSONAS DE 5 AÑOS Y MÁS);P33_I1;P1085;5. ¿En cuáles de los siguientes sitios accede ... a Internet:;No aplica (NA);;No;NUMBER;22;;Pertenece al titulo de la pregunta, no guarda ningún dato;;Recolectada/Acopiada;Publicación no anonimizada;Encuesta Nacional de Calidad de Vida (ECV)
CAP_I;DBF_ENCV_592_6;I. TECNOLOGÍAS DE INFORMACIÓN Y COMUNICACIÓN  (PARA PERSONAS DE 5 AÑOS Y MÁS);P34_I1;P1085S1;1. En el hogar?;No aplica (NA);;No;NUMBER;22;;1. Pregunta de selección múltiple si tiene información debe ser cuando P1084< 5 y debe ser 1;;Recolectada/Acopiada;Publicación no anonimizada;Encuesta Nacional de Calidad de Vida (ECV)
CAP_I;DBF_ENCV_592_6;I. TECNOLOGÍAS DE INFORMACIÓN Y COMUNICACIÓN  (PARA PERSONAS DE 5 AÑOS Y MÁS);P35_I1;P1085S2;2. En el trabajo?;No aplica (NA);;No;NUMBER;22;;1. Pregunta de selección múltiple si tiene información debe ser cuando P1084< 5 y debe ser 1;;Recolectada/Acopiada;Publicación no anonimizada;Encuesta Nacional de Calidad de Vida (ECV)
CAP_I;DBF_ENCV_592_6;I. TECNOLOGÍAS DE INFORMACIÓN Y COMUNICACIÓN  (PARA PERSONAS DE 5 AÑOS Y MÁS);P36_I1;P1085S3;3. En la institución educativa?;No aplica (NA);;No;NUMBER;22;;1. Pregunta de selección múltiple si tiene información debe ser cuando P1084< 5 y debe ser 1;;Recolectada/Acopiada;Publicación no anonimizada;Encuesta Nacional de Calidad de Vida (ECV)
CAP_I;DBF_ENCV_592_6;I. TECNOLOGÍAS DE INFORMACIÓN Y COMUNICACIÓN  (PARA PERSONAS DE 5 AÑOS Y MÁS);P37_I1;P1085S4;4. En centros de acceso público gratis?;No aplica (NA);;No;NUMBER;22;;1. Pregunta de selección múltiple si tiene información debe ser cuando P1084< 5 y debe ser 1;;Recolectada/Acopiada;Publicación no anonimizada;Encuesta Nacional de Calidad de Vida (ECV)
CAP_I;DBF_ENCV_592_6;I. TECNOLOGÍAS DE INFORMACIÓN Y COMUNICACIÓN  (PARA PERSONAS DE 5 AÑOS Y MÁS);P38_I1;P1085S5;5. En centros de acceso público con costo (Café Internet)?;No aplica (NA);;No;NUMBER;22;;1. Pregunta de selección múltiple si tiene información debe ser cuando P1084< 5 y debe ser 1;;Recolectada/Acopiada;Publicación no anonimizada;Encuesta Nacional de Calidad de Vida (ECV)
CAP_I;DBF_ENCV_592_6;I. TECNOLOGÍAS DE INFORMACIÓN Y COMUNICACIÓN  (PARA PERSONAS DE 5 AÑOS Y MÁS);P39_I1;P1085S6;6. En la vivienda de otra persona (pariente, amigo/a, vecino/a)?;No aplica (NA);;No;NUMBER;22;;1. Pregunta de selección múltiple si tiene información debe ser cuando P1084< 5 y debe ser 1;;Recolectada/Acopiada;Publicación no anonimizada;Encuesta Nacional de Calidad de Vida (ECV)
CAP_I;DBF_ENCV_592_6;I. TECNOLOGÍAS DE INFORMACIÓN Y COMUNICACIÓN  (PARA PERSONAS DE 5 AÑOS Y MÁS);P40_I1;P1085S7;7. En desplazamiento de un sitio a otro?;No aplica (NA);;No;NUMBER;22;;1. Pregunta de selección múltiple si tiene información debe ser cuando P1084< 5 y debe ser 1;;Recolectada/Acopiada;Publicación no anonimizada;Encuesta Nacional de Calidad de Vida (ECV)
CAP_I;DBF_ENCV_592_6;I. TECNOLOGÍAS DE INFORMACIÓN Y COMUNICACIÓN  (PARA PERSONAS DE 5 AÑOS Y MÁS);P41_I1;P1085S8;8. Otro sitio?;No aplica (NA);;No;NUMBER;22;;1. Pregunta de selección múltiple si tiene información debe ser cuando P1084< 5 y debe ser 1;;Recolectada/Acopiada;Publicación no anonimizada;Encuesta Nacional de Calidad de Vida (ECV)
CAP_I;DBF_ENCV_592_6;I. TECNOLOGÍAS DE INFORMACIÓN Y COMUNICACIÓN  (PARA PERSONAS DE 5 AÑOS Y MÁS);P42_I1;P1083;6. ¿Para cuáles de los siguientes servicios o actividades utiliza ... Internet:;No aplica (NA);;No;NUMBER;22;;Pertenece al titulo de la pregunta, no guarda ningún dato;;Recolectada/Acopiada;Publicación no anonimizada;Encuesta Nacional de Calidad de Vida (ECV)
CAP_I;DBF_ENCV_592_6;I. TECNOLOGÍAS DE INFORMACIÓN Y COMUNICACIÓN  (PARA PERSONAS DE 5 AÑOS Y MÁS);P43_I1;P1083S1;1. Obtener información? (Excluir la búsqueda de información con fines de educación y aprendizaje);No aplica (NA);;No;NUMBER;22;1. Obtener información? (Excluir la búsqueda de información con fines de educación y aprendizaje);1. Pregunta de selección múltiple si tiene información debe ser cuando P1084< 5 y debe ser 1;;Recolectada/Acopiada;Publicación no anonimizada;Encuesta Nacional de Calidad de Vida (ECV)
CAP_I;DBF_ENCV_592_6;I. TECNOLOGÍAS DE INFORMACIÓN Y COMUNICACIÓN  (PARA PERSONAS DE 5 AÑOS Y MÁS);P44_I1;P1083S2;2. Enviar o recibir correos electronicos?;No aplica (NA);;No;NUMBER;22;1. Enviar o recibir correos electronicos?;1. Pregunta de selección múltiple si tiene información debe ser cuando P1084< 5 y debe ser 1;;Recolectada/Acopiada;Publicación no anonimizada;Encuesta Nacional de Calidad de Vida (ECV)
CAP_I;DBF_ENCV_592_6;I. TECNOLOGÍAS DE INFORMACIÓN Y COMUNICACIÓN  (PARA PERSONAS DE 5 AÑOS Y MÁS);P45_I1;P1083S3;3. Redes sociales?;No aplica (NA);;No;NUMBER;22;1. Redes sociales?;1. Pregunta de selección múltiple si tiene información debe ser cuando P1084< 5 y debe ser 1;;Recolectada/Acopiada;Publicación no anonimizada;Encuesta Nacional de Calidad de Vida (ECV)
CAP_I;DBF_ENCV_592_6;I. TECNOLOGÍAS DE INFORMACIÓN Y COMUNICACIÓN  (PARA PERSONAS DE 5 AÑOS Y MÁS);P46_I1;P1083S4;4. Comprar/ordenar productos o servicios?;No aplica (NA);;No;NUMBER;22;1. Comprar/ordenar productos o servicios?;1. Pregunta de selección múltiple si tiene información debe ser cuando P1084< 5 y debe ser 1;;Recolectada/Acopiada;Publicación no anonimizada;Encuesta Nacional de Calidad de Vida (ECV)
CAP_I;DBF_ENCV_592_6;I. TECNOLOGÍAS DE INFORMACIÓN Y COMUNICACIÓN  (PARA PERSONAS DE 5 AÑOS Y MÁS);P47_I1;P1083S5;5. Banca electrónica y otros servicios financieros?;No aplica (NA);;No;NUMBER;22;1. Banca electrónica y otros servicios financieros?;1. Pregunta de selección múltiple si tiene información debe ser cuando P1084< 5 y debe ser 1;;Recolectada/Acopiada;Publicación no anonimizada;Encuesta Nacional de Calidad de Vida (ECV)
CAP_I;DBF_ENCV_592_6;I. TECNOLOGÍAS DE INFORMACIÓN Y COMUNICACIÓN  (PARA PERSONAS DE 5 AÑOS Y MÁS);P48_I1;P1083S6;6. Educación y aprendizaje?;No aplica (NA);;No;NUMBER;22;1. Educación y aprendizaje?;1. Pregunta de selección múltiple si tiene información debe ser cuando P1084< 5 y debe ser 1;;Recolectada/Acopiada;Publicación no anonimizada;Encuesta Nacional de Calidad de Vida (ECV)
CAP_I;DBF_ENCV_592_6;I. TECNOLOGÍAS DE INFORMACIÓN Y COMUNICACIÓN  (PARA PERSONAS DE 5 AÑOS Y MÁS);P49_I1;P1083S7;7. Trámites con entidades del gobierno (nacional, departamental o municipal)?;No aplica (NA);;No;NUMBER;22;1. Trámites con entidades del gobierno (nacional, departamental o municipal)?;1. Pregunta de selección múltiple si tiene información debe ser cuando P1084< 5 y debe ser 1;;Recolectada/Acopiada;Publicación no anonimizada;Encuesta Nacional de Calidad de Vida (ECV)
CAP_I;DBF_ENCV_592_6;I. TECNOLOGÍAS DE INFORMACIÓN Y COMUNICACIÓN  (PARA PERSONAS DE 5 AÑOS Y MÁS);P50_I1;P1083S8;8. Descargar software, imágenes, juegos, música o jugar en línea;No aplica (NA);;No;NUMBER;22;1. Descargar software, imágenes, juegos, música o jugar en línea;1. Pregunta de selección múltiple si tiene información debe ser cuando P1084< 5 y debe ser 1;;Recolectada/Acopiada;Publicación no anonimizada;Encuesta Nacional de Calidad de Vida (ECV)
CAP_I;DBF_ENCV_592_6;I. TECNOLOGÍAS DE INFORMACIÓN Y COMUNICACIÓN  (PARA PERSONAS DE 5 AÑOS Y MÁS);P51_I1;P1083S9;9. Consulta de medios de comunicación (televisión, radio, periódicos, revistas, medios digitales, etc)?;No aplica (NA);;No;NUMBER;22;1. Consulta de medios de comunicación (televisión, radio, periódicos, revistas, medios digitales, etc)?;1. Pregunta de selección múltiple si tiene información debe ser cuando P1084< 5 y debe ser 1;;Recolectada/Acopiada;Publicación no anonimizada;Encuesta Nacional de Calidad de Vida (ECV)
CAP_I;DBF_ENCV_592_6;I. TECNOLOGÍAS DE INFORMACIÓN Y COMUNICACIÓN  (PARA PERSONAS DE 5 AÑOS Y MÁS);P52_I1;P1083S10;10. Ver televisión, videos, películas u otro contenido audiovisual para entretenimiento;No aplica (NA);;No;NUMBER;22;1. Ver televisión, videos, películas u otro contenido audiovisual para entretenimiento;1. Pregunta de selección múltiple si tiene información debe ser cuando P1084< 5 y debe ser 1;;Recolectada/Acopiada;Publicación no anonimizada;Encuesta Nacional de Calidad de Vida (ECV)
CAP_I;DBF_ENCV_592_6;I. TECNOLOGÍAS DE INFORMACIÓN Y COMUNICACIÓN  (PARA PERSONAS DE 5 AÑOS Y MÁS);P53_I1;P1083S12;11. Buscar trabajo (inscribirse en una plataforma, aplicación o convocatoria de empleo)?;No aplica (NA);;No;NUMBER;22;1. Buscar trabajo (inscribirse en una plataforma, aplicación o convocatoria de empleo)?;1. Pregunta de selección múltiple si tiene información debe ser cuando P1084< 5 y debe ser 1;;Recolectada/Acopiada;Publicación no anonimizada;Encuesta Nacional de Calidad de Vida (ECV)
CAP_I;DBF_ENCV_592_6;I. TECNOLOGÍAS DE INFORMACIÓN Y COMUNICACIÓN  (PARA PERSONAS DE 5 AÑOS Y MÁS);P54_I1;P1083S13;12. Servicios en la nube (guardar información, editar archivos, etc.)?;No aplica (NA);;No;NUMBER;22;1. Servicios en la nube (guardar información, editar archivos, etc.)?;1. Pregunta de selección múltiple si tiene información debe ser cuando P1084< 5 y debe ser 1;;Recolectada/Acopiada;Publicación no anonimizada;Encuesta Nacional de Calidad de Vida (ECV)
CAP_I;DBF_ENCV_592_6;I. TECNOLOGÍAS DE INFORMACIÓN Y COMUNICACIÓN  (PARA PERSONAS DE 5 AÑOS Y MÁS);P55_I1;P1083S14;13. Vender productos o servicios?;No aplica (NA);;No;NUMBER;22;1. Vender productos o servicios?;1. Pregunta de selección múltiple si tiene información debe ser cuando P1084< 5 y debe ser 1;;Recolectada/Acopiada;Publicación no anonimizada;Encuesta Nacional de Calidad de Vida (ECV)
CAP_I;DBF_ENCV_592_6;I. TECNOLOGÍAS DE INFORMACIÓN Y COMUNICACIÓN  (PARA PERSONAS DE 5 AÑOS Y MÁS);P56_I1;P1083S15;14. Trabajar como requisito dentro de su empleo o actividad económica de independiente?;No aplica (NA);;No;NUMBER;22;1. Trabajar como requisito dentro de su empleo o actividad económica de independiente?;1. Pregunta de selección múltiple si tiene información debe ser cuando P1084< 5 y debe ser 1;;Recolectada/Acopiada;Publicación no anonimizada;Encuesta Nacional de Calidad de Vida (ECV)
CAP_I;DBF_ENCV_592_6;I. TECNOLOGÍAS DE INFORMACIÓN Y COMUNICACIÓN  (PARA PERSONAS DE 5 AÑOS Y MÁS);P57_I1;P1083S16;15. Realizar llamadas o video llamadas (telefonía por Internet)?;No aplica (NA);;No;NUMBER;22;1. Realizar llamadas o video llamadas (telefonía por Internet)?;1. Pregunta de selección múltiple si tiene información debe ser cuando P1084< 5 y debe ser 1;;Recolectada/Acopiada;Publicación no anonimizada;Encuesta Nacional de Calidad de Vida (ECV)
CAP_I;DBF_ENCV_592_6;I. TECNOLOGÍAS DE INFORMACIÓN Y COMUNICACIÓN  (PARA PERSONAS DE 5 AÑOS Y MÁS);P58_I1;P1083S17;16. Publicar o intercambiar opiniones sobre las características y calidad de un bien o servicio?;No aplica (NA);;No;NUMBER;22;1. Publicar o intercambiar opiniones sobre las características y calidad de un bien o servicio?;1. Pregunta de selección múltiple si tiene información debe ser cuando P1084< 5 y debe ser 1;;Recolectada/Acopiada;Publicación no anonimizada;Encuesta Nacional de Calidad de Vida (ECV)
CAP_I;DBF_ENCV_592_6;I. TECNOLOGÍAS DE INFORMACIÓN Y COMUNICACIÓN  (PARA PERSONAS DE 5 AÑOS Y MÁS);P59_I1;P1083S18;17. Subir contenido propio a un sitio web para ser compartido (texto, imágenes, videos, música, audios, fotos, software, etc.)?;No aplica (NA);;No;NUMBER;22;1. Subir contenido propio a un sitio web para ser compartido (texto, imágenes, videos, música, audios, fotos, software, etc.)?;1. Pregunta de selección múltiple si tiene información debe ser cuando P1084< 5 y debe ser 1;;Recolectada/Acopiada;Publicación no anonimizada;Encuesta Nacional de Calidad de Vida (ECV)
CAP_I;DBF_ENCV_592_6;I. TECNOLOGÍAS DE INFORMACIÓN Y COMUNICACIÓN  (PARA PERSONAS DE 5 AÑOS Y MÁS);P60_I1;P1083S19;18. Consulta de información con fines educativos (tareas, trabajos, investigaciones, enciclopedias en línea)?;No aplica (NA);;No;NUMBER;22;1. Consulta de información con fines educativos (tareas, trabajos, investigaciones, enciclopedias en línea)?;1. Pregunta de selección múltiple si tiene información debe ser cuando P1084< 5 y debe ser 1;;Recolectada/Acopiada;Publicación no anonimizada;Encuesta Nacional de Calidad de Vida (ECV)
CAP_I;DBF_ENCV_592_6;I. TECNOLOGÍAS DE INFORMACIÓN Y COMUNICACIÓN  (PARA PERSONAS DE 5 AÑOS Y MÁS);P61_I1;P1083S20;19. Gestiones médicas (pedir citas, recibir atención, otros trámites);No aplica (NA);;No;NUMBER;22;1. Gestiones médicas (pedir citas, recibir atención, otros trámites);1. Pregunta de selección múltiple si tiene información debe ser cuando P1084< 5 y debe ser 1;;Recolectada/Acopiada;Publicación no anonimizada;Encuesta Nacional de Calidad de Vida (ECV)
CAP_I;DBF_ENCV_592_6;I. TECNOLOGÍAS DE INFORMACIÓN Y COMUNICACIÓN  (PARA PERSONAS DE 5 AÑOS Y MÁS);P62_I1;P1083S21;20. Usar herramientas de Inteligencia Artificial (chatbot, diseño, escritura, video) ;No aplica (NA);;No;NUMBER;22;1. Usar herramientas de Inteligencia Artificial (chatbot, diseño, escritura, video) ;1. Pregunta de selección múltiple si tiene información debe ser cuando P1084< 5 y debe ser 1;;Recolectada/Acopiada;Publicación no anonimizada;Encuesta Nacional de Calidad de Vida (ECV)
CAP_I;DBF_ENCV_592_6;I. TECNOLOGÍAS DE INFORMACIÓN Y COMUNICACIÓN  (PARA PERSONAS DE 5 AÑOS Y MÁS);P63_I1;P1083S11;21.  Otro ;No aplica (NA);;No;NUMBER;22;1.  Otro ;1. Pregunta de selección múltiple si tiene información debe ser cuando P1084< 5 y debe ser 1;;Recolectada/Acopiada;Publicación no anonimizada;Encuesta Nacional de Calidad de Vida (ECV)
CAP_I;DBF_ENCV_592_6;I. TECNOLOGÍAS DE INFORMACIÓN Y COMUNICACIÓN  (PARA PERSONAS DE 5 AÑOS Y MÁS);P65_I1;P1929;7. ¿Cuál es la principal razón por la que __________ no utiliza internet?:          ;No aplica (NA);;No;NUMBER;22;"1. Es muy costoso
2. No lo considera necesario
3. No sabe usarlo
4. No hay cobertura del servicio en la zona
5. No le tienen permitido usar internet
6. Por razones de seguridad o privacidad
7. Por su edad (muy pequeño o muy mayor)
8. Por razones de salud
9. Otra ¿cuál?";"1. Debe tener información cuando P1084= 5
2. Debe aceptar valores entre 1 y 9";;Recolectada/Acopiada;Publicación no anonimizada;Encuesta Nacional de Calidad de Vida (ECV)
CAP_I;DBF_ENCV_592_6;I. TECNOLOGÍAS DE INFORMACIÓN Y COMUNICACIÓN  (PARA PERSONAS DE 5 AÑOS Y MÁS);P67_I1;P1082;8. ¿... tiene teléfono celular?;No aplica (NA);;No;NUMBER;22;"1. Sí
2. No";"1. Debe tener información cuando P6040>4
2. Debe tener valor 1 ó 2";;Recolectada/Acopiada;Publicación no anonimizada;Encuesta Nacional de Calidad de Vida (ECV)
CAP_I;DBF_ENCV_592_6;I. TECNOLOGÍAS DE INFORMACIÓN Y COMUNICACIÓN  (PARA PERSONAS DE 5 AÑOS Y MÁS);P68_I1;P1082S1;1. Teléfono celular convencional;No aplica (NA);;No;NUMBER;22;"1. Sí
2. No";"1. Debe tener información cuando P1082=1
2. Debe tener valor 1 ó 2";;Recolectada/Acopiada;Publicación no anonimizada;Encuesta Nacional de Calidad de Vida (ECV)
CAP_I;DBF_ENCV_592_6;I. TECNOLOGÍAS DE INFORMACIÓN Y COMUNICACIÓN  (PARA PERSONAS DE 5 AÑOS Y MÁS);P69_I1;P1082S2;2. Teléfono celular inteligente (smartphone);No aplica (NA);;No;NUMBER;22;"1. Sí
2. No";"1. Debe tener información cuando P1082=1
2. Debe tener valor 1 ó 2";;Recolectada/Acopiada;Publicación no anonimizada;Encuesta Nacional de Calidad de Vida (ECV)
CAP_I;DBF_ENCV_592_6;I. TECNOLOGÍAS DE INFORMACIÓN Y COMUNICACIÓN  (PARA PERSONAS DE 5 AÑOS Y MÁS);P70_I1;P803;9. EL MES PASADO ¿_____ realizó pagos por el servicio de telefonía celular (pospago o prepago)?;No aplica (NA);;No;NUMBER;22;"1. Sí
2. No";"1. Debe tener información cuando P1082=1
2. Debe tener valor 1 ó 2";;Recolectada/Acopiada;Publicación no anonimizada;Encuesta Nacional de Calidad de Vida (ECV)
CAP_I;DBF_ENCV_592_6;I. TECNOLOGÍAS DE INFORMACIÓN Y COMUNICACIÓN  (PARA PERSONAS DE 5 AÑOS Y MÁS);P71_I1;P803S1;Valor pagado;No aplica (NA);;No;NUMBER;22;;1. Debe tener información cuando P803=1;;Recolectada/Acopiada;Publicación no anonimizada;Encuesta Nacional de Calidad de Vida (ECV)
CAP_I;DBF_ENCV_592_6;I. TECNOLOGÍAS DE INFORMACIÓN Y COMUNICACIÓN  (PARA PERSONAS DE 5 AÑOS Y MÁS);P72_I1;P5504;10.  A pesar de no tener teléfono celular, ….. utiliza teléfono celular?;No aplica (NA);;No;NUMBER;22;"1. Sí
2. No";"1. Debe tener información cuando P1082=2
2. Debe tener valor 1 ó 2";;Recolectada/Acopiada;Publicación no anonimizada;Encuesta Nacional de Calidad de Vida (ECV)
CAP_I;DBF_ENCV_592_6;I. TECNOLOGÍAS DE INFORMACIÓN Y COMUNICACIÓN  (PARA PERSONAS DE 5 AÑOS Y MÁS);P73_I1;P5504S1;Teléfono celular convencional;No aplica (NA);;No;NUMBER;22;"1. Sí
2. No";"1. Debe tener información cuando P5504=1
2. Debe tener valor 1 ó 2";;Recolectada/Acopiada;Publicación no anonimizada;Encuesta Nacional de Calidad de Vida (ECV)
CAP_I;DBF_ENCV_592_6;I. TECNOLOGÍAS DE INFORMACIÓN Y COMUNICACIÓN  (PARA PERSONAS DE 5 AÑOS Y MÁS);P74_I1;P5504S2;Teléfono celular inteligente (smartphone);No aplica (NA);;No;NUMBER;22;"1. Sí
2. No";"1. Debe tener información cuando P5504=1
2. Debe tener valor 1 ó 2";;Recolectada/Acopiada;Publicación no anonimizada;Encuesta Nacional de Calidad de Vida (ECV)
CAP_I;DBF_ENCV_592_6;I. TECNOLOGÍAS DE INFORMACIÓN Y COMUNICACIÓN  (PARA PERSONAS DE 5 AÑOS Y MÁS);P75_I1;P5505;11. ¿Por qué medio(s)…. utiliza el teléfono celular?:;No aplica (NA);;No;NUMBER;22;;Pertenece al titulo de la pregunta, no guarda ningún dato;;Recolectada/Acopiada;Publicación no anonimizada;Encuesta Nacional de Calidad de Vida (ECV)
CAP_I;DBF_ENCV_592_6;I. TECNOLOGÍAS DE INFORMACIÓN Y COMUNICACIÓN  (PARA PERSONAS DE 5 AÑOS Y MÁS);P76_I1;P5505S1;1. Un vendedor de minutos ;No aplica (NA);;No;NUMBER;22;;1. Pregunta de selección múltiple si tener información debe ser cuando P5504=1 y debe ser 1;;Recolectada/Acopiada;Publicación no anonimizada;Encuesta Nacional de Calidad de Vida (ECV)
CAP_I;DBF_ENCV_592_6;I. TECNOLOGÍAS DE INFORMACIÓN Y COMUNICACIÓN  (PARA PERSONAS DE 5 AÑOS Y MÁS);P77_I1;P5505S2;2. Prestado ocasionalmente por otra persona;No aplica (NA);;No;NUMBER;22;;1. Pregunta de selección múltiple si tener información debe ser cuando P5504=1 y debe ser 1;;Recolectada/Acopiada;Publicación no anonimizada;Encuesta Nacional de Calidad de Vida (ECV)
CAP_I;DBF_ENCV_592_6;I. TECNOLOGÍAS DE INFORMACIÓN Y COMUNICACIÓN  (PARA PERSONAS DE 5 AÑOS Y MÁS);P78_I1;P769;12. ¿Con que frecuencia utiliza ... teléfono celular?;No aplica (NA);;No;NUMBER;22;"1. Todos los días de la semana
2. Al menos una vez a la semana, pero no cada día
3. Al menos una vez al mes, pero no cada semana
4. Al menos una vez al año, pero no cada mes";"1. Debe tener información cuando P1082=1 ó P5504=1
2. Debe tener valores entre 1 y 4";;Recolectada/Acopiada;Publicación no anonimizada;Encuesta Nacional de Calidad de Vida (ECV)
CAP_I;DBF_ENCV_592_6;I. TECNOLOGÍAS DE INFORMACIÓN Y COMUNICACIÓN  (PARA PERSONAS DE 5 AÑOS Y MÁS);P79_I1;P1080;13. Para cuál de las siguientes actividades utiliza … el teléfono celular:;No aplica (NA);;No;NUMBER;22;;Pertenece al titulo de la pregunta, no guarda ningún dato;;Recolectada/Acopiada;Publicación no anonimizada;Encuesta Nacional de Calidad de Vida (ECV)
CAP_I;DBF_ENCV_592_6;I. TECNOLOGÍAS DE INFORMACIÓN Y COMUNICACIÓN  (PARA PERSONAS DE 5 AÑOS Y MÁS);P80_I1;P1080S1;1. Llamadas personales o familiares?;No aplica (NA);;No;NUMBER;22;1. Llamadas personales o familiares?;1. Pregunta de selección múltiple si tener información debe ser cuando P769>=1 y debe ser 1;;Recolectada/Acopiada;Publicación no anonimizada;Encuesta Nacional de Calidad de Vida (ECV)
CAP_I;DBF_ENCV_592_6;I. TECNOLOGÍAS DE INFORMACIÓN Y COMUNICACIÓN  (PARA PERSONAS DE 5 AÑOS Y MÁS);P81_I1;P1080S2;2. Llamadas laborales ?;No aplica (NA);;No;NUMBER;22;1. Llamadas laborales ?;1. Pregunta de selección múltiple si tener información debe ser cuando P769>=1 y debe ser 1;;Recolectada/Acopiada;Publicación no anonimizada;Encuesta Nacional de Calidad de Vida (ECV)
CAP_I;DBF_ENCV_592_6;I. TECNOLOGÍAS DE INFORMACIÓN Y COMUNICACIÓN  (PARA PERSONAS DE 5 AÑOS Y MÁS);P82_I1;P1080S3;3. Mensajes de texto (SMS, mensajería instantánea, chat, etc.)?;No aplica (NA);;No;NUMBER;22;1. Mensajes de texto (SMS, mensajería instantánea, chat, etc.)?;1. Pregunta de selección múltiple si tener información debe ser cuando P769>=1 y debe ser 1;;Recolectada/Acopiada;Publicación no anonimizada;Encuesta Nacional de Calidad de Vida (ECV)
CAP_I;DBF_ENCV_592_6;I. TECNOLOGÍAS DE INFORMACIÓN Y COMUNICACIÓN  (PARA PERSONAS DE 5 AÑOS Y MÁS);P83_I1;P1080S4;4. Navegación en Internet?;No aplica (NA);;No;NUMBER;22;1. Navegación en Internet?;1. Pregunta de selección múltiple si tener información debe ser cuando P769>=1 y debe ser 1;;Recolectada/Acopiada;Publicación no anonimizada;Encuesta Nacional de Calidad de Vida (ECV)
CAP_I;DBF_ENCV_592_6;I. TECNOLOGÍAS DE INFORMACIÓN Y COMUNICACIÓN  (PARA PERSONAS DE 5 AÑOS Y MÁS);P84_I1;P1080S5;5. Venta de minutos?;No aplica (NA);;No;NUMBER;22;1. Venta de minutos?;1. Pregunta de selección múltiple si tener información debe ser cuando P769>=1 y debe ser 1;;Recolectada/Acopiada;Publicación no anonimizada;Encuesta Nacional de Calidad de Vida (ECV)
CAP_I;DBF_ENCV_592_6;I. TECNOLOGÍAS DE INFORMACIÓN Y COMUNICACIÓN  (PARA PERSONAS DE 5 AÑOS Y MÁS);P85_I1;P1080S6;6. Otras actividades?;No aplica (NA);;No;NUMBER;22;1. Otras actividades?;1. Pregunta de selección múltiple si tener información debe ser cuando P769>=1 y debe ser 1;;Recolectada/Acopiada;Publicación no anonimizada;Encuesta Nacional de Calidad de Vida (ECV)
CAP_I;DBF_ENCV_592_6;I. TECNOLOGÍAS DE INFORMACIÓN Y COMUNICACIÓN  (PARA PERSONAS DE 5 AÑOS Y MÁS);P86_I1;P804;14.¿Con que frecuencia escucha ... la señal de radio dentro del hogar? ;No aplica (NA);;No;NUMBER;22;"1. Todos los días de la semana
2. Al menos una vez a la semana, pero no cada día
3. Al menos una vez al mes, pero no cada semana
4. Al menos una vez al año, pero no cada mes
5. No escucha señal de radio  dentro del hogar";"1. Debe tener información cuando P6040>4
2. Debe tener valores entre 1 y 5";;Recolectada/Acopiada;Publicación no anonimizada;Encuesta Nacional de Calidad de Vida (ECV)
CAP_I;DBF_ENCV_592_6;I. TECNOLOGÍAS DE INFORMACIÓN Y COMUNICACIÓN  (PARA PERSONAS DE 5 AÑOS Y MÁS);P87_I1;P805;15. Para cuáles de los siguientes servicios o actividades escucha ... la señal de radio:;No aplica (NA);;No;NUMBER;22;;Pertenece al titulo de la pregunta, no guarda ningún dato;;Recolectada/Acopiada;Publicación no anonimizada;Encuesta Nacional de Calidad de Vida (ECV)
CAP_I;DBF_ENCV_592_6;I. TECNOLOGÍAS DE INFORMACIÓN Y COMUNICACIÓN  (PARA PERSONAS DE 5 AÑOS Y MÁS);P88_I1;P805S1;1. Entretenimiento (música, deportes, variedades, humor);No aplica (NA);;No;NUMBER;22;1. Entretenimiento (música, deportes, variedades, humor);1. Pregunta de selección múltiple si tener información debe ser cuando P804< 5 y debe ser 1;;Recolectada/Acopiada;Publicación no anonimizada;Encuesta Nacional de Calidad de Vida (ECV)
CAP_I;DBF_ENCV_592_6;I. TECNOLOGÍAS DE INFORMACIÓN Y COMUNICACIÓN  (PARA PERSONAS DE 5 AÑOS Y MÁS);P89_I1;P805S2;2. Noticias;No aplica (NA);;No;NUMBER;22;1. Noticias;1. Pregunta de selección múltiple si tener información debe ser cuando P804< 5 y debe ser 1;;Recolectada/Acopiada;Publicación no anonimizada;Encuesta Nacional de Calidad de Vida (ECV)
CAP_I;DBF_ENCV_592_6;I. TECNOLOGÍAS DE INFORMACIÓN Y COMUNICACIÓN  (PARA PERSONAS DE 5 AÑOS Y MÁS);P90_I1;P805S3;3. Información de interés comunitario;No aplica (NA);;No;NUMBER;22;1. Información de interés comunitario;1. Pregunta de selección múltiple si tener información debe ser cuando P804< 5 y debe ser 1;;Recolectada/Acopiada;Publicación no anonimizada;Encuesta Nacional de Calidad de Vida (ECV)
CAP_I;DBF_ENCV_592_6;I. TECNOLOGÍAS DE INFORMACIÓN Y COMUNICACIÓN  (PARA PERSONAS DE 5 AÑOS Y MÁS);P91_I1;P805S4;4. Educación y aprendizaje;No aplica (NA);;No;NUMBER;22;1. Educación y aprendizaje;1. Pregunta de selección múltiple si tener información debe ser cuando P804< 5 y debe ser 1;;Recolectada/Acopiada;Publicación no anonimizada;Encuesta Nacional de Calidad de Vida (ECV)
CAP_I;DBF_ENCV_592_6;I. TECNOLOGÍAS DE INFORMACIÓN Y COMUNICACIÓN  (PARA PERSONAS DE 5 AÑOS Y MÁS);P92_I1;P805S5;5. Otra;No aplica (NA);;No;NUMBER;22;1. Otra;1. Pregunta de selección múltiple si tener información debe ser cuando P804< 5 y debe ser 1;;Recolectada/Acopiada;Publicación no anonimizada;Encuesta Nacional de Calidad de Vida (ECV)
CAP_J;DBF_ENCV_592_7;J. TRABAJO INFANTIL (PARA PERSONAS DE 5 A 11 AÑOS);P01_J1;DIRECTORIO;DIRECTORIO;Llave Foránea (FK);DBF_ENCV_592_1;Si;NUMBER;22;;1. Siempre debe tener información;;Recolectada/Acopiada;Publicación no anonimizada;Encuesta Nacional de Calidad de Vida (ECV)
CAP_J;DBF_ENCV_592_7;J. TRABAJO INFANTIL (PARA PERSONAS DE 5 A 11 AÑOS);P02_J1;SECUENCIA_ENCUESTA;Número de persona dentro del hogar;Llave Foránea (FK);DBF_ENCV_592_1;Si;NUMBER;22;;1. Siempre debe tener información;;Recolectada/Acopiada;Publicación no anonimizada;Encuesta Nacional de Calidad de Vida (ECV)
CAP_J;DBF_ENCV_592_7;J. TRABAJO INFANTIL (PARA PERSONAS DE 5 A 11 AÑOS);P03_J1;SECUENCIA_P;Número de hogar dentro de la vivienda;Llave Foránea (FK);DBF_ENCV_592_1;Si;NUMBER;22;;1. Siempre debe tener información;;Recolectada/Acopiada;Publicación no anonimizada;Encuesta Nacional de Calidad de Vida (ECV)
CAP_J;DBF_ENCV_592_7;J. TRABAJO INFANTIL (PARA PERSONAS DE 5 A 11 AÑOS);P04_J1;ORDEN;Número de persona dentro del hogar;Llave Foránea (FK);DBF_ENCV_592_1;Si;NUMBER;22;;1. Siempre debe tener información;;Recolectada/Acopiada;Publicación no anonimizada;Encuesta Nacional de Calidad de Vida (ECV)
CAP_J;DBF_ENCV_592_7;J. TRABAJO INFANTIL (PARA PERSONAS DE 5 A 11 AÑOS);P05_J1;FEX_C;Factor de expansión ;No aplica (NA);;Sí;NUMBER;22;;;;Nueva;Publicación no anonimizada;Encuesta Nacional de Calidad de Vida (ECV)
CAP_J;DBF_ENCV_592_7;J. TRABAJO INFANTIL (PARA PERSONAS DE 5 A 11 AÑOS);P06_J1;P10000;1. Registre el número de orden de la persona que suministra  la información;No aplica (NA);;No;NUMBER;22;;"1. Debe tener información cuando P6040> 4 y P6040< 12 tabla DBF_ENCV_592_1
2. No puede ser mayor a P205 tabla DBF_ENCV_591_1";;Recolectada/Acopiada;Publicación no anonimizada;Encuesta Nacional de Calidad de Vida (ECV)
CAP_J;DBF_ENCV_592_7;J. TRABAJO INFANTIL (PARA PERSONAS DE 5 A 11 AÑOS);P07_J1;P400;2. ¿En que actividad ocupó ... la mayor parte del tiempo LA SEMANA PASADA?;No aplica (NA);;No;NUMBER;22;"1. Trabajando
2. Buscando trabajo
3. Estudiando
4. Oficios del hogar
5. Incapacitado permanente para trabajar
6. Otra actividad";"1. Debe tener información cuando P6040> 4 y P6040< 12 tabla DBF_ENCV_592_1
2. Debe aceptar valores de 1 a 6";;Recolectada/Acopiada;Publicación no anonimizada;Encuesta Nacional de Calidad de Vida (ECV)
CAP_J;DBF_ENCV_592_7;J. TRABAJO INFANTIL (PARA PERSONAS DE 5 A 11 AÑOS);P09_J1;P401;3. Además de lo anterior, ¿... realizó LA SEMANA PASADA alguna actividad paga por una hora o más?;No aplica (NA);;No;NUMBER;22;"1. Sí
2. No";"1. Debe tener informacion cuando (P400> 1 y P400< 5) ó P400=6
2. Debe aceptar valor 1 ó 2";;Recolectada/Acopiada;Publicación no anonimizada;Encuesta Nacional de Calidad de Vida (ECV)
CAP_J;DBF_ENCV_592_7;J. TRABAJO INFANTIL (PARA PERSONAS DE 5 A 11 AÑOS);P10_J1;P402;4. Aunque ... no trabajó LA SEMANA PASADA, por una HORA O  MÁS  en forma remunerada, ¿tenía durante esa semana algún trabajo o negocio por el que recibe ingresos?;No aplica (NA);;No;NUMBER;22;"1. Sí
2. No";"1. Debe tener información cuando P401=2
2. Debe aceptar valor 1 ó 2";;Recolectada/Acopiada;Publicación no anonimizada;Encuesta Nacional de Calidad de Vida (ECV)
CAP_J;DBF_ENCV_592_7;J. TRABAJO INFANTIL (PARA PERSONAS DE 5 A 11 AÑOS);P11_J1;P403;5. ¿... trabajó LA SEMANA PASADA en un negocio por UNA HORA O MÁS sin que le pagaran?;No aplica (NA);;No;NUMBER;22;"1. Sí
2. No";"1. Debe tener información cuando P402=2
2. Debe aceptar valor 1 ó 2";;Recolectada/Acopiada;Publicación no anonimizada;Encuesta Nacional de Calidad de Vida (ECV)
CAP_J;DBF_ENCV_592_7;J. TRABAJO INFANTIL (PARA PERSONAS DE 5 A 11 AÑOS);P13_J1;P407S2;¿A qué actividad se dedica principalmente la empresa o negocio en la que…realiza su trabajo? Código;No aplica (NA);;No;NUMBER;22;;"1. Debe tener información cuando P407 is not null
2. Debe tener un código de Actividad";;Recolectada/Acopiada;Publicación no anonimizada;Encuesta Nacional de Calidad de Vida (ECV)
CAP_J;DBF_ENCV_592_7;J. TRABAJO INFANTIL (PARA PERSONAS DE 5 A 11 AÑOS);P14_J1;P5971S2;7. Adicional a las actividades que me informó haber realizado la semana pasada, ¿realizó oficios en su hogar sin que le pagaran?;No aplica (NA);;No;NUMBER;22;"1. Sí
2. No";1. Debe tener información cuando P6040> 4 y P6040< 12 tabla DBF_ENCV_592_1;;Recolectada/Acopiada;Publicación no anonimizada;Encuesta Nacional de Calidad de Vida (ECV)
CAP_J;DBF_ENCV_592_7;J. TRABAJO INFANTIL (PARA PERSONAS DE 5 A 11 AÑOS);P15_J1;P5971S2A1;¿Cuántas horas a la semana?;No aplica (NA);;No;VARCHAR2;9;;"1. Debe tener información cuando P5971S2= 1
2. Debe aceptar valores entre 0 y 120";;Recolectada/Acopiada;Publicación no anonimizada;Encuesta Nacional de Calidad de Vida (ECV)